year,ring_index,soy_pixels,all_valid_pixels,cropland_pixels,soy_share_all_land,soy_share_cropland,distance_ring_miles
2014,1,65771508,293305714,159125899,0.22424216392865773,0.41333000104527295,0–25
2014,2,110994864,606087765,285698047,0.18313331898392637,0.38850410482504977,25–50
2014,3,81778067,649354781,236010485,0.12593742187292836,0.34650183867890444,50–75
2014,4,44740907,594424191,161534938,0.07526764165625958,0.2769735609766353,75–100
2014,5,23110954,532659059,111198625,0.04338789251681534,0.20783489004472852,100–125
2014,6,14386171,470187316,94019263,0.03059668032389032,0.15301301606671816,125–150
2015,1,65877628,293305714,159457440,0.22460397072250696,0.41313611958150087,0–25
2015,2,112071234,606087761,286166653,0.18490925112081252,0.3916292580743152,25–50
2015,3,83510776,649354781,238381869,0.12860577675488,0.35032352229774655,50–75
2015,4,48429114,594424200,164111338,0.08147231219724904,0.2950991356855551,75–100
2015,5,25429217,532659042,115666201,0.04774013955441312,0.21985002343078597,100–125
2015,6,16057754,470187316,100752774,0.03415182301514914,0.159377785469212,125–150
2016,1,66880386,293306091,160325081,0.22802249272075295,0.41715485551508935,0–25
2016,2,114302137,606091878,288563943,0.1885887951133376,0.3961067894057713,25–50
2016,3,86222151,649353505,240793663,0.13278152860667164,0.35807483438631854,50–75
2016,4,48758796,594423304,165299125,0.08202705996196946,0.2949731040621056,75–100
2016,5,25321646,532654436,116267269,0.0475385996785353,0.2177882581898436,100–125
2016,6,15208962,470182843,100965369,0.032346909774417267,0.15063543223419507,125–150
2017,1,72309965,293306091,161258269,0.24653414033600823,0.44841089668400197,0–25
2017,2,124616477,606091881,289940420,0.2056065770001628,0.4298002913840023,25–50
2017,3,94725737,649353505,242743815,0.14587699345674587,0.3902292505372382,50–75
2017,4,54911275,594423304,167156649,0.09237739272752335,0.328501889266756,75–100
2017,5,29366085,532654436,117851133,0.05513158816535229,0.24917948815986352,100–125
2017,6,18433813,470182843,102159459,0.039205626650226366,0.18044156831331692,125–150
2018,1,72311738,293306091,162191721,0.24654018521558763,0.4458411166375132,0–25
2018,2,124596665,606091869,292381607,0.2055738929571418,0.4261439913352689,25–50
2018,3,95014542,649353505,245036355,0.14632175120083474,0.38775691876415647,50–75
2018,4,55129367,594423300,169520764,0.09274429013802117,0.32520716459253335,75–100
2018,5,29705097,532654418,119522759,0.055768047717572856,0.24853088439834292,100–125
2018,6,18730093,470182843,103595797,0.03983576448790157,0.18079973842954267,125–150
2019,1,64582080,293306091,163616707,0.2201866309008905,0.3947156814493278,0–25
2019,2,109795505,606091869,295920098,0.18115323866850952,0.37103091591974263,25–50
2019,3,80980526,649353505,248103713,0.1247094616052007,0.3263978802284188,50–75
2019,4,44737959,594423300,171656982,0.07526279504857902,0.2606241731548094,75–100
2019,5,22237443,532654418,120200912,0.04174834986537181,0.18500228184624756,100–125
2019,6,14088741,470182843,103913837,0.029964387705231514,0.13558099100892598,125–150
2020,1,69121522,293306091,164103518,0.2356634387111995,0.42120682629119505,0–25
2020,2,118196300,606091869,297178673,0.19501383543556497,0.39772806980667824,25–50
2020,3,88604499,649353505,249150229,0.13645032839239082,0.35562680137050967,50–75
2020,4,49822977,594423300,171967012,0.08381733522222296,0.2897240373054804,75–100
2020,5,26500406,532654418,120266526,0.04975159334921728,0.2203473142643199,100–125
2020,6,16307419,470182843,104006728,0.03468314346808269,0.15679196253534675,125–150
2021,1,71552000,293306091,161257700,0.24394992874525745,0.4437121452184919,0–25
2021,2,122988749,606091869,291142469,0.20292096840520393,0.4224349316760105,25–50
2021,3,93511463,649353505,243461845,0.14400701972032937,0.38409083361707047,50–75
2021,4,53524333,594423300,167084095,0.09004413689705636,0.3203436748423002,75–100
2021,5,28375714,532654418,115654398,0.05327227756139629,0.24534919977708067,100–125
2021,6,17872196,470182843,100276327,0.03801116154295745,0.1782294638693737,125–150
2022,1,71221363,293306091,160444356,0.24282265246240659,0.4439007066100848,0–25
2022,2,121765436,606091869,289905847,0.20090260607010388,0.4200171788877373,25–50
2022,3,91963319,649353505,242401748,0.1416228884450235,0.37938389371680603,50–75
2022,4,53024504,594423300,166288300,0.08920327315567879,0.3188709247734206,75–100
2022,5,28972392,532654418,115423367,0.054392474784654844,0.25100976304044226,100–125
2022,6,18557458,470182843,99889965,0.03946859881486573,0.18577900192476793,125–150
2023,1,68719654,293306091,159876896,0.23429330691942568,0.4298285475845115,0–25
2023,2,116576159,606091869,288453698,0.1923407406740842,0.4041416692116736,25–50
2023,3,87551519,649353505,240864744,0.1348287463236223,0.36348831109961033,50–75
2023,4,50731099,594423300,165130970,0.08534507143310163,0.30721734996166983,75–100
2023,5,26474676,532654418,114581478,0.04970328810827586,0.23105545906817504,100–125
2023,6,16330761,470182843,99541760,0.03473278798477979,0.1640593957752003,125–150
2024,1,69659136,293305156,154746971,0.23749714103218833,0.4501486235875984,0–25
2024,2,118474601,606093546,275134061,0.19547246754546369,0.4306068124367924,25–50
2024,3,88878949,649354822,222872395,0.1368727019324421,0.3987885040675405,50–75
2024,4,49958598,594428518,145077312,0.08404475304800231,0.3443584479977131,75–100
2024,5,25388363,532664347,95411808,0.047662966637412284,0.2660924631047763,100–125
2024,6,15472189,470189615,79241685,0.03290627548207333,0.1952531549524723,125–150
