exposure_group,ring_index,year,mean_change_pp,hubs,mean_share
Low exposure,1,2014,0.0,19,0.23012352155067595
Low exposure,1,2015,1.0698877405975988,19,0.24082239895665197
Low exposure,1,2016,1.4983788737774393,19,0.24510731028845034
Low exposure,1,2017,3.196746930374053,19,0.26209099085441645
Low exposure,1,2018,3.45685380011905,19,0.2646920595518665
Low exposure,1,2019,0.6353712161184178,19,0.23647723371186014
Low exposure,1,2020,2.4185688479408416,19,0.2543092100300844
Low exposure,1,2021,2.776425588676942,19,0.2578877774374454
Low exposure,1,2022,3.01534957406396,19,0.2602770172913155
Low exposure,1,2023,1.7846466728313513,19,0.2479699882789895
Low exposure,1,2024,2.627930781944629,19,0.2564028293701222
Low exposure,2,2014,0.0,19,0.1940736024777613
Low exposure,2,2015,1.170566491327554,19,0.20577926739103683
Low exposure,2,2016,1.5974893724766395,19,0.2100484962025277
Low exposure,2,2017,3.0921755347281406,19,0.22499535782504268
Low exposure,2,2018,3.334198700353943,19,0.22741558948130072
Low exposure,2,2019,0.9170170517006099,19,0.2032437729947674
Low exposure,2,2020,2.3827037781160483,19,0.21790064025892178
Low exposure,2,2021,2.771466053307652,19,0.22178826301083782
Low exposure,2,2022,3.048986491281476,19,0.22456346739057606
Low exposure,2,2023,1.744821048928607,19,0.2115218129670474
Low exposure,2,2024,2.292677528688548,19,0.21700037776464676
Low exposure,3,2014,0.0,19,0.1497073968717796
Low exposure,3,2015,0.9400180601326111,19,0.1591075774731057
Low exposure,3,2016,1.4034951734144037,19,0.16374234860592365
Low exposure,3,2017,2.218428831798232,19,0.17189168518976192
Low exposure,3,2018,2.7514613953014515,19,0.1772220108247941
Low exposure,3,2019,0.3373716597530939,19,0.15308111346931055
Low exposure,3,2020,2.1312984747595074,19,0.17102038161937466
Low exposure,3,2021,2.282984954229141,19,0.172537246414071
Low exposure,3,2022,2.792484085833787,19,0.17763223773011746
Low exposure,3,2023,1.4519826799246995,19,0.16422722367102657
Low exposure,3,2024,2.2526185767976803,19,0.17223358263975638
Low exposure,4,2014,0.0,19,0.10711999591560209
Low exposure,4,2015,0.8130746642951252,19,0.11525074255855335
Low exposure,4,2016,1.1919594171025722,19,0.11903959008662783
Low exposure,4,2017,1.708077106459151,19,0.1242007669801936
Low exposure,4,2018,2.0246631831366946,19,0.12736662774696905
Low exposure,4,2019,0.6811746938040466,19,0.11393174285364256
Low exposure,4,2020,1.7401861460255204,19,0.12452185737585732
Low exposure,4,2021,1.6724294333262673,19,0.12384429024886477
Low exposure,4,2022,2.1198271014080774,19,0.12831826692968287
Low exposure,4,2023,1.0347550380605604,19,0.1174675462962077
Low exposure,4,2024,1.412324310171612,19,0.12124323901731822
Low exposure,5,2014,0.0,17,0.05036827430736572
Low exposure,5,2015,0.7839949008340582,17,0.0582082233157063
Low exposure,5,2016,0.6944870425894284,17,0.057313144733260005
Low exposure,5,2017,1.4096861453309013,17,0.06446513576067474
Low exposure,5,2018,1.5255176408176285,17,0.065623450715542
Low exposure,5,2019,1.0671867544806137,17,0.06104014185217186
Low exposure,5,2020,1.3827960751244737,17,0.06419623505861045
Low exposure,5,2021,1.301567086052603,17,0.06338394516789175
Low exposure,5,2022,1.4350586993319128,17,0.06471886130068484
Low exposure,5,2023,0.906828181350815,17,0.05943655612087387
Low exposure,5,2024,0.8290787724951085,17,0.0586590620323168
Low exposure,6,2014,0.0,12,0.038468406609592276
Low exposure,6,2015,0.274168497271151,12,0.041210091582303786
Low exposure,6,2016,0.10455362914671174,12,0.03951394290105939
Low exposure,6,2017,0.638572665661126,12,0.04485413326620353
Low exposure,6,2018,0.7778467019036025,12,0.0462468736286283
Low exposure,6,2019,0.03910248255968849,12,0.038859431435189155
Low exposure,6,2020,0.362321292521147,12,0.04209161953480375
Low exposure,6,2021,0.5387098608517626,12,0.0438555052181099
Low exposure,6,2022,0.7465634309067476,12,0.04593404091865975
Low exposure,6,2023,0.5009528467921017,12,0.04347793507751329
Low exposure,6,2024,0.255433198399215,12,0.04102273859358443
Medium exposure,1,2014,0.0,18,0.2187593771520391
Medium exposure,1,2015,0.15750192020915263,18,0.22033439635413063
Medium exposure,1,2016,0.3245800769201293,18,0.2220051779212404
Medium exposure,1,2017,2.121954440780011,18,0.23997892155983921
Medium exposure,1,2018,1.8114289272414839,18,0.23687366642445395
Medium exposure,1,2019,-0.3634825384867445,18,0.21512455176717166
Medium exposure,1,2020,0.9614280781046732,18,0.22837365793308584
Medium exposure,1,2021,2.0741583887119805,18,0.2395009610391589
Medium exposure,1,2022,2.0195555368087454,18,0.23895493252012656
Medium exposure,1,2023,1.255487347925369,18,0.2313142506312928
Medium exposure,1,2024,1.58514373369137,18,0.23461081448895282
Medium exposure,2,2014,0.0,18,0.20642259881730662
Medium exposure,2,2015,0.393188629697805,18,0.21035448511428467
Medium exposure,2,2016,0.26376497913472474,18,0.20906024860865385
Medium exposure,2,2017,1.9109663423697976,18,0.22553226224100462
Medium exposure,2,2018,1.7926893155500363,18,0.22434949197280696
Medium exposure,2,2019,-0.21692593925333842,18,0.20425333942477322
Medium exposure,2,2020,1.0297097254146215,18,0.21671969607145283
Medium exposure,2,2021,1.9401371764204158,18,0.22582397058151077
Medium exposure,2,2022,1.9637546725679291,18,0.2260601455429859
Medium exposure,2,2023,1.1922892091100907,18,0.21834549090840752
Medium exposure,2,2024,1.835215210141348,18,0.22477475091872007
Medium exposure,3,2014,0.0,16,0.16952173050769326
Medium exposure,3,2015,0.1469391054040017,16,0.17099112156173327
Medium exposure,3,2016,0.3196431682428905,16,0.17271816219012215
Medium exposure,3,2017,1.2451680643673773,16,0.18197341115136703
Medium exposure,3,2018,1.1640143986591107,16,0.18116187449428436
Medium exposure,3,2019,-0.7602613022648224,16,0.16191911748504503
Medium exposure,3,2020,0.34028643104576994,16,0.17292459481815095
Medium exposure,3,2021,1.0243098697567665,16,0.1797648292052609
Medium exposure,3,2022,1.2790539996341477,16,0.18231227050403473
Medium exposure,3,2023,0.7240986598988872,16,0.17676271710668212
Medium exposure,3,2024,1.2048490805936651,16,0.1815702213136299
Medium exposure,4,2014,0.0,13,0.08990741534068228
Medium exposure,4,2015,0.298486060541394,13,0.09289227594609623
Medium exposure,4,2016,0.4178347761507961,13,0.09408576310219025
Medium exposure,4,2017,1.1451734901325243,13,0.10135915024200753
Medium exposure,4,2018,1.3407208153415993,13,0.10331462349409827
Medium exposure,4,2019,-0.2100126441880868,13,0.08780728889880142
Medium exposure,4,2020,0.6605347355076912,13,0.0965127626957592
Medium exposure,4,2021,1.136207128201583,13,0.10126948662269811
Medium exposure,4,2022,1.1670272746508081,13,0.10157768808719037
Medium exposure,4,2023,0.6672057641263994,13,0.09657947298194627
Medium exposure,4,2024,1.0152029375774234,13,0.10005944471645652
Medium exposure,5,2014,0.0,11,0.0381474879942931
Medium exposure,5,2015,0.8715946247207902,11,0.046863434241500995
Medium exposure,5,2016,1.0031914135770643,11,0.04817940213006375
Medium exposure,5,2017,1.5610319190489799,11,0.053757807184782895
Medium exposure,5,2018,1.560808377224731,11,0.053755571766540416
Medium exposure,5,2019,0.4861444163024753,11,0.04300893215731785
Medium exposure,5,2020,0.9204654972439928,11,0.04735214296673303
Medium exposure,5,2021,1.1290738992539555,11,0.04943822698683265
Medium exposure,5,2022,1.1052876214887573,11,0.049200364209180676
Medium exposure,5,2023,0.9886063764839345,11,0.048033551759132445
Medium exposure,5,2024,0.8038328043247589,11,0.04618581603754069
Medium exposure,6,2014,0.0,9,0.019745456561801062
Medium exposure,6,2015,0.30094333244592364,9,0.0227548898862603
Medium exposure,6,2016,0.17844302739627174,9,0.02152988683576378
Medium exposure,6,2017,0.4222241860811407,9,0.02396769842261247
Medium exposure,6,2018,0.524600076545696,9,0.024991457327258024
Medium exposure,6,2019,0.0059721282191103715,9,0.019805177843992168
Medium exposure,6,2020,0.17554864028618813,9,0.021500942964662942
Medium exposure,6,2021,0.37242092102838587,9,0.02346966577208492
Medium exposure,6,2022,0.41858058464198716,9,0.023931262408220935
Medium exposure,6,2023,0.40538411960897713,9,0.023799297757890837
Medium exposure,6,2024,0.2561111227433182,9,0.022306567789234247
High exposure,1,2014,0.0,20,0.23454934248958947
High exposure,1,2015,-0.9673306747414616,20,0.2248760357421749
High exposure,1,2016,-0.7141065587223088,20,0.22740827690236642
High exposure,1,2017,1.3157140931132119,20,0.2477064834207216
High exposure,1,2018,1.34439890295233,20,0.2479933315191128
High exposure,1,2019,-1.5735665472043117,20,0.2188136770175464
High exposure,1,2020,-0.008776150021153662,20,0.23446158098937797
High exposure,1,2021,1.074775111237924,20,0.24529709360196872
High exposure,1,2022,0.5744335121745843,20,0.2402936776113353
High exposure,1,2023,0.022719009338809527,20,0.2347765325829776
High exposure,1,2024,-0.12412401213007422,20,0.23330810236828875
High exposure,2,2014,0.0,20,0.23217667985721718
High exposure,2,2015,-0.708925300774336,20,0.2250874268494738
High exposure,2,2016,-0.585462466101222,20,0.22632205519620494
High exposure,2,2017,1.655796624355571,20,0.24873464610077284
High exposure,2,2018,1.6430106654692351,20,0.24860678651190954
High exposure,2,2019,-1.6409714600490464,20,0.21576696525672673
High exposure,2,2020,0.11841456225857598,20,0.2333608254798029
High exposure,2,2021,1.4829357319598233,20,0.2470060371768154
High exposure,2,2022,0.7156997606734669,20,0.23933367746395184
High exposure,2,2023,0.17741677607190645,20,0.23395084761793622
High exposure,2,2024,0.15922204601741408,20,0.23376890031739128
High exposure,3,2014,0.0,19,0.19482922085844698
High exposure,3,2015,-1.1735492281896034,19,0.18309372857655096
High exposure,3,2016,-0.38031762087227944,19,0.1910260446497242
High exposure,3,2017,1.8656115585866497,19,0.21348533644431347
High exposure,3,2018,1.7766358091877041,19,0.21259557895032402
High exposure,3,2019,-2.8606692527944704,19,0.16622252833050224
High exposure,3,2020,0.3046975752074889,19,0.19787619661052186
High exposure,3,2021,1.330180779499621,19,0.20813102865344318
High exposure,3,2022,0.9063737626524707,19,0.20389295848497166
High exposure,3,2023,0.02049450214868259,19,0.1950341658799338
High exposure,3,2024,0.1464226068788924,19,0.19629344692723588
High exposure,4,2014,0.0,17,0.13456965756816794
High exposure,4,2015,-0.7617609491508979,17,0.12695204807665894
High exposure,4,2016,0.33382789472314495,17,0.13790793651539937
High exposure,4,2017,2.049509321278655,17,0.15506475078095447
High exposure,4,2018,1.7109180925245937,17,0.15167883849341388
High exposure,4,2019,-1.58856838322023,17,0.11868397373596562
High exposure,4,2020,0.381872290337288,17,0.13838838047154078
High exposure,4,2021,1.3809391678371876,17,0.1483790492465398
High exposure,4,2022,1.48067601400268,17,0.1493764177081947
High exposure,4,2023,0.715618861993818,17,0.1417258461881061
High exposure,4,2024,0.518531695931451,17,0.13975497452748242
High exposure,5,2014,0.0,13,0.07292077348307208
High exposure,5,2015,0.03798513179720687,13,0.07330062480104414
High exposure,5,2016,0.23027422312057752,13,0.07522351571427785
High exposure,5,2017,1.773290394347556,13,0.09065367742654763
High exposure,5,2018,1.6811637682666285,13,0.08973241116573837
High exposure,5,2019,-0.9635955230732208,13,0.06328481825233986
High exposure,5,2020,0.6336632727133875,13,0.07925740621020595
High exposure,5,2021,1.6256392411473983,13,0.08917716589454606
High exposure,5,2022,1.5372137373869021,13,0.0882929108569411
High exposure,5,2023,0.7768088003118392,13,0.08068886148619048
High exposure,5,2024,0.614630049817016,13,0.07906707398124224
High exposure,6,2014,0.0,13,0.0421633498155143
High exposure,6,2015,0.14675338407235317,13,0.04363088365623783
High exposure,6,2016,0.26440838133131006,13,0.0448074336288274
High exposure,6,2017,1.326795177916514,13,0.05543130159467943
High exposure,6,2018,1.40122505711294,13,0.0561756003866437
High exposure,6,2019,0.025316135565708546,13,0.04241651117117139
High exposure,6,2020,0.8937974095900864,13,0.05110132391141516
High exposure,6,2021,1.5236281140792847,13,0.057399630956307145
High exposure,6,2022,1.506888473732227,13,0.057232234552836575
High exposure,6,2023,0.8248076742868148,13,0.05041142655838245
High exposure,6,2024,0.8925409945520293,13,0.051088759761034594
