hub_id,year,excess_cutoff_100mi,excess_cutoff_250mi,excess_cutoff_500mi,exp150_sum1,exp_150mi,exp_300mi,exp_50mi,inverse_1,inverse_2,nearest_only
1,2014,0.0,0.0,0.0,0.0,0.0,0.0,0.0,0.0,0.0,0.0
1,2015,0.0,0.0,0.0,0.0,0.0,0.0,0.0,0.0,0.0,0.0
1,2016,0.0,0.0,0.0,0.0,0.0,0.0,0.0,0.0,0.0,0.0
1,2017,0.0,0.0,0.0,0.012717885696577108,0.0185244268338673,0.23177756107573305,7.558547421456398e-07,0.02770360952179134,0.00026465171742616814,0.0
1,2018,0.0,0.0,0.0,0.017247479561540775,0.02560536326620866,0.3116076480674633,1.1941704835933463e-06,0.08698105224985478,0.004168890846735991,0.0
1,2019,0.0,0.0,0.0,0.017247479561540775,0.02560536326620866,0.3116076480674633,1.1941704835933463e-06,0.08698105224985478,0.004168890846735991,0.0
1,2020,0.0,0.0,0.0,0.03084146839090127,0.07843387941840024,0.5959096524797662,6.417703016945864e-05,0.7722938446232285,0.3111320433896058,0.0
1,2021,0.0,0.0,0.0,0.033405931176530235,0.08222288482686954,0.6423436116991674,6.434823251464923e-05,0.7833701224848592,0.3116087395673725,0.0
1,2022,0.0,0.0,0.0,0.07347506062141562,0.17149292602868377,1.4936991652071963,0.0001155069157276047,2.065481645788104,1.0231617021396429,0.0
1,2023,0.0,0.0,0.25,0.08186053482023034,0.20814864891832785,1.669045355870485,0.0002040414019561273,2.5845718932039214,1.3724778153630124,0.0
1,2024,0.0,1.21,3.79,0.3126359278338354,1.0759750929797394,5.668835249954575,0.014938938444906862,13.693037712764097,8.095455353526637,0.0
3,2014,0.0,0.0,0.0,0.0,0.0,0.0,0.0,0.0,0.0,0.0
3,2015,0.0,0.0,0.0,0.0,0.0,0.0,0.0,0.0,0.0,0.0
3,2016,0.0,0.0,0.0,0.0,0.0,0.0,0.0,0.0,0.0,0.0
3,2017,0.0,0.0,0.0,0.011524227624448017,0.01678578629648917,0.2206326817582078,5.623789717445707e-07,0.027178599563025554,0.00025471595662320446,0.0
3,2018,0.0,0.0,0.0,0.01562870601255852,0.023202156377466063,0.29662434625425105,8.885032990836693e-07,0.08535068016222108,0.004014705913555759,0.0
3,2019,0.0,0.0,0.0,0.01562870601255852,0.023202156377466063,0.29662434625425105,8.885032990836693e-07,0.08535068016222108,0.004014705913555759,0.0
3,2020,0.0,0.0,0.0,0.02781616183502538,0.07056464981873811,0.5658168702313227,4.627438876120505e-05,0.7586026824557057,0.30026846969929843,0.0
3,2021,0.0,0.0,0.0,0.030139934638739388,0.07399803484820106,0.6100180990005082,4.640176897575536e-05,0.7694710544821144,0.3007275279127705,0.0
3,2022,0.0,0.0,0.0,0.06774752405801705,0.15910207418573888,1.4546820837220347,8.357497746223823e-05,2.0676366799852453,1.0102354416201245,0.0
3,2023,0.0,0.0,0.25,0.07529901089103816,0.19211844659964677,1.6210328946561283,0.00014886960371352423,2.581129496862535,1.3529496792766185,0.0
3,2024,0.0,0.0,2.87,0.23931575624818552,0.8097584130625022,5.059823386844981,0.0035927040699081196,13.287929854087011,7.687318478861794,0.0
5,2014,0.0,0.0,0.0,0.0,0.0,0.0,0.0,0.0,0.0,0.0
5,2015,0.0,0.0,0.0,0.0,0.0,0.0,0.0,0.0,0.0,0.0
5,2016,0.0,0.0,0.0,0.0,0.0,0.0,0.0,0.0,0.0,0.0
5,2017,0.0,0.0,0.0,0.013303699664547874,0.01937770294019782,0.23705555999928304,8.651887942068887e-07,0.02795030750629921,0.00026938609989540893,0.0
5,2018,0.0,0.0,0.0,0.018041936649809798,0.026784802979237972,0.3187035240592407,1.3669067125843454e-06,0.08774693684832963,0.004242315967304491,0.0
5,2019,0.0,0.0,0.0,0.018041936649809798,0.026784802979237972,0.3187035240592407,1.3669067125843454e-06,0.08774693684832963,0.004242315967304491,0.0
5,2020,0.0,0.0,0.0,0.023263229577216746,0.047075621311756626,0.4948993016725352,4.935654251232972e-06,0.6800928832513966,0.23357154486936013,0.0
5,2021,0.0,0.0,0.0,0.025945817195542308,0.0510391566968238,0.5423906470583914,5.131620939462465e-06,0.6912668306017236,0.23405664064782924,0.0
5,2022,0.0,0.0,0.0,0.06111871361704123,0.11610209720427088,1.3156042370998786,9.915005361760692e-06,1.9079830804508697,0.8565566361681684,0.0
5,2023,0.0,0.0,0.25,0.06665406522122805,0.14073210845354395,1.4500099288906687,8.438359120151424e-05,2.3972081195202697,1.1626507127012007,0.0
5,2024,0.0,0.0,1.46,0.1735742969329121,0.5019091655489683,4.124552444205216,0.0007773823620218965,12.484696201639242,6.7459647012935555,0.0
6,2014,0.0,0.0,0.0,0.0,0.0,0.0,0.0,0.0,0.0,0.0
6,2015,0.0,0.0,0.0,0.0,0.0,0.0,0.0,0.0,0.0,0.0
6,2016,0.0,0.0,0.0,0.0,0.0,0.0,0.0,0.0,0.0,0.0
6,2017,0.0,0.0,0.0,0.05558311217558254,0.08096041427486143,0.4845463872500735,6.30989553981292e-05,0.03896814039832211,0.0005236261952080495,0.0
6,2018,0.0,0.0,0.0,0.07537963911892534,0.11190754839900827,0.6514368324880563,9.969012508781176e-05,0.12179980858281882,0.00814705425545979,0.0
6,2019,0.0,0.0,0.0,0.07537963911892534,0.11190754839900827,0.6514368324880563,9.969012508781176e-05,0.12179980858281882,0.00814705425545979,0.0
6,2020,0.0,0.0,0.0,0.07798644749879322,0.1220380421290077,0.7759344445410558,0.00010013425392694809,0.6610436119986521,0.1982018774726976,0.0
6,2021,0.0,0.0,0.0,0.08919435909413452,0.13859778317662033,0.8730077590720121,0.00011442632187461728,0.6765626568883052,0.1991337885907229,0.0
6,2022,0.0,0.0,0.0,0.21507835978334586,0.327882747720305,2.097776786163718,0.00025511599707966887,1.8176113024836653,0.7502405292492501,0.0
6,2023,0.0,0.25,0.25,0.23129726397582243,0.4015151721405584,2.280093210658709,0.005584346389237612,2.33152902307419,1.0649362642400066,0.0
6,2024,0.0,0.25,8.24,0.4811172558771465,1.0708303193227426,5.702567512950324,0.009388216407979781,12.723022204989945,6.723815628017394,0.0
7,2014,0.0,0.0,0.0,0.0,0.0,0.0,0.0,0.0,0.0,0.0
7,2015,0.0,0.0,0.0,0.0,0.0,0.0,0.0,0.0,0.0,0.0
7,2016,0.0,0.0,0.0,0.0,0.0,0.0,0.0,0.0,0.0,0.0
7,2017,0.0,0.0,0.0,0.025497080436282432,0.0371381542724718,0.32817776797060494,6.090668352778917e-06,0.03207649158496678,0.0003547935560001534,0.0
7,2018,0.0,0.0,0.0,0.03457810395497576,0.051334162169303414,0.4412105380293293,9.622611285864314e-06,0.1005345852901446,0.005562027549052272,0.0
7,2019,0.0,0.0,0.0,0.03457810395497576,0.051334162169303414,0.4412105380293293,9.622611285864314e-06,0.1005345852901446,0.005562027549052272,0.0
7,2020,0.0,0.0,0.0,0.036833016120581666,0.06009712830512958,0.5570005988627792,9.910066730210613e-06,0.6298715005862416,0.18869769414721402,0.0
7,2021,0.0,0.0,0.0,0.041974304183788,0.06769340476004787,0.622747226896724,1.1289613153130248e-05,0.6426765592509706,0.1893337767265907,0.0
7,2022,0.0,0.0,0.0,0.10083984399087201,0.15893592832826692,1.5017587208261212,2.5063057194208175e-05,1.7715131735007716,0.7330882270950171,0.0
7,2023,0.0,0.0,0.25,0.10866065307029238,0.19432653650182222,1.6375802573524445,0.000539560064686513,2.252491444752016,1.0180362799515437,0.0
7,2024,0.0,0.0,1.46,0.2297086762084527,0.5290406308767653,4.152462392337633,0.0009448609107369447,12.038747437824227,6.163370669645074,0.0
8,2014,0.0,0.0,0.0,0.0,0.0,0.0,0.0,0.0,0.0,0.0
8,2015,0.0,0.0,0.0,0.0,0.0,0.0,0.0,0.0,0.0,0.0
8,2016,0.0,0.0,0.0,0.0,0.0,0.0,0.0,0.0,0.0,0.0
8,2017,0.0,0.0,0.0,0.010078883730034316,0.014680549006217767,0.2063336911850111,3.7621048534444724e-07,0.026495863879590097,0.00024207958714681622,0.0
8,2018,0.0,0.0,0.0,0.013668587248076885,0.020292191722979407,0.2774004094509158,5.943754552939272e-07,0.08322942174638967,0.003818409129619589,0.0
8,2019,0.0,0.0,0.0,0.013668587248076885,0.020292191722979407,0.2774004094509158,5.943754552939272e-07,0.08322942174638967,0.003818409129619589,0.0
8,2020,0.0,0.0,0.0,0.018427818655996686,0.03878736164413465,0.44561934411454845,3.297039819952679e-06,0.6678951207688527,0.22723931083774065,0.0
8,2021,0.0,0.0,0.0,0.020460148862141078,0.041790138892215486,0.4869559340258021,3.3822524163458016e-06,0.6784930066701701,0.22767591437516602,0.0
8,2022,0.0,0.0,0.0,0.04882566394871413,0.09730568637697902,1.2044848593908568,6.497112818467934e-06,1.9026022301293284,0.8482929827292125,0.0
8,2023,0.0,0.0,0.25,0.05330825967574262,0.11719008177908952,1.3272985553473946,3.933004012941704e-05,2.383950862085985,1.1475893418063594,0.0
8,2024,0.0,0.0,1.46,0.14041981330970735,0.4145703962404965,3.7767448649647735,0.0003691416342490986,12.31464792346143,6.589500137925905,0.0
9,2014,0.0,0.0,0.0,0.0,0.0,0.0,0.0,0.0,0.0,0.0
9,2015,0.0,0.0,0.0,0.0,0.0,0.0,0.0,0.0,0.0,0.0
9,2016,0.0,0.0,0.0,0.0,0.0,0.0,0.0,0.0,0.0,0.0
9,2017,0.0,0.0,0.0,0.022224317388729733,0.03237116225309146,0.3063925105709427,4.033470471994622e-06,0.031106723043009755,0.0003336649029222462,0.0
9,2018,0.0,0.0,0.0,0.031133457006740244,0.04629847078950312,0.41835043875278466,7.36862968848562e-06,0.09927476405855223,0.005496866920585226,0.0
9,2019,0.0,0.0,0.0,0.031133457006740244,0.04629847078950312,0.41835043875278466,7.36862968848562e-06,0.09927476405855223,0.005496866920585226,0.0
9,2020,0.0,0.0,0.0,0.03277305512422605,0.05267022353404149,0.517086357744526,7.4791377300649475e-06,0.6080712822148459,0.17469549233755752,0.0
9,2021,0.0,0.0,0.0,0.03736483165474548,0.059464063039258754,0.5791828447729717,8.503411363182233e-06,0.6206869434185625,0.1753232581762772,0.0
9,2022,0.0,0.0,0.0,0.08835481219414748,0.1377193561401918,1.3872655953295139,1.7561621528055388e-05,1.719593487813847,0.6946159317925218,0.0
9,2023,0.0,0.0,0.25,0.09582164702075277,0.17156741143032753,1.515539478899153,0.0005033300969310788,2.1917495830874905,0.96857250672756,0.0
9,2024,0.0,0.0,1.46,0.19683281992342194,0.4360276967450228,3.753614258888996,0.0006702602257097878,11.683436371451398,5.830560067206534,0.0
10,2014,0.0,0.0,0.0,0.0,0.0,0.0,0.0,0.0,0.0,0.0
10,2015,0.0,0.0,0.0,0.0,0.0,0.0,0.0,0.0,0.0,0.0
10,2016,0.0,0.0,0.0,0.0,0.0,0.0,0.0,0.0,0.0,0.0
10,2017,0.0,0.0,0.0,0.0062808967103335335,0.009148534146125075,0.16288262345555068,9.104551238124757e-08,0.02433823335356681,0.00020425848371471444,0.0
10,2018,0.0,0.0,0.0,0.008517906048020331,0.01264556310521947,0.21898365787725235,1.4384292831319327e-07,0.0765180612452398,0.0032295189712753984,0.0
10,2019,0.0,0.0,0.0,0.008517906048020331,0.01264556310521947,0.21898365787725235,1.4384292831319327e-07,0.0765180612452398,0.0032295189712753984,0.0
10,2020,0.0,0.0,0.0,0.010440954340373333,0.020118850677340726,0.32591414925059975,3.2214328872811006e-07,0.5953899808462078,0.17919557710878736,0.0
10,2021,0.0,0.0,0.0,0.011707449365814044,0.021990102915635086,0.3585458158038532,3.4276532028272e-07,0.6051322118029678,0.17956482112411454,0.0
10,2022,0.0,0.0,0.0,0.02867709194515472,0.05355005375558504,0.9060461344395705,7.266678532548314e-07,1.752387568528712,0.7261392733135439,0.0
10,2023,0.0,0.0,0.0,0.03109550005882291,0.06435230511500857,0.992854260852077,8.485887291843485e-06,2.2013160475942124,0.9883112673867093,0.0
10,2024,0.0,0.0,0.0,0.07459342774633049,0.20576601270778522,2.6939448104881016,4.406743467476048e-05,11.421182759182095,5.722756170137677,0.0
11,2014,0.0,0.0,0.0,0.0,0.0,0.0,0.0,0.0,0.0,0.0
11,2015,0.0,0.0,0.0,0.0,0.0,0.0,0.0,0.0,0.0,0.0
11,2016,0.0,0.0,0.0,0.0,0.0,0.0,0.0,0.0,0.0,0.0
11,2017,0.0,0.0,0.0,0.005700736759076136,0.008303493482494944,0.1551777403471108,6.80748278192535e-08,0.02393874402520621,0.00019760809155322274,0.0
11,2018,0.0,0.0,0.0,0.007731115851406484,0.011477505483339406,0.20862501156613578,1.0755151266472192e-07,0.07527416992003216,0.003125748038001186,0.0
11,2019,0.0,0.0,0.0,0.007731115851406484,0.011477505483339406,0.20862501156613578,1.0755151266472192e-07,0.07527416992003216,0.003125748038001186,0.0
11,2020,0.0,0.0,0.0,0.009424830307340322,0.018059563377873553,0.30897713450649633,2.29366922926141e-07,0.5860906104518167,0.17367047739588498,0.0
11,2021,0.0,0.0,0.0,0.010574340493495498,0.019757969976854493,0.34006521604685847,2.447860381647349e-07,0.5956742741423001,0.1740278524177995,0.0
11,2022,0.0,0.0,0.0,0.025895853818293724,0.0481013009865682,0.8590336451979873,5.20130188321703e-07,1.7297628456607115,0.7103240044161933,0.0
11,2023,0.0,0.0,0.0,0.02807227475816878,0.057826934074555206,0.9411392159673259,6.317125700618667e-06,2.1740963817633947,0.9676552468685565,0.0
11,2024,0.0,0.0,0.0,0.06851667544833563,0.18693326207650382,2.568987922092075,3.2924626468330416e-05,11.301778981483748,5.612829483114341,0.0
12,2014,0.0,0.0,0.0,0.0,0.0,0.0,0.0,0.0,0.0,0.0
12,2015,0.0,0.0,0.0,0.0,0.0,0.0,0.0,0.0,0.0,0.0
12,2016,0.0,0.0,0.0,0.0,0.0,0.0,0.0,0.0,0.0,0.0
12,2017,0.0,0.0,0.0,0.008345441940772781,0.012155678413569992,0.18775374137245038,2.1357067007282733e-07,0.025590538189236213,0.0002258191878671576,0.0
12,2018,0.0,0.0,0.0,0.012536184887290152,0.018706902495292478,0.2645398187143112,5.606928342002598e-07,0.08399245568679489,0.004015579151635657,0.0
12,2019,0.0,0.0,0.0,0.012536184887290152,0.018706902495292478,0.2645398187143112,5.606928342002598e-07,0.08399245568679489,0.004015579151635657,0.0
12,2020,0.0,0.0,1.53,0.046828450091819775,0.15197238542256916,0.7160884748730173,0.0010116049592300428,0.8919208518086253,0.43064845056339607,0.0
12,2021,0.0,0.0,1.53,0.04864662533911362,0.15467035743507476,0.7550493158805599,0.0010116781415369538,0.9025573858041575,0.4311061332859864,0.0
12,2022,0.0,0.0,2.73,0.09693138398752585,0.30296577191185037,1.7060608393597245,0.0018064010093025871,2.3011216338801876,1.267793295513847,0.0
12,2023,0.0,0.0,3.58,0.11131641346070158,0.36452928195044254,1.9320277032110005,0.002215473058409889,2.845498383107399,1.664633495284331,0.0
12,2024,0.0,1.21,21.64,0.5868576557141498,2.2514869045422583,7.701256097661338,0.1453102756422241,15.097991373846233,9.830366464888698,0.0
13,2014,0.0,0.0,0.0,0.0,0.0,0.0,0.0,0.0,0.0,0.0
13,2015,0.0,0.0,0.0,0.0,0.0,0.0,0.0,0.0,0.0,0.0
13,2016,0.0,0.0,0.0,0.0,0.0,0.0,0.0,0.0,0.0,0.0
13,2017,0.0,0.0,0.0,0.004297444995829637,0.006259507853513802,0.1347314839790241,2.9162487803760148e-08,0.022845424106021986,0.00017997013882207254,0.0
13,2018,0.0,0.0,0.0,0.005828020199329676,0.008652196037929789,0.181136433779389,4.6073643812227564e-08,0.07186782942290058,0.002850188164435769,0.0
13,2019,0.0,0.0,0.0,0.005828020199329676,0.008652196037929789,0.181136433779389,4.6073643812227564e-08,0.07186782942290058,0.002850188164435769,0.0
13,2020,0.0,0.0,1.53,0.021324369381771312,0.0688736029671814,0.48468009225664166,9.33435359337907e-05,0.7722261891477392,0.32343962086800865,0.0
13,2021,0.0,0.0,1.53,0.022190915758112672,0.07015392917236032,0.5116719900210988,9.335014128535523e-05,0.7813756573235024,0.3237654793339664,0.0
13,2022,0.0,0.0,2.73,0.05185844481121704,0.1609719204488262,1.288057081719191,0.00017367000040824842,2.155440482326079,1.0859874391849296,0.0
13,2023,0.0,0.0,3.33,0.05861307902546998,0.18997392041353814,1.4442126194752887,0.00021272014351047332,2.6626363665982136,1.433179579899945,0.0
13,2024,0.0,0.0,12.77,0.19258621125460967,0.7082433652734693,4.572342903741957,0.001003835470858842,13.173943484495965,7.734675222841458,0.0
14,2014,0.0,0.0,0.0,0.0,0.0,0.0,0.0,0.0,0.0,0.0
14,2015,0.0,0.0,0.0,0.0,0.0,0.0,0.0,0.0,0.0,0.0
14,2016,0.0,0.0,0.0,0.0,0.0,0.0,0.0,0.0,0.0,0.0
14,2017,0.0,0.0,0.0,0.014314260285850845,0.020849650144091365,0.24589425657762923,1.0777060477943281e-06,0.028360903455532892,0.0002773589120048474,0.0
14,2018,0.0,0.0,0.0,0.021502302064018007,0.03208643393124529,0.3464581934955847,2.8293307230178685e-06,0.09343191575895476,0.00498206629221827,0.0
14,2019,0.0,0.0,0.0,0.021502302064018007,0.03208643393124529,0.3464581934955847,2.8293307230178685e-06,0.09343191575895476,0.00498206629221827,0.0
14,2020,0.0,0.0,1.53,0.03935888743101858,0.10148011376465406,0.6722991518558182,0.00014557958563501898,0.8108380824078397,0.3413687381522495,0.0
14,2021,0.0,0.0,1.53,0.042477456096376195,0.10610772652680933,0.7233247504146474,0.00014594887330323042,0.8226646171701704,0.3419364346886633,0.0
14,2022,0.0,0.0,2.73,0.08979181347710866,0.2156221824202621,1.6551483808775913,0.00026048641390257973,2.139368639358426,1.0871613452474282,0.0
14,2023,0.0,0.0,3.58,0.09973356212178854,0.25879134253108066,1.8469573739299299,0.0003799687472599647,2.6681112390312314,1.45080831602146,0.0
14,2024,1.21,2.62,21.64,0.700190195729011,2.565436540206775,7.849323833246016,0.6126802642395148,15.119321247177286,9.78763890663258,0.0
15,2014,0.0,0.0,0.0,0.0,0.0,0.0,0.0,0.0,0.0,0.0
15,2015,0.0,0.0,0.0,0.0,0.0,0.0,0.0,0.0,0.0,0.0
15,2016,0.0,0.0,0.0,0.0,0.0,0.0,0.0,0.0,0.0,0.0
15,2017,0.0,0.0,0.0,0.0042578939314426275,0.006201899158490234,0.1341100576378285,2.8364694179605003e-08,0.022811334869625735,0.0001794334477704148,0.0
15,2018,0.0,0.0,0.0,0.005774382653677279,0.008572566499234758,0.18030097240112444,4.48132143343882e-08,0.07176157438240865,0.0028417956126135413,0.0
15,2019,0.0,0.0,0.0,0.005774382653677279,0.008572566499234758,0.18030097240112444,4.48132143343882e-08,0.07176157438240865,0.0028417956126135413,0.0
15,2020,0.0,0.0,1.53,0.021128112883491687,0.0682397323049242,0.48244458673494556,9.078995139994758e-05,0.771036188655099,0.32243982578661357,0.0
15,2021,0.0,0.0,1.53,0.021986684095157697,0.06950827516808791,0.5093119889043545,9.079637604994101e-05,0.7801721136009069,0.3227647243981888,0.0
15,2022,0.0,0.0,2.73,0.0515518302279066,0.16005522983942547,1.284387765787629,0.00016932364752808912,2.154293764665177,1.0843665528442281,0.0
15,2023,0.0,0.0,3.33,0.05824429890589836,0.18879031307359878,1.4398230623527342,0.00020730550196444508,2.661053994144299,1.4310215036213487,0.0
15,2024,0.0,0.0,12.77,0.19112537374980637,0.702709401913825,4.555442065463035,0.0009769588701203965,13.164133178513806,7.723292404070481,0.0
16,2014,0.0,0.0,0.0,0.0,0.0,0.0,0.0,0.0,0.0,0.0
16,2015,0.0,0.0,0.0,0.0,0.0,0.0,0.0,0.0,0.0,0.0
16,2016,0.0,0.0,0.0,0.0,0.0,0.0,0.0,0.0,0.0,0.0
16,2017,0.0,0.0,0.0,0.007484689743147984,0.010901936912238331,0.17780780929276183,1.540689056259975e-07,0.025095944655856926,0.00021717463385166684,0.0
16,2018,0.0,0.0,0.0,0.00978994028976752,0.014505644676745387,0.23475811208437436,2.1184706168550052e-07,0.07754325249004038,0.0032735302994667784,0.0
16,2019,0.0,0.0,0.0,0.00978994028976752,0.014505644676745387,0.23475811208437436,2.1184706168550052e-07,0.07754325249004038,0.0032735302994667784,0.0
16,2020,0.0,0.0,0.0,0.01106003098800607,0.019441429736515806,0.3216589241717694,2.6321425723718836e-07,0.5709952982640285,0.16242053780177665,0.0
16,2021,0.0,0.0,0.0,0.012529205861519961,0.02160870734785062,0.35680386330602454,2.946038405080898e-07,0.5808900507013237,0.16279533014397882,0.0
16,2022,0.0,0.0,0.0,0.031004599274642355,0.052755035794193744,0.896674859752413,6.850914101576609e-07,1.6846312170147446,0.6750253787525685,0.0
16,2023,0.0,0.0,0.0,0.03324085288451764,0.06280231413269238,0.976307530402416,9.119917004288316e-06,2.1234945896707123,0.9241836932235155,0.0
16,2024,0.0,0.0,0.0,0.07695613949433283,0.19647881592352973,2.600559416326653,4.7493732424217495e-05,11.185066689777816,5.47317996694077,0.0
17,2014,0.0,0.0,0.0,0.0,0.0,0.0,0.0,0.0,0.0,0.0
17,2015,0.0,0.0,0.0,0.0,0.0,0.0,0.0,0.0,0.0,0.0
17,2016,0.0,0.0,0.0,0.0,0.0,0.0,0.0,0.0,0.0,0.0
17,2017,0.0,0.0,0.0,0.005893506836404996,0.008584275624938516,0.15777959092456062,7.521681937900918e-08,0.024074336695276696,0.00019985299562674003,0.0
17,2018,0.0,0.0,0.0,0.008852987278567074,0.013210715325371845,0.2223070713525922,1.974687424203172e-07,0.07885630419153813,0.003534368509806123,0.0
17,2019,0.0,0.0,0.0,0.008852987278567074,0.013210715325371845,0.2223070713525922,1.974687424203172e-07,0.07885630419153813,0.003534368509806123,0.0
17,2020,0.0,0.0,1.53,0.056478882792751546,0.19829291761463505,0.7544496927451778,0.0027085869218846466,0.9415779426008223,0.48999752235268174,0.0
17,2021,0.0,0.0,1.53,0.057762868509236724,0.20019821114048741,0.787190587873614,0.0027086126957437573,0.9515665307219019,0.4904004140447362,0.0
17,2022,0.0,0.0,2.73,0.11215131302825362,0.38769885067759713,1.766742345145154,0.004836414347124914,2.396560475298105,1.3801596971485246,0.0
17,2023,0.0,0.0,3.33,0.13072877711858388,0.4668495083033992,2.016509754398154,0.005902959815458084,2.9496499368309586,1.7963598707768424,0.0
17,2024,0.0,1.21,16.02,0.6346665100594213,2.5223894363045796,8.00772319734748,0.131495813402055,15.278071072329213,10.160959259867889,0.0
18,2014,0.0,0.0,0.0,0.0,0.0,0.0,0.0,0.0,0.0,0.0
18,2015,0.0,0.0,0.0,0.0,0.0,0.0,0.0,0.0,0.0,0.0
18,2016,0.0,0.0,0.0,0.0,0.0,0.0,0.0,0.0,0.0,0.0
18,2017,0.0,0.0,0.0,0.0027744459386360417,0.004041160773179153,0.10825602173652761,7.847338568198131e-09,0.02133644987797077,0.00015698072186039958,0.0
18,2018,0.0,0.0,0.0,0.003932727996366533,0.0058518576846509135,0.14862466328321067,1.5176465843048976e-08,0.06827302098527759,0.0026048048410951424,0.0
18,2019,0.0,0.0,0.0,0.003932727996366533,0.0058518576846509135,0.14862466328321067,1.5176465843048976e-08,0.06827302098527759,0.0026048048410951424,0.0
18,2020,0.0,0.0,1.53,0.0388776172049663,0.14165354673752503,0.6044498317972995,0.0010698892248563823,0.8791574119158628,0.4323652593867594,0.0
18,2021,0.0,0.0,1.53,0.03945596679453905,0.14250968202924214,0.6264801778674486,0.001069891311013901,0.8878305628428745,0.4326626815476502,0.0
18,2022,0.0,0.0,2.73,0.08219910951930107,0.2958598799095922,1.494347340456378,0.0019237362044845878,2.340203979314206,1.2985574478060138,0.0
18,2023,0.0,0.0,3.33,0.09553144529257232,0.35259546673198394,1.7029613217290922,0.0023439574286702918,2.8732392353091836,1.690749499245955,0.0
18,2024,0.0,0.0,16.02,0.3798982801932234,1.4828372910052068,6.190988235195689,0.011370748312593871,14.268202602257436,9.036643169001005,0.0
19,2014,0.0,0.0,0.0,0.0,0.0,0.0,0.0,0.0,0.0,0.0
19,2015,0.0,0.0,0.0,0.0,0.0,0.0,0.0,0.0,0.0,0.0
19,2016,0.0,0.0,0.0,0.0,0.0,0.0,0.0,0.0,0.0,0.0
19,2017,0.0,0.0,0.0,0.0026784880066915307,0.003901391810645253,0.1063674586086893,7.060943042442385e-09,0.021223682966516225,0.00015532576505627275,0.0
19,2018,0.0,0.0,0.0,0.004023521774802144,0.006004030346301299,0.1498688917125589,1.8537426628716683e-08,0.069256386248882,0.00271881530351382,0.0
19,2019,0.0,0.0,0.0,0.004023521774802144,0.006004030346301299,0.1498688917125589,1.8537426628716683e-08,0.069256386248882,0.00271881530351382,0.0
19,2020,0.0,0.0,1.53,0.05302263975404867,0.19642280500491927,0.6896287690910887,0.0029495052011594414,0.9370714932117961,0.49494303744276474,0.0
19,2021,0.0,0.0,1.53,0.053606187730900236,0.19728872604370978,0.7117011256395936,0.0029495076206840186,0.9458481605860193,0.4952530430997653,0.0
19,2022,0.0,0.0,2.73,0.10395633245620564,0.3855909323798268,1.6127232180163467,0.0052703751133977884,2.407207026706568,1.3977655259864377,0.0
19,2023,0.0,0.0,3.33,0.12223712537326785,0.46325064359245627,1.8520907036756877,0.006427452603203503,2.9527442942441735,1.8119190530515719,0.0
19,2024,0.0,1.21,16.02,0.5174665512675937,2.0636698092138857,7.105137122640607,0.03489681123250787,14.773667146663463,9.703370482435654,0.0
20,2014,0.0,0.0,0.0,0.0,0.0,0.0,0.0,0.0,0.0,0.0
20,2015,0.0,0.0,0.0,0.0,0.0,0.0,0.0,0.0,0.0,0.0
20,2016,0.0,0.0,0.0,0.0,0.0,0.0,0.0,0.0,0.0,0.0
20,2017,0.0,0.0,0.0,0.004043780955622205,0.005890029697685556,0.13069462928249237,2.4297212822926906e-08,0.022622962558278923,0.00017648221893561727,0.0
20,2018,0.0,0.0,0.0,0.005336337876138709,0.007910633235710191,0.1733390097355154,3.448214891834835e-08,0.07035886998656589,0.00270838983893782,0.0
20,2019,0.0,0.0,0.0,0.005336337876138709,0.007910633235710191,0.1733390097355154,3.448214891834835e-08,0.07035886998656589,0.00270838983893782,0.0
20,2020,0.0,0.0,0.0,0.007148845791073332,0.014954342397313445,0.2771507384430799,1.8376894056626114e-07,0.5854440377047962,0.1761154029130015,0.0
20,2021,0.0,0.0,0.0,0.007947834622942289,0.01613344492150813,0.30307054630433317,1.8883842427958312e-07,0.5944145075578059,0.17642532827254573,0.0
20,2022,0.0,0.0,0.0,0.019804486162619015,0.03991772949875558,0.7747051474561235,3.9722601045283715e-07,1.733124579420798,0.7184618491149868,0.0
20,2023,0.0,0.0,0.0,0.021454095164520223,0.04722819565929867,0.8495264001849374,1.9390811942947467e-06,2.1736816397197596,0.9753480413162503,0.0
20,2024,0.0,0.0,0.0,0.05246790780408798,0.148580840010302,2.3191401638333633,9.512004334838583e-06,11.171649529313177,5.553723427171301,0.0
21,2014,0.0,0.0,0.0,0.0,0.0,0.0,0.0,0.0,0.0,0.0
21,2015,0.0,0.0,0.0,0.0,0.0,0.0,0.0,0.0,0.0,0.0
21,2016,0.0,0.0,0.0,0.0,0.0,0.0,0.0,0.0,0.0,0.0
21,2017,0.0,0.0,2.9,0.15002743164972887,0.21852470190201634,0.7960663512018626,0.0012408109391361802,0.053656243021986835,0.0009927560052532796,0.0
21,2018,0.0,0.0,3.8,0.22578480150365812,0.3369532268888474,1.1225409635198007,0.003291425051183953,0.18339797798129098,0.019695997994420303,0.0
21,2019,0.0,0.0,3.8,0.22578480150365812,0.3369532268888474,1.1225409635198007,0.003291425051183953,0.18339797798129098,0.019695997994420303,0.0
21,2020,0.0,0.0,3.8,0.22733408163818047,0.34297398883284064,1.2185189077273617,0.0032915182845804887,0.6887079962371089,0.18658371992232556,0.0
21,2021,0.0,0.0,4.37,0.26006635782418613,0.3915487862086008,1.383811514673948,0.0037204612423385186,0.7118197563660356,0.18882275285990432,0.0
21,2022,0.0,0.0,10.82,0.5987716236544955,0.8986821707978562,3.346435729560329,0.006486136303672413,1.9206928802170662,0.8097299212666509,0.0
21,2023,0.25,0.25,11.08,0.6433090695205902,1.1002147071174304,3.6463319764534914,0.11624019941895829,2.5450370873387733,1.2687887716312067,0.0
21,2024,0.25,6.83,22.26,1.8577483247079374,4.1627335792674405,10.48180645206715,0.4446308192198929,15.185346962505825,9.390085984528447,0.0
22,2014,0.0,0.0,0.0,0.0,0.0,0.0,0.0,0.0,0.0,0.0
22,2015,0.0,0.0,0.0,0.0,0.0,0.0,0.0,0.0,0.0,0.0
22,2016,0.0,0.0,0.0,0.0,0.0,0.0,0.0,0.0,0.0,0.0
22,2017,0.0,0.0,0.0,0.002107203585932721,0.0030692789338544937,0.09434462840129283,3.438057058180121e-09,0.020485778817901385,0.00014471280475033695,0.0
22,2018,0.0,0.0,0.0,0.002857706948037569,0.00424251140408293,0.12683938525844737,5.431791002346316e-09,0.06450605868625306,0.0022978072932925676,0.0
22,2019,0.0,0.0,0.0,0.002857706948037569,0.00424251140408293,0.12683938525844737,5.431791002346316e-09,0.06450605868625306,0.0022978072932925676,0.0
22,2020,0.0,0.0,1.53,0.023693823062879607,0.0852151464811749,0.4788168442923331,0.000226799638365306,0.8014379457789498,0.3572446087403534,0.0
22,2021,0.0,0.0,1.53,0.024118724630642036,0.08584294050622727,0.497717709159123,0.00022680041709365062,0.8096491969673767,0.3575072949158656,0.0
22,2022,0.0,0.0,2.73,0.06067801439247539,0.21205994162311087,1.3111723204499033,0.0004520256537468187,2.257236330756159,1.1792604983443888,0.0
22,2023,0.0,0.0,3.33,0.06875090176673873,0.2464547746091485,1.4751948951447853,0.0005412549212442088,2.76767390766135,1.5392435405156855,0.0
22,2024,0.0,0.0,12.77,0.2463506713018359,0.943723342136181,5.040496271529704,0.002478370829752646,13.608067787522051,8.23335097099132,0.0
23,2014,0.0,0.0,0.0,0.0,0.0,0.0,0.0,0.0,0.0,0.0
23,2015,0.0,0.0,0.0,0.0,0.0,0.0,0.0,0.0,0.0,0.0
23,2016,0.0,0.0,0.0,0.0,0.0,0.0,0.0,0.0,0.0,0.0
23,2017,0.0,0.0,0.0,0.0035781155857627783,0.005211757830896538,0.12293940665872746,1.683281254632223e-08,0.02218847989137715,0.0001697684965138097,0.0
23,2018,0.0,0.0,0.0,0.004787203622862824,0.007101877737237961,0.164183896178023,2.5169299007864083e-08,0.06943468713212253,0.002649995272775432,0.0
23,2019,0.0,0.0,0.0,0.004787203622862824,0.007101877737237961,0.164183896178023,2.5169299007864083e-08,0.06943468713212253,0.002649995272775432,0.0
23,2020,0.0,0.0,0.0,0.00606953817436527,0.012085244460347679,0.25150257165101597,7.803642260129817e-08,0.563446472253248,0.16215825921954732,0.0
23,2021,0.0,0.0,0.0,0.0067837827810843,0.013139921983454286,0.2760099551671989,8.169077539093091e-08,0.5722921148179485,0.1624613541770727,0.0
23,2022,0.0,0.0,0.0,0.016767359893164364,0.03229046565610662,0.7016472284895952,1.7378845664374169e-07,1.6775874233635149,0.677573042463102,0.0
23,2023,0.0,0.0,0.0,0.018161868219434503,0.038499263041961364,0.7688809272273336,1.408643017120534e-06,2.108691039312987,0.9231424740062404,0.0
23,2024,0.0,0.0,0.0,0.04415769004852088,0.12228258525402713,2.092380182905679,7.192063088641138e-06,10.915978489336501,5.3010221105407265,0.0
24,2014,0.0,0.0,0.0,0.0,0.0,0.0,0.0,0.0,0.0,0.0
24,2015,0.0,0.0,0.0,0.0,0.0,0.0,0.0,0.0,0.0,0.0
24,2016,0.0,0.0,0.0,0.0,0.0,0.0,0.0,0.0,0.0,0.0
24,2017,0.0,0.0,0.0,0.0073866175761245385,0.010759088428944163,0.17663905696062257,1.4809160336450254e-07,0.025037312282895345,0.00021616103667283524,0.0
24,2018,0.0,0.0,0.0,0.011095877759761823,0.016557629391856985,0.24887953637916976,3.887888762225128e-07,0.08211595273479627,0.003836129032047703,0.0
24,2019,0.0,0.0,0.0,0.011095877759761823,0.016557629391856985,0.24887953637916976,3.887888762225128e-07,0.08211595273479627,0.003836129032047703,0.0
24,2020,0.0,0.0,1.53,0.04959469136785347,0.16617046356916454,0.7273224653595034,0.001431006800218672,0.9085344790340264,0.4502201686468133,0.0
24,2021,0.0,0.0,1.53,0.05120397285749159,0.1685584602299646,0.7639768945264467,0.0014310575454130599,0.9189343214963697,0.45065742030856476,0.0
24,2022,0.0,0.0,2.73,0.09910892568139457,0.3223562586280915,1.6871682105328882,0.002553973230139014,2.3075922349705946,1.295168391115682,0.0
24,2023,0.0,0.0,3.33,0.11460901054960666,0.3885159980751283,1.9186757518781308,0.0031215484203562078,2.8535552935120716,1.6978781703166055,0.0
24,2024,1.21,2.62,21.39,0.8437781457170019,3.4288517477169025,8.697048033721222,1.279780270903798,15.71782538156597,10.8997240304314,1.21
25,2014,0.0,0.0,0.0,0.0,0.0,0.0,0.0,0.0,0.0,0.0
25,2015,0.0,0.0,0.0,0.0,0.0,0.0,0.0,0.0,0.0,0.0
25,2016,0.0,0.0,0.0,0.0,0.0,0.0,0.0,0.0,0.0,0.0
25,2017,0.0,0.0,2.9,0.11143325033822851,0.16230976924931015,0.6860745810937753,0.0005084379806607945,0.04821333951282788,0.000801560726544555,0.0
25,2018,0.0,0.0,3.8,0.1443901532149353,0.21383000290246143,0.9014073707191274,0.0006772675268094441,0.14423002828025244,0.011045121306389525,0.0
25,2019,0.0,0.0,3.8,0.1443901532149353,0.21383000290246143,0.9014073707191274,0.0006772675268094441,0.14423002828025244,0.011045121306389525,0.0
25,2020,0.0,0.0,3.8,0.14482519326715193,0.21552064136876198,0.9522667538597027,0.0006772695910931118,0.5822571635946381,0.13644889337941374,0.0
25,2021,0.0,0.0,4.37,0.16654694297110428,0.24755048817024547,1.0873840169991738,0.0007784304471094431,0.6007395706277718,0.13771697489492463,0.0
25,2022,0.0,0.0,10.82,0.41534536234534425,0.6125213516020014,2.702921328561958,0.0019093017004408826,1.6817846730795933,0.6285543081449585,0.0
25,2023,0.0,0.25,11.08,0.4376109642851564,0.7137204586576857,2.8957561263163685,0.01733218542373627,2.196253637939933,0.9393009919394026,0.0
25,2024,0.0,0.25,20.85,0.7897726272847514,1.4745677865720332,6.332222411657443,0.02079937218365518,12.205738530376408,6.121073290186273,0.0
26,2014,0.0,0.0,0.0,0.0,0.0,0.0,0.0,0.0,0.0,0.0
26,2015,0.0,0.0,0.0,0.0,0.0,0.0,0.0,0.0,0.0,0.0
26,2016,0.0,0.0,0.0,0.0,0.0,0.0,0.0,0.0,0.0,0.0
26,2017,0.0,0.0,2.9,0.11143325033822851,0.16230976924931015,0.6860745810937753,0.0005084379806607945,0.04821333951282788,0.000801560726544555,0.0
26,2018,0.0,0.0,3.8,0.1443901532149353,0.21383000290246143,0.9014073707191274,0.0006772675268094441,0.14423002828025244,0.011045121306389525,0.0
26,2019,0.0,0.0,3.8,0.1443901532149353,0.21383000290246143,0.9014073707191274,0.0006772675268094441,0.14423002828025244,0.011045121306389525,0.0
26,2020,0.0,0.0,3.8,0.14482519326715193,0.21552064136876198,0.9522667538597027,0.0006772695910931118,0.5822571635946381,0.13644889337941374,0.0
26,2021,0.0,0.0,4.37,0.16654694297110428,0.24755048817024547,1.0873840169991738,0.0007784304471094431,0.6007395706277718,0.13771697489492463,0.0
26,2022,0.0,0.0,10.82,0.41534536234534425,0.6125213516020014,2.702921328561958,0.0019093017004408826,1.6817846730795933,0.6285543081449585,0.0
26,2023,0.0,0.25,11.08,0.4376109642851564,0.7137204586576857,2.8957561263163685,0.01733218542373627,2.196253637939933,0.9393009919394026,0.0
26,2024,0.0,0.25,20.85,0.7897726272847514,1.4745677865720332,6.332222411657443,0.02079937218365518,12.205738530376408,6.121073290186273,0.0
27,2014,0.0,0.0,0.0,0.0,0.0,0.0,0.0,0.0,0.0,0.0
27,2015,0.0,0.0,0.0,0.0,0.0,0.0,0.0,0.0,0.0,0.0
27,2016,0.0,0.0,0.0,0.0,0.0,0.0,0.0,0.0,0.0,0.0
27,2017,0.0,0.0,0.0,0.004822124473901785,0.007023737603227237,0.14271944173573195,4.120110273482371e-08,0.023278838616453204,0.00018686356114857688,0.0
27,2018,0.0,0.0,0.0,0.0062482902499462045,0.00925320662477986,0.18751366144539272,5.4882148880321695e-08,0.07175512283613059,0.0027979192630896237,0.0
27,2019,0.0,0.0,0.0,0.0062482902499462045,0.00925320662477986,0.18751366144539272,5.4882148880321695e-08,0.07175512283613059,0.0027979192630896237,0.0
27,2020,0.0,0.0,0.0,0.00686116307623919,0.011634933019399931,0.24787955731192243,6.065370266499139e-08,0.5261066417223753,0.13772295371683965,0.0
27,2021,0.0,0.0,0.0,0.007801142665324759,0.013020981686992034,0.27598708511652636,6.885123900178251e-08,0.5352656728175731,0.13804335580110355,0.0
27,2022,0.0,0.0,0.0,0.019598073253123485,0.03259916197649163,0.7040829979911429,1.674856831583416e-07,1.5868238171557902,0.60435813379253,0.0
27,2023,0.0,0.0,0.0,0.020891282742548024,0.03842224017509102,0.7631258643548118,2.0114359679235243e-06,2.002148698846269,0.8295628061222583,0.0
27,2024,0.0,0.0,0.0,0.046715351845583904,0.11169755716619326,1.975051859216461,6.251906791518689e-06,10.57183174905924,4.918323276384695,0.0
28,2014,0.0,0.0,0.0,0.0,0.0,0.0,0.0,0.0,0.0,0.0
28,2015,0.0,0.0,0.0,0.0,0.0,0.0,0.0,0.0,0.0,0.0
28,2016,0.0,0.0,0.0,0.0,0.0,0.0,0.0,0.0,0.0,0.0
28,2017,0.0,0.0,0.0,0.0015687657198398763,0.002285009198067749,0.08140348072654185,1.41862582653077e-09,0.01964562180275154,0.00013308636414370575,0.0
28,2018,0.0,0.0,0.0,0.002297970014479735,0.003424945671506206,0.1134338229990592,3.2473867357201975e-09,0.06348518772202769,0.002268539186355438,0.0
28,2019,0.0,0.0,0.0,0.002297970014479735,0.003424945671506206,0.1134338229990592,3.2473867357201975e-09,0.06348518772202769,0.002268539186355438,0.0
28,2020,0.0,0.0,1.53,0.027114670452992384,0.0998667977589881,0.4975640531214062,0.00038319289237792825,0.8238634480081655,0.38016076056921394,0.0
28,2021,0.0,0.0,1.53,0.02744994138975017,0.10036378644407615,0.5143159579514281,0.000383193325488805,0.8319184564905999,0.38041960227437643,0.0
28,2022,0.0,0.0,2.73,0.06467262597710668,0.23365232514175943,1.314335876532722,0.00072313815418517,2.284536511443809,1.2191540225904705,0.0
28,2023,0.0,0.0,3.33,0.07403096360634334,0.2734416800794178,1.487446425168529,0.000873528425187558,2.798974923019319,1.5881621099039296,0.0
28,2024,0.0,0.0,12.77,0.28106634655380003,1.0854774466637898,5.306976237360751,0.0038474717966207068,13.805781142337151,8.494753244593062,0.0
29,2014,0.0,0.0,0.0,0.0,0.0,0.0,0.0,0.0,0.0,0.0
29,2015,0.0,0.0,0.0,0.0,0.0,0.0,0.0,0.0,0.0,0.0
29,2016,0.0,0.0,0.0,0.0,0.0,0.0,0.0,0.0,0.0,0.0
29,2017,0.0,0.0,0.0,0.0019209560663657206,0.0027979973205799896,0.09007881121374756,2.6046290918071347e-09,0.02021466237507798,0.00014090778446151494,0.0
29,2018,0.0,0.0,0.0,0.0028855824028526365,0.004305959838469209,0.12691854880917972,6.8380029290903935e-09,0.06587589617614799,0.002457516975834824,0.0
29,2019,0.0,0.0,0.0,0.0028855824028526365,0.004305959838469209,0.12691854880917972,6.8380029290903935e-09,0.06587589617614799,0.002457516975834824,0.0
29,2020,0.0,0.0,1.53,0.05377443039512452,0.20206854165843882,0.6769883172791017,0.0033040788794650097,0.9405657205422034,0.5025113005376133,0.0
29,2021,0.0,0.0,1.53,0.05419293846165858,0.20268956158058182,0.6956806012048068,0.003304079771969423,0.9489153603839537,0.5027915383377379,0.0
29,2022,0.0,0.0,2.73,0.11142350087381293,0.41814587774877043,1.6498226472933177,0.005938527439049766,2.4637632442945,1.435592738313702,0.0
29,2023,0.0,0.0,3.33,0.1301976485739707,0.4978410917161574,1.8889917898181503,0.007234395436172124,3.0079183715282154,1.8511635588234783,0.0
29,2024,0.0,0.0,17.86,0.5311618983215245,2.09334853606331,7.143797205641682,0.03097898603855599,14.826748307330238,9.781671274540624,0.0
30,2014,0.0,0.0,0.0,0.0,0.0,0.0,0.0,0.0,0.0,0.0
30,2015,0.0,0.0,0.0,0.0,0.0,0.0,0.0,0.0,0.0,0.0
30,2016,0.0,0.0,0.0,0.0,0.0,0.0,0.0,0.0,0.0,0.0
30,2017,0.0,0.0,0.0,0.002683774707825879,0.003909092234339272,0.10647237895146276,7.102835508755055e-09,0.02122996861677372,0.00015541778188593006,0.0
30,2018,0.0,0.0,0.0,0.00403145767137443,0.0060158721533184415,0.15001663146636135,1.8647265426961922e-08,0.0692774421891581,0.0027204841337625696,0.0
30,2019,0.0,0.0,0.0,0.00403145767137443,0.0060158721533184415,0.15001663146636135,1.8647265426961922e-08,0.0692774421891581,0.0027204841337625696,0.0
30,2020,0.0,1.53,1.53,0.08844412687739284,0.33405763491895213,0.8584683920199078,0.0150801300285415,1.0476155121620963,0.6283056992699544,0.0
30,2021,0.0,1.53,1.53,0.08902882601947691,0.3349252641111473,0.8805625106121642,0.015080132462405138,1.0563948393884894,0.6286158950415184,0.0
30,2022,0.0,2.73,2.73,0.17144851509124936,0.6529784073622109,1.9892109114743133,0.02694598568758525,2.6150535021493053,1.6359215071792677,0.0
30,2023,0.0,3.33,3.33,0.20246683021413375,0.7846137984692092,2.2947593395187242,0.032860173372996085,3.1849500178429393,2.090951826390212,0.0
30,2024,0.0,12.77,16.02,0.854064623842474,3.3958066961326647,8.964048290563214,0.14261601849402722,15.717592475294541,10.930653669554177,0.0
31,2014,0.0,0.0,0.0,0.0,0.0,0.0,0.0,0.0,0.0,0.0
31,2015,0.0,0.0,0.0,0.0,0.0,0.0,0.0,0.0,0.0,0.0
31,2016,0.0,0.0,0.0,0.0,0.0,0.0,0.0,0.0,0.0,0.0
31,2017,0.0,0.0,0.0,0.0017028192962705879,0.0024802669419769665,0.08481022421697283,1.8142589690825298e-09,0.019872094655313092,0.0001361724641343873,0.0
31,2018,0.0,0.0,0.0,0.002309294304896031,0.0034283455361965583,0.11402102247374138,2.866337127584493e-09,0.06258913030248467,0.0021636670580029724,0.0
31,2019,0.0,0.0,0.0,0.002309294304896031,0.0034283455361965583,0.11402102247374138,2.866337127584493e-09,0.06258913030248467,0.0021636670580029724,0.0
31,2020,0.0,0.0,1.53,0.018695991716131895,0.06710979472209196,0.426163004998393,0.00011032329796544294,0.7695677457941799,0.32884259696816914,0.0
31,2021,0.0,0.0,1.53,0.01903935199001076,0.06761711108560918,0.4431537545532751,0.0001103237088980904,0.7775347329117573,0.32908994347565984,0.0
31,2022,0.0,0.0,4.65,0.05719850883346896,0.19782546590301797,1.255429981290657,0.00031013417836505,2.2381769960589413,1.1411838156449317,0.0
31,2023,0.0,0.0,5.25,0.06356001654948921,0.224932637160073,1.4012039981272348,0.0003535503150421897,2.738025263162278,1.4872413917769638,0.0
31,2024,0.0,0.0,14.69,0.20994907326314977,0.7932196158365281,4.62933404969218,0.001329436473517083,13.359899279245656,7.932598022508061,0.0
34,2014,0.0,0.0,0.0,0.0,0.0,0.0,0.0,0.0,0.0,0.0
34,2015,0.0,0.0,0.0,0.0,0.0,0.0,0.0,0.0,0.0,0.0
34,2016,0.0,0.0,0.0,0.0,0.0,0.0,0.0,0.0,0.0,0.0
34,2017,0.0,0.0,0.0,0.0021528372696729445,0.003135747359170906,0.09536072221620193,3.666293254554385e-09,0.02054958860351641,0.00014561572130130057,0.0
34,2018,0.0,0.0,0.0,0.0029195935621073067,0.004334387397921711,0.12820544835108885,5.792381678096104e-09,0.06470532072475377,0.0023119809203707145,0.0
34,2019,0.0,0.0,0.0,0.0029195935621073067,0.004334387397921711,0.12820544835108885,5.792381678096104e-09,0.06470532072475377,0.0023119809203707145,0.0
34,2020,0.0,0.0,0.0,0.004441899578644153,0.010250323404099704,0.2233442001268628,9.42402847062483e-08,0.5689442509737744,0.16849296051427706,0.0
34,2021,0.0,0.0,0.0,0.004876002831470827,0.010891712961251823,0.2424486277424071,9.507070910835696e-08,0.5771808939984665,0.16875726754793247,0.0
34,2022,0.0,0.0,0.0,0.01206065959813995,0.026813244711118123,0.6201017279696605,1.9427284485606105e-07,1.694376007277679,0.6967913445684879,0.0
34,2023,0.0,0.0,0.0,0.013200022271148424,0.031831268595883415,0.6836831775706724,5.385970662217063e-07,2.1251887416056805,0.9457206099098148,0.0
34,2024,0.0,0.0,0.0,0.033579952530451346,0.10248446005418858,1.9042351921530931,2.673252457576534e-06,10.884474590368958,5.348064653338869,0.0
35,2014,0.0,0.0,0.0,0.0,0.0,0.0,0.0,0.0,0.0,0.0
35,2015,0.0,0.0,0.0,0.0,0.0,0.0,0.0,0.0,0.0,0.0
35,2016,0.0,0.0,0.0,0.0,0.0,0.0,0.0,0.0,0.0,0.0
35,2017,0.0,0.0,2.9,0.10709896146928165,0.15599659590075107,0.672599530264613,0.000451387334000609,0.04756961580607115,0.0007802994303231772,0.0
35,2018,0.0,0.0,3.8,0.13877397822259258,0.20551290725449345,0.8837030125153048,0.000601272908318893,0.14241123655459648,0.010774669459442191,0.0
35,2019,0.0,0.0,3.8,0.13877397822259258,0.20551290725449345,0.8837030125153048,0.000601272908318893,0.14241123655459648,0.010774669459442191,0.0
35,2020,0.0,0.0,3.8,0.13908456274429642,0.20671989069602856,0.926676081588257,0.0006012736594592128,0.5654919863773755,0.12776638244676566,0.0
35,2021,0.0,0.0,4.37,0.15996142694351723,0.23750390999051244,1.0591395341379244,0.0006910834904303086,0.5837395026620653,0.12900333032702282,0.0
35,2022,0.0,0.0,10.82,0.39882943059776566,0.5872188169640914,2.63080737030121,0.0016950425289048814,1.640312905250341,0.5966065228991632,0.0
35,2023,0.0,0.25,11.08,0.42010929331618874,0.6839744709172665,2.814802037869519,0.015387350351764773,2.1432239560325703,0.8934745229915995,0.0
35,2024,0.0,0.25,20.85,0.7490013673576372,1.3682242176036286,6.003877957910982,0.018107277385360752,11.891831791158804,5.804619490008718,0.0
36,2014,0.0,0.0,0.0,0.0,0.0,0.0,0.0,0.0,0.0,0.0
36,2015,0.0,0.0,0.0,0.0,0.0,0.0,0.0,0.0,0.0,0.0
36,2016,0.0,0.0,0.0,0.0,0.0,0.0,0.0,0.0,0.0,0.0
36,2017,0.0,0.0,0.0,0.002334091840592736,0.003399756418334833,0.09929397571439574,4.672479571108702e-09,0.02079396536593927,0.00014909965366892482,0.0
36,2018,0.0,0.0,0.0,0.003506178230613442,0.005232033101051429,0.139902460227425,1.2266786504787364e-08,0.0678155842170351,0.0026058025863108483,0.0
36,2019,0.0,0.0,0.0,0.003506178230613442,0.005232033101051429,0.139902460227425,1.2266786504787364e-08,0.0678155842170351,0.0026058025863108483,0.0
36,2020,0.0,1.53,1.53,0.12664142865308597,0.4837562284275944,0.9955554382796321,0.04680895622619958,1.141033683331232,0.7554143570087226,0.0
36,2021,0.0,1.53,1.53,0.12714994432422647,0.4845108097314042,1.0161599640405394,0.04680895782727539,1.1496283641038796,0.7557114884278675,0.0
36,2022,0.0,2.73,2.73,0.23445732986689752,0.9122181786057583,2.2014958522712753,0.0835463100800489,2.729566889709766,1.82016059742283,0.0
36,2023,0.0,3.33,3.33,0.27931595698246053,1.1024765129199952,2.56290112523117,0.10190303400882463,3.3165244784826653,2.3067851507585293,0.0
36,2024,0.0,12.77,16.02,1.1632889260533124,4.678509823561583,10.092621554861164,0.40618773134719355,16.125458800258475,11.708072564293065,0.0
37,2014,0.0,0.0,0.0,0.0,0.0,0.0,0.0,0.0,0.0,0.0
37,2015,0.0,0.0,0.0,0.0,0.0,0.0,0.0,0.0,0.0,0.0
37,2016,0.0,0.0,0.0,0.0,0.0,0.0,0.0,0.0,0.0,0.0
37,2017,0.0,0.0,0.0,0.001961849197860467,0.0028575608235438528,0.09103255674909484,2.7745365718998246e-09,0.02027574355207895,0.000141760612617128,0.0
37,2018,0.0,0.0,0.0,0.002947010408784092,0.004397624705234618,0.12826234983906096,7.284065614254555e-09,0.06608027361414652,0.0024729328061802963,0.0
37,2019,0.0,0.0,0.0,0.002947010408784092,0.004397624705234618,0.12826234983906096,7.284065614254555e-09,0.06608027361414652,0.0024729328061802963,0.0
37,2020,0.0,1.53,1.53,0.09250891266796071,0.3524501690696174,0.8580022986410336,0.018011577569275572,1.0581733298090406,0.6457726923814254,0.0
37,2021,0.0,1.53,1.53,0.09293632989472808,0.35308440920526846,0.8768924946184119,0.018011578520000626,1.0665487908207374,0.6460546865098815,0.0
37,2022,0.0,2.73,2.73,0.1810525842023344,0.6964026553980431,2.002194857319738,0.0322093517781614,2.6501408688946664,1.67393669097084,0.0
37,2023,0.0,3.33,3.33,0.21374526858372245,0.8350806925264258,2.3120712386872557,0.039272876156741514,3.2199938822308423,2.1326131371589048,0.0
37,2024,0.0,12.77,17.86,0.871998288027086,3.4812428107868665,8.871761821223336,0.15648895576126293,15.616030059313342,10.946296002550294,0.0
38,2014,0.0,0.0,0.0,0.0,0.0,0.0,0.0,0.0,0.0,0.0
38,2015,0.0,0.0,0.0,0.0,0.0,0.0,0.0,0.0,0.0,0.0
38,2016,0.0,0.0,0.0,0.0,0.0,0.0,0.0,0.0,0.0,0.0
38,2017,0.0,0.0,0.0,0.0009853386294421606,0.0014352097340045254,0.06451440326479913,3.515200633645054e-10,0.0184528673508513,0.00011741665981659097,0.0
38,2018,0.0,0.0,0.0,0.0014576274063984916,0.0021735202552200625,0.09029190254409275,8.48377910354813e-10,0.05973552578084375,0.002011036534313731,0.0
38,2019,0.0,0.0,0.0,0.0014576274063984916,0.0021735202552200625,0.09029190254409275,8.48377910354813e-10,0.05973552578084375,0.002011036534313731,0.0
38,2020,0.0,0.0,1.53,0.027760583119100648,0.10439120912941602,0.48575753186922105,0.0004562428990087789,0.8282485315799086,0.3880321084835383,0.0
38,2021,0.0,0.0,1.53,0.02797275246223144,0.10470584658866368,0.4990774810538974,0.0004562430111856994,0.835826130750065,0.38826154028840676,0.0
38,2022,0.0,0.0,4.65,0.07190613318467848,0.26359996282061116,1.3335505133280554,0.0009309708675249887,2.3295000507031194,1.2543136577082337,0.0
38,2023,0.0,0.0,5.25,0.08163804399752109,0.3049223119422929,1.506448451776704,0.0011099190094556062,2.8425810943830845,1.6254009073108697,0.0
38,2024,0.0,0.0,17.939999999999998,0.3060741280195171,1.180207700307283,5.410021170125125,0.004547762327458247,13.893636845428647,8.648517011905076,0.0
39,2014,0.0,0.0,0.0,0.0,0.0,0.0,0.0,0.0,0.0,0.0
39,2015,0.0,0.0,0.0,0.0,0.0,0.0,0.0,0.0,0.0,0.0
39,2016,0.0,0.0,0.0,0.0,0.0,0.0,0.0,0.0,0.0,0.0
39,2017,0.0,0.0,0.0,0.0028090821050680043,0.004091610599996453,0.10892965959732784,8.144921244513291e-09,0.02137648382545677,0.00015757036577241894,0.0
39,2018,0.0,0.0,0.0,0.003639881223180607,0.005390366276284394,0.1431185482698066,1.0849485831408443e-08,0.06604686607731808,0.002374729310802869,0.0
39,2019,0.0,0.0,0.0,0.003639881223180607,0.005390366276284394,0.1431185482698066,1.0849485831408443e-08,0.06604686607731808,0.002374729310802869,0.0
39,2020,0.0,0.0,0.0,0.004340113830936912,0.008111587405232858,0.2076434917203138,1.9457612351503288e-08,0.527078934643596,0.1412966693411958,0.0
39,2021,0.0,0.0,0.0,0.0048876898748819,0.008919016688727879,0.22909637437345115,2.107815848814264e-08,0.5355067750693462,0.141568557601265,0.0
39,2022,0.0,0.0,0.0,0.012241442606723274,0.02214692843035373,0.5838428336977375,4.809350684974175e-08,1.5871913741862798,0.614496564628184,0.0
39,2023,0.0,0.0,0.0,0.01311822209505144,0.02606215329299312,0.636142623153071,4.1554675545151596e-07,1.9999127962712475,0.8407962952751565,0.0
39,2024,0.0,0.0,0.0,0.02904713460801501,0.07551096012725757,1.6536319707749447,1.5848087424402278e-06,10.391013119075941,4.846601022082839,0.0
40,2014,0.0,0.0,0.0,0.0,0.0,0.0,0.0,0.0,0.0,0.0
40,2015,0.0,0.0,0.0,0.0,0.0,0.0,0.0,0.0,0.0,0.0
40,2016,0.0,0.0,0.0,0.0,0.0,0.0,0.0,0.0,0.0,0.0
40,2017,0.0,0.0,0.0,0.0014367829408909348,0.002092767705236266,0.07790395590202831,1.0898508787555646e-09,0.019408552609125967,0.00012989376357972772,0.0
40,2018,0.0,0.0,0.0,0.002158277143109016,0.0032206512935919404,0.10976451505468769,2.8612148749485496e-09,0.06318177184590423,0.0022588878995253446,0.0
40,2019,0.0,0.0,0.0,0.002158277143109016,0.0032206512935919404,0.10976451505468769,2.8612148749485496e-09,0.06318177184590423,0.0022588878995253446,0.0
40,2020,0.0,0.0,1.53,0.05193068899099499,0.19664457537101607,0.6537669082833011,0.0030913495112614214,0.9338284401008425,0.49770047021548924,0.0
40,2021,0.0,0.0,1.53,0.052243712938366674,0.19710906846677778,0.6699327839541169,0.003091349884710648,0.9418376551706993,0.4979580768673737,0.0
40,2022,0.0,0.0,4.65,0.11989153540592157,0.4482915308397256,1.696555148570635,0.005747216884868553,2.5174034120836954,1.4622189438184598,0.0
40,2023,0.0,0.0,5.25,0.13814511131935991,0.5257456100292158,1.9301747330649448,0.006959573905463567,3.0582469991544694,1.8753037874270504,0.0
40,2024,0.0,0.0,19.78,0.5438983172806651,2.122115561329961,7.199312148293695,0.028873720366106734,14.903960067606393,9.844545811480646,0.0
41,2014,0.0,0.0,0.0,0.0,0.0,0.0,0.0,0.0,0.0,0.0
41,2015,0.0,0.0,0.0,0.0,0.0,0.0,0.0,0.0,0.0,0.0
41,2016,0.0,0.0,0.0,0.0,0.0,0.0,0.0,0.0,0.0,0.0
41,2017,0.0,0.0,0.0,0.00083785129037636,0.0012203848419879597,0.059490470176029736,2.1611973110105938e-10,0.018070353919734272,0.00011259920371877787,0.0
41,2018,0.0,0.0,0.0,0.0011292299453646963,0.001675885665068945,0.07973771050089591,3.327959856628759e-10,0.05683885708678069,0.0017825956901779871,0.0
41,2019,0.0,0.0,0.0,0.0011292299453646963,0.001675885665068945,0.07973771050089591,3.327959856628759e-10,0.05683885708678069,0.0017825956901779871,0.0
41,2020,0.0,0.0,1.53,0.024845784392424946,0.09384238627118976,0.4552570121717486,0.0003344543630421012,0.810993959371743,0.37351456843687203,0.0
41,2021,0.0,0.0,1.53,0.025013949490423345,0.09409078398262823,0.4671482645007416,0.00033445441103243073,0.8182302144010499,0.3737183724384989,0.0
41,2022,0.0,0.0,4.65,0.07165792810856944,0.26217913928574665,1.314826014919407,0.0008476765765179801,2.3264058991370007,1.2465094040683984,0.0
41,2023,0.0,0.0,5.25,0.08114079113109816,0.30243694768172036,1.4845908278179656,0.0010151189759932937,2.8374891219391056,1.6158670195786549,0.0
41,2024,0.0,0.0,16.53,0.28592868489326356,1.0963488904311367,5.136596989089325,0.003820975201401755,13.68558055455756,8.473177896974434,0.0
42,2014,0.0,0.0,0.0,0.0,0.0,0.0,0.0,0.0,0.0,0.0
42,2015,0.0,0.0,0.0,0.0,0.0,0.0,0.0,0.0,0.0,0.0
42,2016,0.0,0.0,0.0,0.0,0.0,0.0,0.0,0.0,0.0,0.0
42,2017,0.0,0.0,0.0,0.0013127734329443728,0.0019121397996655907,0.07446613605545954,8.313098520181741e-10,0.019170941371463888,0.0001267327562303813,0.0
42,2018,0.0,0.0,0.0,0.0019719950827420574,0.002942675149235621,0.10492072215694888,2.18246015179765e-09,0.06238874732762913,0.002202042480302328,0.0
42,2019,0.0,0.0,0.0,0.0019719950827420574,0.002942675149235621,0.10492072215694888,2.18246015179765e-09,0.06238874732762913,0.002202042480302328,0.0
42,2020,0.0,0.0,1.53,0.06229572310494575,0.23737078011416504,0.7038155381274513,0.005503593400833378,0.9693721540820055,0.5398614543285211,0.0
42,2021,0.0,0.0,1.53,0.06258172978715909,0.23779518256115117,0.7192680306641913,0.005503593685690717,0.9772811471576442,0.5401125837445618,0.0
42,2022,0.0,0.0,4.65,0.13998078445904777,0.5288034269112009,1.7990774693450047,0.010115611885867369,2.5798776962158536,1.5382801640195254,0.0
42,2023,0.0,0.0,5.25,0.16199857266976966,0.6221993515517382,2.053328364025096,0.012273931935295919,3.1283912333779273,1.9649355912715647,0.0
42,2024,0.0,0.0,19.78,0.6304329404259835,2.462997125329193,7.649712004730703,0.04763543261368673,15.110926210258146,10.164193574980038,0.0
43,2014,0.0,0.0,0.0,0.0,0.0,0.0,0.0,0.0,0.0,0.0
43,2015,0.0,0.0,0.0,0.0,0.0,0.0,0.0,0.0,0.0,0.0
43,2016,0.0,0.0,0.0,0.0,0.0,0.0,0.0,0.0,0.0,0.0
43,2017,0.0,0.0,0.0,0.0010342326596081712,0.0015064270657239739,0.06609567679205294,4.0648856615968336e-10,0.018570277889649617,0.00011891559341338257,0.0
43,2018,0.0,0.0,0.0,0.0014025858141947989,0.002082259104983688,0.0888607560876263,6.422118361792318e-10,0.05851966999746671,0.0018921977376179587,0.0
43,2019,0.0,0.0,0.0,0.0014025858141947989,0.002082259104983688,0.0888607560876263,6.422118361792318e-10,0.05851966999746671,0.0018921977376179587,0.0
43,2020,0.0,0.0,0.0,0.010978519582318444,0.03929594068820117,0.3274753675897779,2.2015964634343024e-05,0.7065891546707967,0.2763981173224255,0.0
43,2021,0.0,0.0,0.0,0.011187064727852688,0.03960406710206575,0.3407168788076916,2.2016056704998882e-05,0.714037641743053,0.27661442119898993,0.0
43,2022,0.0,0.0,1.92,0.059995901338802324,0.2038087201387933,1.180688969772266,0.0006289962075135157,2.213264715823869,1.0847397438673902,0.0
43,2023,0.0,0.0,1.92,0.06401612205268453,0.22093568255507096,1.2963586754375325,0.0006400511750929385,2.693548958650971,1.4062828809762564,0.0
43,2024,0.0,0.0,3.76,0.16331966450621127,0.5926721398762498,3.8312777272285246,0.0009886638053754936,12.770765355161863,7.309327522680484,0.0
44,2014,0.0,0.0,0.0,0.0,0.0,0.0,0.0,0.0,0.0,0.0
44,2015,0.0,0.0,0.0,0.0,0.0,0.0,0.0,0.0,0.0,0.0
44,2016,0.0,0.0,0.0,0.0,0.0,0.0,0.0,0.0,0.0,0.0
44,2017,0.0,0.0,0.0,0.0008487996223631801,0.0012363317988706845,0.05987789422420419,2.2470313052018012e-10,0.018100395784032733,0.00011297390604780341,0.0
44,2018,0.0,0.0,0.0,0.0011439869899631102,0.0016977866329945493,0.08025703431183984,3.4601480040840193e-10,0.05693248988705445,0.001788453386521063,0.0
44,2019,0.0,0.0,0.0,0.0011439869899631102,0.0016977866329945493,0.08025703431183984,3.4601480040840193e-10,0.05693248988705445,0.001788453386521063,0.0
44,2020,0.0,0.0,1.53,0.019809240733549484,0.07423408714459316,0.41339445307884937,0.00016303628319526864,0.7798362109192937,0.34335040755793117,0.0
44,2021,0.0,0.0,1.53,0.0199796034066773,0.0744857309196193,0.4253631503517431,0.00016303633309174698,0.7870844004620224,0.34355488150873403,0.0
44,2022,0.0,0.0,4.65,0.07734262825986143,0.27434621140570803,1.3405381903000706,0.0009995791824095922,2.339058859424602,1.2252269104152935,0.0
44,2023,0.0,0.0,5.25,0.08485785606071974,0.30626712759842906,1.4930995074099678,0.0010812132383825463,2.841247531096484,1.5808111960498685,0.0
44,2024,0.0,0.0,15.32,0.24731716654153962,0.9319233914046859,4.76641151718576,0.0024395438675862,13.453003808476971,8.137888692549453,0.0
45,2014,0.0,0.0,0.0,0.0,0.0,0.0,0.0,0.0,0.0,0.0
45,2015,0.0,0.0,0.0,0.0,0.0,0.0,0.0,0.0,0.0,0.0
45,2016,0.0,0.0,0.0,0.0,0.0,0.0,0.0,0.0,0.0,0.0
45,2017,0.0,0.0,0.0,0.0008370256523522524,0.0012191822465618227,0.05946115130931528,2.1548145235656455e-10,0.018068076575424506,0.00011257082452944956,0.0
45,2018,0.0,0.0,0.0,0.001128118381922008,0.0016742360936503199,0.07969845504226467,3.318145659843101e-10,0.05683178085597035,0.0017821539018067919,0.0
45,2019,0.0,0.0,0.0,0.001128118381922008,0.0016742360936503199,0.07969845504226467,3.318145659843101e-10,0.05683178085597035,0.0017821539018067919,0.0
45,2020,0.0,0.0,1.53,0.019444859326760208,0.07285615753012799,0.4097110908576389,0.00015407323250521646,0.7773857425421447,0.3411272595891535,0.0
45,2021,0.0,0.0,1.53,0.01961285884496719,0.07310431067417064,0.4215964874424648,0.00015407328035397404,0.7846210952750039,0.341331013057041,0.0
45,2022,0.0,0.0,4.65,0.07681690919764046,0.27223477860679013,1.3341581814857901,0.0009885369372337504,2.3356670570548586,1.221225838875237,0.0
45,2023,0.0,0.0,5.25,0.084192904846663,0.30356465616154504,1.4853281300606487,0.0010656823989385609,2.837068099161656,1.5757230198237102,0.0
45,2024,0.0,0.0,15.32,0.2436822722024971,0.9178046513300725,4.729291995410401,0.00234995086763697,13.42912495275419,8.10971356824881,0.0
46,2014,0.0,0.0,0.0,0.0,0.0,0.0,0.0,0.0,0.0,0.0
46,2015,0.0,0.0,0.0,0.0,0.0,0.0,0.0,0.0,0.0,0.0
46,2016,0.0,0.0,0.0,0.0,0.0,0.0,0.0,0.0,0.0,0.0
46,2017,0.0,0.0,0.0,0.0008986466170294485,0.0013089371853015424,0.0616110204214674,2.6666156350980696e-10,0.018233642897106515,0.00011464335631006997,0.0
46,2018,0.0,0.0,0.0,0.0013499105522955458,0.0020143803961252724,0.08680822045919692,7.000737871244309e-10,0.05926540639192022,0.001985316262414877,0.0
46,2019,0.0,0.0,0.0,0.0013499105522955458,0.0020143803961252724,0.08680822045919692,7.000737871244309e-10,0.05926540639192022,0.001985316262414877,0.0
46,2020,0.0,0.0,1.53,0.0426437760369694,0.16248925404262243,0.582314584373063,0.001765380957892499,0.8973011549505868,0.46100748349266624,0.0
46,2021,0.0,0.0,1.53,0.04283955920180872,0.16277977471715172,0.5950995076103129,0.0017653810492669765,0.9048153474252888,0.46123391616794956,0.0
46,2022,0.0,0.0,4.65,0.10863869178852051,0.4044023661026138,1.586241049660699,0.0035398342315870546,2.485686770873307,1.4136652603190092,0.0
46,2023,0.0,0.0,5.25,0.12371069770900822,0.4683353967246974,1.7966000865608824,0.004232155927390993,3.0152879915487065,1.812712019975495,0.0
46,2024,0.0,0.0,19.78,0.46160571809702494,1.7795582426912306,6.530953709718052,0.01615862145291723,14.544358537462992,9.447653993808062,0.0
47,2014,0.0,0.0,0.0,0.0,0.0,0.0,0.0,0.0,0.0,0.0
47,2015,0.0,0.0,0.0,0.0,0.0,0.0,0.0,0.0,0.0,0.0
47,2016,0.0,0.0,0.0,0.0,0.0,0.0,0.0,0.0,0.0,0.0
47,2017,0.0,0.0,0.0,0.002214122229835217,0.0032250128855034815,0.09670851755641845,3.988396870211092e-09,0.020633791829789087,0.00014681150526726583,0.0
47,2018,0.0,0.0,0.0,0.0028689591933479222,0.00424869382697749,0.1270616532647206,5.3127653459557575e-09,0.06381109344405475,0.0022182330326997865,0.0
47,2019,0.0,0.0,0.0,0.0028689591933479222,0.00424869382697749,0.1270616532647206,5.3127653459557575e-09,0.06381109344405475,0.0022182330326997865,0.0
47,2020,0.0,0.0,0.0,0.0035130116367476094,0.0067515894329759725,0.18894404395203712,1.2010768473280953e-08,0.5206276262773815,0.1386112687646356,0.0
47,2021,0.0,0.0,0.0,0.0039446117986782535,0.007388006261939741,0.20799006398336764,1.2804315880968787e-08,0.5287692015310741,0.1388652203009128,0.0
47,2022,0.0,0.0,0.0,0.009886361500184161,0.018357332008290064,0.5309489706788727,2.8600129786662133e-08,1.5720833884914465,0.606377965349356,0.0
47,2023,0.0,0.0,0.0,0.010610573477757151,0.02158371958460803,0.5791837158466178,2.0950790913812898e-07,1.9807633053208962,0.8295283146508571,0.0
47,2024,0.0,0.0,0.0,0.02376308482328251,0.0628883749590756,1.5147051104113507,7.966185081172822e-07,10.273615174724823,4.765195238977444,0.0
48,2014,0.0,0.0,0.0,0.0,0.0,0.0,0.0,0.0,0.0,0.0
48,2015,0.0,0.0,0.0,0.0,0.0,0.0,0.0,0.0,0.0,0.0
48,2016,0.0,0.0,0.0,0.0,0.0,0.0,0.0,0.0,0.0,0.0
48,2017,0.0,0.0,0.0,0.05685249157400962,0.08280934784382012,0.490048067792414,6.752150245794036e-05,0.03921224769355944,0.0005302070238555369,0.0
48,2018,0.0,0.0,0.0,0.0736668807928139,0.10909462302664358,0.6438555697698569,8.994237786231796e-05,0.11855383391593846,0.0075247484730590975,0.0
48,2019,0.0,0.0,0.0,0.0736668807928139,0.10909462302664358,0.6438555697698569,8.994237786231796e-05,0.11855383391593846,0.0075247484730590975,0.0
48,2020,0.0,0.0,0.0,0.07382242339274983,0.10969908760699702,0.6742666007938253,8.994247220966909e-05,0.5139477392883305,0.10970536311726307,0.0
48,2021,0.0,0.0,0.0,0.08490471335798329,0.1260404990786272,0.770777906636603,0.00010337682064146153,0.529118559510118,0.11056846449326305,0.0
48,2022,0.0,0.0,0.0,0.21155446949801643,0.3110449344864311,1.9045362359037847,0.00025355420966590624,1.498423338461152,0.510877020161431,0.0
48,2023,0.0,0.0,0.25,0.22141731612200105,0.3558372938624883,2.0259424118405245,0.0016300586077202135,1.9377776100011141,0.7410875115898513,0.0
48,2024,0.0,0.0,3.45,0.39072657814016964,0.6925665156737818,4.179995977849816,0.002009711333962263,10.74604409379114,4.79973860406416,0.0
49,2014,0.0,0.0,0.0,0.0,0.0,0.0,0.0,0.0,0.0,0.0
49,2015,0.0,0.0,0.0,0.0,0.0,0.0,0.0,0.0,0.0,0.0
49,2016,0.0,0.0,0.0,0.0,0.0,0.0,0.0,0.0,0.0,0.0
49,2017,0.0,0.0,0.0,0.0005092040898903919,0.0007416888413472117,0.04637777096742483,4.851424081248523e-11,0.016988761091159484,9.952344945258427e-05,0.0
49,2018,0.0,0.0,0.0,0.0007649057607174684,0.0011414172343881463,0.06534499410991043,1.2736574348411518e-10,0.055129096930233,0.0017158403582496016,0.0
49,2019,0.0,0.0,0.0,0.0007649057607174684,0.0011414172343881463,0.06534499410991043,1.2736574348411518e-10,0.055129096930233,0.0017158403582496016,0.0
49,2020,0.0,0.0,1.53,0.036179626175491864,0.1387689490016974,0.5242241978269487,0.0011136100759096175,0.8681206843977601,0.43371278237979854,0.0
49,2021,0.0,0.0,1.53,0.03629056365233611,0.13893356801084364,0.5338480644286887,0.0011136100925335484,0.8751118504264542,0.43390850280994014,0.0
49,2022,0.0,0.0,4.65,0.1408338076591242,0.5084647780281712,1.7057598430381964,0.006507255443805033,2.5882908273095326,1.4710643795224192,0.0
49,2023,0.0,0.0,5.25,0.15477544143257485,0.567579531815682,1.9052615410887341,0.007064719654913177,3.1114044487164874,1.8641259451223242,0.0
49,2024,0.0,0.0,16.53,0.453198755290586,1.7189687260489321,6.23680182707318,0.016225497715598676,14.356015817823486,9.243376851360013,0.0
50,2014,0.0,0.0,0.0,0.0,0.0,0.0,0.0,0.0,0.0,0.0
50,2015,0.0,0.0,0.0,0.0,0.0,0.0,0.0,0.0,0.0,0.0
50,2016,0.0,0.0,0.0,0.0,0.0,0.0,0.0,0.0,0.0,0.0
50,2017,0.0,0.0,0.0,0.00032491121468877765,0.0004732542945896353,0.03704642296241221,1.2603399286546944e-11,0.016118341182750497,8.958652499432779e-05,0.0
50,2018,0.0,0.0,0.0,0.000488068467577808,0.000728311628784416,0.05219738335359872,3.3088043709943064e-11,0.05224507058652086,0.0015397427221201566,0.0
50,2019,0.0,0.0,0.0,0.000488068467577808,0.000728311628784416,0.05219738335359872,3.3088043709943064e-11,0.05224507058652086,0.0015397427221201566,0.0
50,2020,0.0,0.0,1.53,0.023085279272463396,0.08854485546925306,0.41874794204355215,0.00028929851894998954,0.7998760661087574,0.36686791622902887,0.0
50,2021,0.0,0.0,1.53,0.023156065880567293,0.08864989500700321,0.42643545753264966,0.00028929852326868105,0.8065024300349631,0.3670435638908063,0.0
50,2022,0.0,0.0,4.65,0.1341885173401242,0.47113580894540286,1.5756590467373044,0.008406317349734706,2.5296117622884617,1.3846708798016767,0.0
50,2023,0.0,0.0,5.25,0.14308434730165073,0.5088555485988737,1.7350203791831222,0.008551139651855534,3.03261051224107,1.7490854401366183,0.0
50,2024,0.0,0.0,15.32,0.36555965279296626,1.3389382061830761,5.36328012723091,0.012942805697345796,13.854527791885278,8.626619182853837,0.0
51,2014,0.0,0.0,0.0,0.0,0.0,0.0,0.0,0.0,0.0,0.0
51,2015,0.0,0.0,0.0,0.0,0.0,0.0,0.0,0.0,0.0,0.0
51,2016,0.0,0.0,0.0,0.0,0.0,0.0,0.0,0.0,0.0,0.0
51,2017,2.9,2.9,2.9,1.9909856780369748,2.9,2.9,2.9,2.9,2.9,2.9
51,2018,3.8,3.8,3.8,2.56670536107886,3.8,3.8,3.8,3.8,3.8,3.8
51,2019,3.8,3.8,3.8,2.56670536107886,3.8,3.8,3.8,3.8,3.8,3.8
51,2020,3.8,3.8,3.8,2.5670026126986523,3.801155169552851,3.8420405686909933,3.800000000658498,4.221209359974142,3.9159590359018472,3.8
51,2021,4.37,4.37,4.37,2.953648455569069,4.371155169552851,4.412040568690993,4.370000000658498,4.791209359974142,4.485959035901847,4.37
51,2022,10.82,10.82,10.82,7.383188715155326,10.82670298014832,10.954295598450582,10.8200001151405,12.20584243554533,11.443407026610007,10.82
51,2023,11.08,11.08,11.08,7.444554317887907,11.08944457419547,11.254853660883224,11.080000172381466,12.847874952782549,11.946655100321017,11.08
51,2024,19.64,19.64,22.26,12.067689215483618,19.94871378504659,21.356752549902534,19.64230326598001,29.415242668968688,25.248836822314072,19.64
52,2014,0.0,0.0,0.0,0.0,0.0,0.0,0.0,0.0,0.0,0.0
52,2015,0.0,0.0,0.0,0.0,0.0,0.0,0.0,0.0,0.0,0.0
52,2016,0.0,0.0,0.0,0.0,0.0,0.0,0.0,0.0,0.0,0.0
52,2017,0.0,0.0,0.0,0.014471482210116973,0.021078654091935586,0.24724096923166516,1.1136087511998683e-06,0.028423201777293527,0.000278578758369911,0.0
52,2018,0.0,0.0,0.0,0.01875149048622123,0.027769423162295106,0.3248405321384469,1.4833884828554177e-06,0.08705988323115237,0.004098868104949147,0.0
52,2019,0.0,0.0,0.0,0.01875149048622123,0.027769423162295106,0.3248405321384469,1.4833884828554177e-06,0.08705988323115237,0.004098868104949147,0.0
52,2020,0.0,0.0,0.0,0.018794148205827577,0.02793519820136034,0.34076647982672614,1.4833904289975512e-06,0.43932721934172797,0.08520493090915911,0.0
52,2021,0.0,0.0,0.0,0.021615082832245093,0.03209481265013161,0.3894587415998913,1.7049584841460776e-06,0.4504489250786683,0.08567455647440755,0.0
52,2022,0.0,0.0,0.0,0.05386319772087632,0.079219251557236,0.9651197820333036,4.181781922978582e-06,1.3348894162006988,0.42820854621695437,0.0
52,2023,0.0,0.0,0.25,0.05631627498789704,0.09035665807464065,1.0256635717735927,2.5332293762310783e-05,1.7154576003461852,0.6081129658495112,0.0
52,2024,0.0,0.0,0.25,0.09937656206638794,0.1758825778031144,2.1119490877225506,3.158816203325492e-05,9.485717929655083,3.868029397080571,0.0
53,2014,0.0,0.0,0.0,0.0,0.0,0.0,0.0,0.0,0.0,0.0
53,2015,0.0,0.0,0.0,0.0,0.0,0.0,0.0,0.0,0.0,0.0
53,2016,0.0,0.0,0.0,0.0,0.0,0.0,0.0,0.0,0.0,0.0
53,2017,0.0,0.0,0.0,0.0010099727805345429,0.00147109097562066,0.06531587731401849,3.7854943137445617e-10,0.018512546455795784,0.0001181773711303438,0.0
53,2018,0.0,0.0,0.0,0.0015171402063267048,0.002263925920573789,0.09202826115481069,9.938160211318534e-10,0.060193978636735715,0.0020485571363017827,0.0
53,2019,0.0,0.0,0.0,0.0015171402063267048,0.002263925920573789,0.09202826115481069,9.938160211318534e-10,0.060193978636735715,0.0020485571363017827,0.0
53,2020,1.53,1.53,1.53,0.3952212307963994,1.532263925920574,1.6220282611548107,1.530000000993816,1.5901939786367358,1.5320485571363018,1.53
53,2021,1.53,1.53,1.53,0.3954412679763404,1.5325904368848358,1.6355819804719216,1.5300000011235302,1.5978255581322431,1.532282196661163,1.53
53,2022,2.73,2.73,4.65,0.7041344793776598,2.812845742773427,3.3653117189385418,2.730123764373214,3.3611205175286623,2.8745293202996685,2.73
53,2023,3.33,3.33,5.25,0.8459337289606561,3.4137787421381733,3.980808770632184,3.3301237770100665,4.005894329033216,3.482404516000184,3.33
53,2024,14.809999999999999,16.02,19.78,3.979278991992212,15.313823980761981,17.044627245897264,14.820754701588385,18.72740992421081,16.346661098053172,14.809999999999999
55,2014,0.0,0.0,0.0,0.0,0.0,0.0,0.0,0.0,0.0,0.0
55,2015,0.0,0.0,0.0,0.0,0.0,0.0,0.0,0.0,0.0,0.0
55,2016,0.0,0.0,0.0,0.0,0.0,0.0,0.0,0.0,0.0,0.0
55,2017,0.0,0.0,0.0,0.0001536567111475119,0.00022381098329503357,0.02547649606118544,1.3330553740115611e-12,0.014850248008986383,7.604478135462207e-05,0.0
55,2018,0.0,0.0,0.0,0.00023081688828330372,0.00034443246188561427,0.03589567696620492,3.4997061888018547e-12,0.04805522375571079,0.0013011230195107948,0.0
55,2019,0.0,0.0,0.0,0.00023081688828330372,0.00034443246188561427,0.03589567696620492,3.4997061888018547e-12,0.04805522375571079,0.0013011230195107948,0.0
55,2020,0.0,0.0,1.53,0.024121013757952895,0.09318573658908266,0.4127871670725902,0.0003418541367961977,0.8032046271677582,0.37401394751204087,0.0
55,2021,0.0,0.0,1.53,0.02415449009518844,0.09323541179012675,0.418073803201455,0.0003418541372529836,0.8093008332498851,0.37416239181532757,0.0
55,2022,0.0,1.92,4.65,0.33033149054733296,1.1349515466237525,2.194504512801835,0.20540477204083052,2.998559110452128,1.8924924593339365,0.0
55,2023,0.0,1.92,5.25,0.34602376417670794,1.20145878686752,2.4006416308969105,0.20621562970429166,3.520958365640725,2.292089700894442,0.0
55,2024,0.0,3.76,14.4,0.7668470387835388,2.707152864253246,6.79095491435252,0.27708972739283205,14.610962217692155,9.799019335654156,0.0
56,2014,0.0,0.0,0.0,0.0,0.0,0.0,0.0,0.0,0.0,0.0
56,2015,0.0,0.0,0.0,0.0,0.0,0.0,0.0,0.0,0.0,0.0
56,2016,0.0,0.0,0.0,0.0,0.0,0.0,0.0,0.0,0.0,0.0
56,2017,0.0,0.0,0.0,0.00013789758112848686,0.00020085678650732378,0.024134719407344244,9.635262139955836e-13,0.014683316830341065,7.434475625523349e-05,0.0
56,2018,0.0,0.0,0.0,0.00020714416142432942,0.00030910724953991085,0.034005150843169546,2.5295713290931187e-12,0.047504713877328526,0.001271282649717453,0.0
56,2019,0.0,0.0,0.0,0.00020714416142432942,0.00030910724953991085,0.034005150843169546,2.5295713290931187e-12,0.047504713877328526,0.001271282649717453,0.0
56,2020,0.0,0.0,1.53,0.02619439340134211,0.10129990792291436,0.42709028797031023,0.00044001004082623785,0.8143146104233903,0.38558332019284275,0.0
56,2021,0.0,0.0,1.53,0.02622443638414025,0.10134448840374657,0.43209849158168795,0.00044001004115640056,0.8203411422865552,0.38572836226985424,0.0
56,2022,1.92,1.92,4.65,0.35921099460642986,1.2344023538076914,2.2794341614085445,0.2643789861209366,3.069668679607137,1.9828255266973547,0.0
56,2023,1.92,1.92,5.25,0.3762735254820148,1.3067149180868314,2.493793836009968,0.2654226637063419,3.5951582222477145,2.388059704834306,0.0
56,2024,1.92,3.76,15.32,0.837790321634053,2.959858973113398,7.080802047270488,0.35677541562630055,14.777428111675942,10.03200580366869,0.0
57,2014,0.0,0.0,0.0,0.0,0.0,0.0,0.0,0.0,0.0,0.0
57,2015,0.0,0.0,0.0,0.0,0.0,0.0,0.0,0.0,0.0,0.0
57,2016,0.0,0.0,0.0,0.0,0.0,0.0,0.0,0.0,0.0,0.0
57,2017,0.0,0.0,2.9,0.08145507960599012,0.11864461581173892,0.5865742799117967,0.00019858576183159448,0.043557417605563684,0.0006542236649880927,0.0
57,2018,0.0,0.0,3.8,0.10554579884141463,0.15630469232210667,0.7706776988353218,0.00026452722434397045,0.1310148781534624,0.009152898559973937,0.0
57,2019,0.0,0.0,3.8,0.10554579884141463,0.15630469232210667,0.7706776988353218,0.00026452722434397045,0.1310148781534624,0.009152898559973937,0.0
57,2020,0.0,0.0,3.8,0.1055805272917965,0.15643965289364817,0.7850474474224918,0.0002645272253940879,0.47727862211312344,0.08751798377628876,0.0
57,2021,0.0,0.0,4.37,0.1214586143613777,0.17985271598804362,0.9005688696027647,0.00030403864354862944,0.49405542334149277,0.08856831033944426,0.0
57,2022,0.0,0.0,10.82,0.3027148950652286,0.44410474052243154,2.2324183512243336,0.0007457207976410822,1.419965914870131,0.45349548282528507,0.0
57,2023,0.0,0.0,11.08,0.3102167107060736,0.4778013510482168,2.3356189854198837,0.0013269739266936322,1.8363829056449186,0.6613296114237085,0.0
57,2024,0.0,0.0,19.64,0.5464813000760853,0.9297311222580299,4.659005209734906,0.0024299161493630435,10.457308945384444,4.506822323545051,0.0
58,2014,0.0,0.0,0.0,0.0,0.0,0.0,0.0,0.0,0.0,0.0
58,2015,0.0,0.0,0.0,0.0,0.0,0.0,0.0,0.0,0.0,0.0
58,2016,0.0,0.0,0.0,0.0,0.0,0.0,0.0,0.0,0.0,0.0
58,2017,0.0,0.0,0.0,0.006809029430606878,0.009917793767471409,0.16959245833959447,1.1599765881603159e-07,0.02468135093748395,0.00021005830486180686,0.0
58,2018,0.0,0.0,0.0,0.00882283160319023,0.013065891719844454,0.22282109872365594,1.5451530076473936e-07,0.07594660321086272,0.0031301984055875478,0.0
58,2019,0.0,0.0,0.0,0.00882283160319023,0.013065891719844454,0.22282109872365594,1.5451530076473936e-07,0.07594660321086272,0.0031301984055875478,0.0
58,2020,0.0,0.0,0.0,0.00884744448352011,0.013161541492871392,0.2349183774561319,1.5451567459027975e-07,0.4126047385820943,0.07720778017789766,0.0
58,2021,0.0,0.0,0.0,0.010174732636468724,0.01511869673035361,0.26831834511476266,1.7759503315131676e-07,0.42230095873758683,0.07756628412125666,0.0
58,2022,0.0,0.0,0.0,0.02535515770410051,0.037315373898247066,0.6657626976727127,4.3559027627924934e-07,1.2708257851091287,0.39438250720729795,0.0
58,2023,0.0,0.0,0.0,0.026509363960528044,0.04255567531703505,0.7072921018453286,2.6387068138242747e-06,1.6286899556478476,0.5564827445296266,0.0
58,2024,0.0,0.0,0.0,0.046778004595497504,0.08282443491233075,1.4552035893040878,3.2903416471697455e-06,8.962279461969244,3.4995750564853405,0.0
59,2014,0.0,0.0,0.0,0.0,0.0,0.0,0.0,0.0,0.0,0.0
59,2015,0.0,0.0,0.0,0.0,0.0,0.0,0.0,0.0,0.0,0.0
59,2016,0.0,0.0,0.0,0.0,0.0,0.0,0.0,0.0,0.0,0.0
59,2017,0.0,0.0,0.0,0.0023435866380865623,0.003413586207788288,0.099495728564527,4.729733051288666e-09,0.020806391422167045,0.00014927790483187115,0.0
59,2018,0.0,0.0,0.0,0.0030367133034232678,0.004497123938350213,0.1307236640951658,6.300266164128766e-09,0.06433104474851004,0.0022541617350300257,0.0
59,2019,0.0,0.0,0.0,0.0030367133034232678,0.004497123938350213,0.1307236640951658,6.300266164128766e-09,0.06433104474851004,0.0022541617350300257,0.0
59,2020,0.0,0.0,0.0,0.003050319358487375,0.004549999345910454,0.1397180720004794,6.300329314851042e-09,0.38564313221251273,0.06973223856540578,0.0
59,2021,0.0,0.0,0.0,0.003507156094448394,0.005223628812484171,0.15931301241683193,7.241375936850557e-09,0.393851275138266,0.06999030786214959,0.0
59,2022,0.0,0.0,0.0,0.008739023299715716,0.01288922582969917,0.3954783645462485,1.7761012905712078e-08,1.2038523557334353,0.3642305641591045,0.0
59,2023,0.0,0.0,0.0,0.009191809745351638,0.014947855102291447,0.4218573071741089,1.5080700233046905e-07,1.5418144840300423,0.5119460152449697,0.0
59,2024,0.0,0.0,0.0,0.01627000963715594,0.029326651823348027,0.88049045895357,1.7794321602503436e-07,8.440576661815246,3.1709596875310955,0.0
60,2014,0.0,0.0,0.0,0.0,0.0,0.0,0.0,0.0,0.0,0.0
60,2015,0.0,0.0,0.0,0.0,0.0,0.0,0.0,0.0,0.0,0.0
60,2016,0.0,0.0,0.0,0.0,0.0,0.0,0.0,0.0,0.0,0.0
60,2017,0.0,0.0,0.0,0.0018197318499973976,0.002650557672617497,0.08767335541993783,2.2141945589158775e-09,0.020059364346471913,0.00013875106827052023,0.0
60,2018,0.0,0.0,0.0,0.002357926021485544,0.0034918955122065116,0.11519069641848115,2.9494296843105958e-09,0.06207905659214771,0.002100589442071972,0.0
60,2019,0.0,0.0,0.0,0.002357926021485544,0.0034918955122065116,0.11519069641848115,2.9494296843105958e-09,0.06207905659214771,0.002100589442071972,0.0
60,2020,0.0,0.0,0.0,0.00237222966916994,0.0035474818814624815,0.12441279731587072,2.949503054909245e-09,0.3846313662769945,0.0701005845290192,0.0
60,2021,0.0,0.0,0.0,0.0027269510800053656,0.004070537003683943,0.14167940966537695,3.39004806823717e-09,0.3925512213995246,0.0703410538126517,0.0
60,2022,0.0,0.0,0.0,0.006795814881610485,0.010046541397343678,0.3523614945251407,8.31479368506878e-09,1.2047918290918627,0.366442815385724,0.0
60,2023,0.0,0.0,0.0,0.007113948062730307,0.011490608104918846,0.3750781665336327,5.345375089501429e-08,1.5406401067567823,0.5137564421997285,0.0
60,2024,0.0,0.0,0.0,0.01258929775730227,0.022547792578808488,0.7810676692253886,6.602696782400122e-08,8.359298954010825,3.126701407860831,0.0
61,2014,0.0,0.0,0.0,0.0,0.0,0.0,0.0,0.0,0.0,0.0
61,2015,0.0,0.0,0.0,0.0,0.0,0.0,0.0,0.0,0.0,0.0
61,2016,0.0,0.0,0.0,0.0,0.0,0.0,0.0,0.0,0.0,0.0
61,2017,0.0,0.0,0.0,5.996952784787139e-05,8.734951369931316e-05,0.01591582827653051,7.924748323203592e-14,0.013514335618635711,6.297836800452616e-05,0.0
61,2018,0.0,0.0,0.0,9.0083671178614e-05,0.00013442577285110692,0.02242494751315649,2.0804895214812187e-13,0.04365634952924103,0.0010724683708791087,0.0
61,2019,0.0,0.0,0.0,9.0083671178614e-05,0.00013442577285110692,0.02242494751315649,2.0804895214812187e-13,0.04365634952924103,0.0010724683708791087,0.0
61,2020,0.0,0.0,0.0,0.009879556299006153,0.03817795511014524,0.26368538746562775,2.3521203667916097e-05,0.6939503442992287,0.2774661151904274,0.0
61,2021,0.0,0.0,0.0,0.009892621514272653,0.038197342450930226,0.26698808476049135,2.352120369507093e-05,0.6994897113493278,0.27758848758525484,0.0
61,2022,0.0,1.92,3.12,0.13534747425420104,0.465049538643265,1.4032641433859272,0.014132659216594151,2.4450990436345785,1.3016761109768153,0.0
61,2023,0.0,1.92,3.7199999999999998,0.14177695218343364,0.49229883563245996,1.5351169807063245,0.014188450110927075,2.929308769055047,1.6461681667579768,0.0
61,2024,0.0,3.76,12.87,0.3779645959111279,1.2986599985577432,4.560545501793952,0.03880997285560338,13.153030996861956,8.094226999763805,0.0
62,2014,0.0,0.0,0.0,0.0,0.0,0.0,0.0,0.0,0.0,0.0
62,2015,0.0,0.0,0.0,0.0,0.0,0.0,0.0,0.0,0.0,0.0
62,2016,0.0,0.0,0.0,0.0,0.0,0.0,0.0,0.0,0.0,0.0
62,2017,0.0,0.0,0.0,0.0006076405069387195,0.0008850678784689689,0.05066257837457555,8.243919495538231e-11,0.017357469331902197,0.0001038902557268708,0.0
62,2018,0.0,0.0,0.0,0.0007873530174357963,0.001166005397562965,0.06656364020027124,1.0981356980261213e-10,0.05389917187879514,0.0015875525057553169,0.0
62,2019,0.0,0.0,0.0,0.0007873530174357963,0.001166005397562965,0.06656364020027124,1.0981356980261213e-10,0.05389917187879514,0.0015875525057553169,0.0
62,2020,0.0,0.0,0.0,0.0008075003597248449,0.0012443013422559555,0.07750862971055746,1.100186080797446e-10,0.38521298668888954,0.07333189491360993,0.0
62,2021,0.0,0.0,0.0,0.0009259480848126727,0.001418958657631294,0.0874862460254606,1.2642104032948534e-10,0.3920862829593852,0.07351358366099718,0.0
62,2022,0.0,0.0,0.0,0.002309245652154705,0.0035062326323278487,0.2192447553270484,3.0998916938600576e-10,1.2156616186917204,0.3808829629113978,0.0
62,2023,0.0,0.0,0.0,0.0024355265552218797,0.004078693010568278,0.23531783746690743,2.8107342060103394e-09,1.5503530278523403,0.5309486389107161,0.0
62,2024,0.0,0.0,0.0,0.004419010560160498,0.008449704811528798,0.5188606781230107,3.3345734496689374e-09,8.27445060046141,3.140711540500337,0.0
63,2014,0.0,0.0,0.0,0.0,0.0,0.0,0.0,0.0,0.0,0.0
63,2015,0.0,0.0,0.0,0.0,0.0,0.0,0.0,0.0,0.0,0.0
63,2016,0.0,0.0,0.0,0.0,0.0,0.0,0.0,0.0,0.0,0.0
63,2017,0.0,0.0,0.0,3.2171126503012087e-05,4.6859336000207244e-05,0.011657275599410053,1.2234673812963461e-14,0.012754867266230483,5.609884102729582e-05,0.0
63,2018,0.0,0.0,0.0,4.832616328007362e-05,7.21138713715428e-05,0.016424778282597762,3.212001878987863e-14,0.04116244889853204,0.0009527551679116031,0.0
63,2019,0.0,0.0,0.0,4.832616328007362e-05,7.21138713715428e-05,0.016424778282597762,3.212001878987863e-14,0.04116244889853204,0.0009527551679116031,0.0
63,2020,0.0,0.0,1.53,0.05053486897381414,0.1962712704113642,0.5643159257801539,0.0032263282168960637,0.914401339235166,0.49934893791062773,0.0
63,2021,0.0,0.0,1.53,0.05054187791909235,0.19628167091496027,0.5667349308976538,0.003226328216900256,0.9196249053374583,0.49945765827252464,0.0
63,2022,1.92,3.12,4.65,0.7170542878602496,2.482056675298781,3.1750858544188962,1.9571816845329084,3.933876485900582,3.366337898304389,1.92
63,2023,1.92,3.7199999999999998,5.25,0.7602091567695106,2.6649279273394724,3.5093330450264375,1.9741593626916196,4.497103337067057,3.8433183302098817,1.92
63,2024,3.76,12.87,17.16,1.9586261649467576,6.907148760663175,10.35296661828096,4.021509994448588,16.50435826442354,13.140452147221964,3.76
