key,Standardized Name,Standard Location,coordinates,physical_plant_id,mapping_status,coordinate_used,coordinate_status,researcher_location_note
"REG Geismar, LLC (80180)",REG-Geismar LLC,"Geismar, LA","30.204565613698957, -91.00875083440351","REG Geismar, LLC (80180)",single_key_not_independently_audited,"30.204565613698957, -91.00875083440351",original_unverified_point,
"AltAir Paramount, LLC (83180)",Altair Paramount LLC,"Paramount, CA","33.89975878135956, -118.15006825396334","AltAir Paramount, LLC (83180)",single_key_not_independently_audited,"33.89975878135956, -118.15006825396334",original_unverified_point,
Chevron El Segundo (01013),Chevron USA Inc,"El Segundo, CA","33.9158451585288, -118.41871200792671",Chevron El Segundo (01013),single_key_not_independently_audited,"33.9158451585288, -118.41871200792671",original_unverified_point,
Cheyenne Renewable Diesel Company LLC (F00494),Cheyenne Renewable Diesel Company LLC,"Cheyenne, WY","41.12533474439349, -104.79637077916684",Cheyenne Renewable Diesel Company LLC (F00494),single_key_not_independently_audited,"41.12533474439349, -104.79637077916684",original_unverified_point,
"CVR RENEWABLES WYN, LLC (83001)",CVR Renewables Wynnewood LLC,"Wynnewood, OK","34.62287304536237, -97.17242010050785",wynnewood_ok,same_site_supported_by_CARB,"34.62285538763616, -97.17248447352618",representative_Wynnewood_point,
DIAMOND GREEN DIESEL - PORT ARTHUR (82621),Diamond Green Diesel LLC-PA,"Port Arthur, TX","29.849739571822038, -93.95985338837875",DIAMOND GREEN DIESEL - PORT ARTHUR (82621),single_key_not_independently_audited,"29.849739571822038, -93.95985338837875",original_unverified_point,
Diamond Green Diesel LLC (81496),Diamond Green Diesel LLC,"Norco, LA","29.99768913761007, -90.38874902512697",Diamond Green Diesel LLC (81496),single_key_not_independently_audited,"29.99768913761007, -90.38874902512697",original_unverified_point,
"Jaxon Energy, LLC (83608)","Jaxon Energy, LLC","Jackson, MS","32.33472483700472, -90.23092358279975","Jaxon Energy, LLC (83608)",single_key_not_independently_audited,"32.33472483700472, -90.23092358279975",original_unverified_point,
Marathon Dickinson Refinery (F00313),Dakota Prairie Refining LLC,"Dickinson, ND","46.85844196417284, -102.89937584146607",Marathon Dickinson Refinery (F00313),single_key_not_independently_audited,"46.85844196417284, -102.89937584146607",original_unverified_point,
MARTINEZ REFINERY (90001),Martinez Renewables LLC,"Martinez, CA","38.013288611631076, -122.10602883745247",MARTINEZ REFINERY (90001),single_key_not_independently_audited,"38.013288611631076, -122.10602883745247",original_unverified_point,
MRL Great Falls (F00548),Montana Renewables LLC,"Great Falls, MT","47.523684245439135, -111.2905979586457",MRL Great Falls (F00548),single_key_not_independently_audited,"47.523684245439135, -111.2905979586457",original_unverified_point,
Phillips 66 Rodeo (82191),Phillips 66 Co,"Rodeo, CA","38.045631011768485, -122.2580674087245",Phillips 66 Rodeo (82191),single_key_not_independently_audited,"38.045631011768485, -122.2580674087245",original_unverified_point,
RENEWABLE DIESEL UNIT (RDU) / PRE-TREATMENT UNIT (PTU) (82381),HF Sinclair Renewables Holding Co LLC,"Artesia, NM","32.842481511057436, -104.3907959286907",RENEWABLE DIESEL UNIT (RDU) / PRE-TREATMENT UNIT (PTU) (82381),single_key_not_independently_audited,"32.842481511057436, -104.3907959286907",original_unverified_point,
Sinclair Wyoming Refining Company (83388),Wyoming Renewable Diesel Co,"Sinclair, WY","41.78042890428669, -107.10959907012847",sinclair_wy,same_site_provisional_alias,"41.78042890428669, -107.10959907012847",representative_Sinclair_point_exact_point_not_independently_verified,Original researcher inspection supported Cheyenne location; alternative Sinclair point not clearly found. Conflicts with CARB Sinclair city description; exact derived point remains provisional.
St Bernard Renewables LLC (82901),St Bernard Renewables,"Chalmette, LA","29.937748565042916, -89.97101907116361",St Bernard Renewables LLC (82901),single_key_not_independently_audited,"29.937748565042916, -89.97101907116361",original_unverified_point,
Vertex Renewables Mobile Site (83101),Vertex Renewables LLC,"Mobile, AL","30.7149550000617, -88.03596712302301",Vertex Renewables Mobile Site (83101),single_key_not_independently_audited,"30.7149550000617, -88.03596712302301",original_unverified_point,
WYNNEWOOD REFINING COMPANY (82420),CVR Renewables Wynnewood LLC,"Wynnewood, OK","34.62285538763616, -97.17248447352618",wynnewood_ok,same_site_supported_by_CARB,"34.62285538763616, -97.17248447352618",representative_Wynnewood_point,
Wyoming Renewable Diesel Company LLC (82441),Wyoming Renewable Diesel Co,"Sinclair, WY","41.1254761746603, -104.79708961114727",sinclair_wy,Sinclair_site_verified_by_CARB,"41.78042890428669, -107.10959907012847",representative_Sinclair_point_exact_point_not_independently_verified,Original researcher inspection supported Cheyenne location; alternative Sinclair point not clearly found. Conflicts with CARB Sinclair city description; exact derived point remains provisional.
