Facility Location,Feedstock,Fuel Type,Legacy CI,Current Certified CI,Certification Date,Fuel Category,Company (ID),Facility (ID),key,Pathway Description,Retired Pathway,physical_plant_id,mapping_status,retired_snapshot_flag
Louisiana,Soybean,Renewable Diesel,,53.86,2017-03-21,Renewable Diesel,Diamond Green Diesel Holdings LLC (6072),Diamond Green Diesel LLC (81496),Diamond Green Diesel LLC (81496),"Renewable Diesel produced from US Soybean, Fuel produced in Louisiana and transported to California",Retired,Diamond Green Diesel LLC (81496),single_key_not_independently_audited,True
Louisiana,Soybean Oil,Renewable Diesel,,56.57,2017-09-11,Renewable Diesel,"REG Geismar, LLC (6268)","REG Geismar, LLC (80180)","REG Geismar, LLC (80180)","Tier 2 Method 2B Pathway Renewable Diesel produced from Soy Oil, Fuel produced in Louisiana Renewable Naphtha and LPG as coproducts  (Provisional)",Retired,"REG Geismar, LLC (80180)",single_key_not_independently_audited,True
Wyoming,Soybean Oil (005),Renewable Diesel (RND),,58.34,2019-12-27,Renewable Diesel,Sinclair Wyoming Refining Company (3994),Sinclair Wyoming Refining Company (83388),Sinclair Wyoming Refining Company (83388),Renewable Diesel produced from US soybean oil. Fuel produced in Wyoming and transported to California (Provisional),Retired,sinclair_wy,same_site_provisional_alias,True
Wyoming,Soybean Oil (005),Renewable Diesel (RND),58.34,57.2,2019-12-27,Renewable Diesel,Wyoming Renewable Diesel Company LLC (1440),Wyoming Renewable Diesel Company LLC (82441),Wyoming Renewable Diesel Company LLC (82441),Renewable Diesel produced from US soybean oil. Fuel produced in Wyoming and transported to California,Retired,sinclair_wy,Sinclair_site_verified_by_CARB,True
North Dakota,Soybean Oil (005),Renewable Diesel (RND),,64.24,2021-06-25,Renewable Diesel,DAKOTA PRAIRIE REFINING (1166),Marathon Dickinson Refinery (F00313),Marathon Dickinson Refinery (F00313),"U.S sourced Soybean Oil transported by Rail to Renewable Diesel plant in Dickinson, North Dakota; Natural Gas, Grid Electricity, and Hydrogen; Renewable Diesel transported by Rail and Ocean Tanker to California. (Provisional)",Retired,Marathon Dickinson Refinery (F00313),single_key_not_independently_audited,True
North Dakota,Soybean Oil (005),Renewable Diesel (RND),,57.64,2021-12-28,Renewable Diesel,DAKOTA PRAIRIE REFINING (1166),Marathon Dickinson Refinery (F00313),Marathon Dickinson Refinery (F00313),"U.S sourced Soybean Oil transported by rail to Renewable Diesel plant in Dickinson, North Dakota; Natural Gas and Grid Electricity; transported to California by rail and ocean tanker (Provisional)",Retired,Marathon Dickinson Refinery (F00313),single_key_not_independently_audited,True
California,Soybean Oil (005),Renewable Diesel (RND),,54.68,2021-12-28,Renewable Diesel,PHILLIPS 66 COMPANY (4528),Phillips 66 Rodeo (82191),Phillips 66 Rodeo (82191),"Renewable diesel produced from Soybean Oil transported by rail to California; natural gas, steam, off gases, grid electricity and hydrogen; distributed in California via barge/ship/pipeline (Provisional)",Retired,Phillips 66 Rodeo (82191),single_key_not_independently_audited,True
California,Soybean Oil (005),Renewable Diesel (RND),,58.16,2021-12-28,Renewable Diesel,PHILLIPS 66 COMPANY (4528),Phillips 66 Rodeo (82191),Phillips 66 Rodeo (82191),"Renewable diesel produced from Soybean Oil transported by rail and barge to California; natural gas, steam, off gases, grid electricity and hydrogen; distributed in California via barge/ship/pipeline (Provisional)",Retired,Phillips 66 Rodeo (82191),single_key_not_independently_audited,True
California,Soybean Oil (005),Renewable Diesel (RND),54.68,55.39,2021-12-28,Renewable Diesel,PHILLIPS 66 COMPANY (4528),Phillips 66 Rodeo (82191),Phillips 66 Rodeo (82191),"Renewable diesel produced from Soybean Oil transported by rail to California; natural gas, steam, off gases, grid electricity and hydrogen; distributed in California via barge/ship/pipeline",Retired,Phillips 66 Rodeo (82191),single_key_not_independently_audited,True
Louisiana,Soybean Oil (005),Renewable Diesel (RND),,60.13,2022-03-28,Renewable Diesel,Diamond Green Diesel Holdings LLC (6072),Diamond Green Diesel LLC (81496),Diamond Green Diesel LLC (81496),"North American Sourced Soybean Oil transported by rail to Renewable Diesel plant in Norco, Louisiana; Natural Gas, Grid Electricity, and Hydrogen; Finished Fuel transported to California by rail, ocean tanker, and/or barge. (Provisional)",Retired,Diamond Green Diesel LLC (81496),single_key_not_independently_audited,True
Louisiana,Soybean Oil (005),Renewable Diesel (RND),60.13,57.13,2022-03-28,Renewable Diesel,Diamond Green Diesel Holdings LLC (6072),Diamond Green Diesel LLC (81496),Diamond Green Diesel LLC (81496),"North American Sourced Soybean Oil transported by rail to Renewable Diesel plant in Norco, Louisiana; Natural Gas, Grid Electricity, and Hydrogen; Finished Fuel transported to California by rail, ocean tanker, and/or barge. (Provisional)",Retired,Diamond Green Diesel LLC (81496),single_key_not_independently_audited,True
Mississippi,Soybean Oil (005),Renewable Diesel (RND),,80.81,2023-03-30,Renewable Diesel,"Jaxon Energy, LLC (6454)","Jaxon Energy, LLC (83608)","Jaxon Energy, LLC (83608)","Midwest Sourced Soybean Oil transported by rail to Renewable Diesel plant in Jackson, Mississippi; Natural Gas, Grid Electricity, and Hydrogen; Renewable Diesel transported by rail to California (Provisional)",Retired,"Jaxon Energy, LLC (83608)",single_key_not_independently_audited,True
North Dakota,Soybean Oil (005),Renewable Diesel (RND),57.64,57.25,2023-06-28,Renewable Diesel,DAKOTA PRAIRIE REFINING (1166),Marathon Dickinson Refinery (F00313),Marathon Dickinson Refinery (F00313),"U.S sourced Soybean Oil transported by truck, rail, and barge to Renewable Diesel plant in Dickinson, North Dakota; Natural Gas and Electricity; transported to California by rail and ocean tanker (Provisional)",Retired,Marathon Dickinson Refinery (F00313),single_key_not_independently_audited,True
Oklahoma,Soybean Oil (005),Renewable Diesel (RND),,67.05,2023-06-28,Renewable Diesel,"WYNNEWOOD REFINING COMPANY, LLC (4148)",WYNNEWOOD REFINING COMPANY (82420),WYNNEWOOD REFINING COMPANY (82420),"Midwest Sourced Soybean Oil transported by rail to Renewable Diesel plant in Wynnewood, OK; Natural Gas, Grid Electricity, and Hydrogen; Renewable Diesel transported by rail to California (Provisional)",,wynnewood_ok,same_site_supported_by_CARB,False
Louisiana,Soybean Oil (005),Renewable Diesel (RND),,61.5,2023-06-29,Renewable Diesel,"REG Geismar, LLC (6268)","REG Geismar, LLC (80180)","REG Geismar, LLC (80180)","North American sourced Soybean Oil transported by rail to Renewable Diesel plant in Geismar, Louisiana; Natural Gas, Hydrogen and Grid Electricity; transported to California by truck and ocean tanker",Retired,"REG Geismar, LLC (80180)",single_key_not_independently_audited,True
California,Soybean Oil (005),Renewable Diesel (RND),,51.74,2023-06-30,Renewable Diesel,Chevron Products Company (5086) ,Chevron El Segundo (01013),Chevron El Segundo (01013),"Soybean oil  transported by rail to California; natural gas, steam, grid electricity and hydrogen; renewable diesel produced from co-processing soybean oil with fossil feedstock in a diesel hydrotreater (VGO unit) in El Segundo, California (Provisional)",Retired,Chevron El Segundo (01013),single_key_not_independently_audited,True
Wyoming,Soybean Oil (005),Renewable Diesel (RND),,69.78,2023-09-28,Renewable Diesel,Cheyenne Renewable Diesel Company LLC (1647),Cheyenne Renewable Diesel Company LLC (F00494),Cheyenne Renewable Diesel Company LLC (F00494),"Renewable Diesel produced from Soybean Oil pre-treated in Artesia, NM and transported by rail and truck to Cheyenne, WY; NG, Electricity, Alternate Fuel; finished fuel transported to California by Rail. (Provisional)",,Cheyenne Renewable Diesel Company LLC (F00494),single_key_not_independently_audited,False
Wyoming,Soybean Oil (005),Renewable Diesel (RND),,69.41,2023-09-28,Renewable Diesel,Cheyenne Renewable Diesel Company LLC (1647),Cheyenne Renewable Diesel Company LLC (F00494),Cheyenne Renewable Diesel Company LLC (F00494),"Renewable Diesel produced from Soybean Oil transported by rail to Cheyenne, WY; NG, Electricity, Alternate Fuel; finished fuel transported to California by Rail. (Provisional)",,Cheyenne Renewable Diesel Company LLC (F00494),single_key_not_independently_audited,False
Mississippi,Soybean Oil (005),Renewable Diesel (RND),80.81,83.76,2023-11-06,Renewable Diesel,"Jaxon Energy, LLC (6454)","Jaxon Energy, LLC (83608)","Jaxon Energy, LLC (83608)","Midwest Sourced Soybean Oil transported by rail to Renewable Diesel plant in Jackson, Mississippi; Natural Gas, Grid Electricity, and Hydrogen; Renewable Diesel transported by rail to California (Provisional)",Retired,"Jaxon Energy, LLC (83608)",single_key_not_independently_audited,True
Texas,Soybean Oil (005),Renewable Diesel (RND),,58.0,2023-12-06,Renewable Diesel,Diamond Green Diesel Holdings LLC (6072),DIAMOND GREEN DIESEL - PORT ARTHUR (82621),DIAMOND GREEN DIESEL - PORT ARTHUR (82621),"North American sourced Soybean Oil transported by rail to Renewable Diesel plant in Port Arthur Texas; Natural Gas, Hydrogen, and Grid Electricity; transported to California by ocean tanker (Provisional)",Retired,DIAMOND GREEN DIESEL - PORT ARTHUR (82621),single_key_not_independently_audited,True
New Mexico,Soybean Oil (005),Renewable Diesel (RND),,57.67,2023-12-20,Renewable Diesel,ARTESIA RENEWABLE DIESEL COMPANY LLC (1646),RENEWABLE DIESEL UNIT (RDU) / PRE-TREATMENT UNIT (PTU) (82381),RENEWABLE DIESEL UNIT (RDU) / PRE-TREATMENT UNIT (PTU) (82381),"U.S sourced Soybean Oil transported by Rail and pre-treated at the Renewable Diesel plant in Artesia, New Mexico; Natural Gas, and Grid Electricity; finished fuel transported to California by Rail. (Provisional)",Retired,RENEWABLE DIESEL UNIT (RDU) / PRE-TREATMENT UNIT (PTU) (82381),single_key_not_independently_audited,True
California,Soybean Oil (005),Renewable Diesel (RND),,62.93,2023-12-26,Renewable Diesel,MARTINEZ RENEWABLES LLC (1845),MARTINEZ REFINERY (90001),MARTINEZ REFINERY (90001),"North American sourced Soybean Oil, pre-treated at various facilities, transported by truck, rail, and barge to Renewable Diesel plant in Martinez, California; Natural Gas and Electricity; fuel produced in California (Provisional)",Retired,MARTINEZ REFINERY (90001),single_key_not_independently_audited,True
California,Soybean Oil (005),Renewable Diesel (RND),,61.98,2023-12-26,Renewable Diesel,PHILLIPS 66 COMPANY (4528),Phillips 66 Rodeo (82191),Phillips 66 Rodeo (82191),"Renewable diesel produced from Argentinian soybean oil transported by ocean tanker to California; natural gas, steam, off gases, grid electricity and hydrogen; distributed in California via barge",Retired,Phillips 66 Rodeo (82191),single_key_not_independently_audited,True
Montana,Soybean Oil (005),Renewable Diesel (RND),,61.75,2024-03-07,Renewable Diesel,"MONTANA RENEWABLES, LLC (1876)",MRL Great Falls (F00548),MRL Great Falls (F00548),"Midwest Soybean Oil transported by Rail to Renewable Diesel plant in Great Falls, Montana; NG, Electricity; Renewable Diesel transported to California by Rail. (Provisional)",,MRL Great Falls (F00548),single_key_not_independently_audited,False
Louisiana,Soybean Oil (005),Renewable Diesel (RND),,61.21,2024-03-29,Renewable Diesel,ST BERNARD RENEWABLES LLC (1974),St Bernard Renewables LLC (82901),St Bernard Renewables LLC (82901),"North American sourced Soybean Oil transported by truck, rail and/or barge to Renewable Diesel plant in Chalmette, LA, Natural Gas, Hydrogen, and Electricity; Renewable Diesel transported to California via barge/rail and ocean tanker (Provisional)",Retired,St Bernard Renewables LLC (82901),single_key_not_independently_audited,True
Louisiana,Soybean Oil (005),Renewable Diesel (RND),61.21,61.56,2024-03-29,Renewable Diesel,ST BERNARD RENEWABLES LLC (1974),St Bernard Renewables LLC (82901),St Bernard Renewables LLC (82901),"North American sourced Soybean Oil transported by truck, rail and/or barge to Renewable Diesel plant in Chalmette, LA, Natural Gas, Hydrogen, and Electricity; Renewable Diesel transported to California via barge/rail and ocean tanker (Provisional)",,St Bernard Renewables LLC (82901),single_key_not_independently_audited,False
Oklahoma,Soybean Oil (005),Renewable Diesel (RND),,58.37,2024-06-19,Renewable Diesel,"CVR RENEWABLES WYN, LLC (2120)","CVR RENEWABLES WYN, LLC (83001)","CVR RENEWABLES WYN, LLC (83001)","Midwest Sourced Soybean Oil transported by rail to Renewable Diesel plant in Wynnewood, OK; Natural Gas, Grid Electricity, and Hydrogen; Renewable Diesel transported by rail to California (Provisional)",,wynnewood_ok,same_site_supported_by_CARB,False
Louisiana,Soybean Oil (005),Renewable Diesel (RND),57.13,56.53,2024-06-23,Renewable Diesel,Diamond Green Diesel Holdings LLC (6072),Diamond Green Diesel LLC (81496),Diamond Green Diesel LLC (81496),"North American Sourced Soybean Oil transported by rail to Renewable Diesel plant in Norco, Louisiana; Natural Gas, Grid Electricity, and Hydrogen; Finished Fuel transported to California by rail, ocean tanker, and/or barge.",Retired,Diamond Green Diesel LLC (81496),single_key_not_independently_audited,True
California,Soybean Oil (005),Renewable Diesel (RND),,60.5,2024-06-26,Renewable Diesel,"AltAir Paramount, LLC (6281)","AltAir Paramount, LLC (83180)","AltAir Paramount, LLC (83180)","North American sourced Soybean Oil transported by rail to Renewable Diesel plant in Paramount, California; Natural Gas, Grid Electricity, and Hydrogen; Renewable Diesel produced in California  (Provisional)",,"AltAir Paramount, LLC (83180)",single_key_not_independently_audited,False
Alabama,Soybean Oil (005),Renewable Diesel (RND),,56.65,2024-06-28,Renewable Diesel,VERTEX RENEWABLES ALABAMA LLC (2215),Vertex Renewables Mobile Site (83101),Vertex Renewables Mobile Site (83101),"North American sourced Soybean Oil transported by truck, rail and/or barge to Renewable Diesel plant in Saraland, AL, Natural Gas, Hydrogen, and Electricity; Renewable Diesel transported to California via barge/rail and ocean tanker (Provisional)",,Vertex Renewables Mobile Site (83101),single_key_not_independently_audited,False
California,Soybean Oil (005),Renewable Diesel (RND),51.74,56.56,2024-10-10,Renewable Diesel,Chevron Products Company (5086),Chevron El Segundo (01013),Chevron El Segundo (01013),"Soybean oil  transported by rail to California; natural gas, steam, grid electricity and hydrogen; renewable diesel produced from co-processing soybean oil with fossil feedstock in a diesel hydrotreater (VGO unit) in El Segundo, California",,Chevron El Segundo (01013),single_key_not_independently_audited,False
Louisiana,Soybean Oil (005),Renewable Diesel (RND),56.53,57.26,2024-10-15,Renewable Diesel,Diamond Green Diesel Holdings LLC (6072),Diamond Green Diesel LLC (81496),Diamond Green Diesel LLC (81496),"North American Sourced Soybean Oil transported by rail to Renewable Diesel plant in Norco, Louisiana; Natural Gas, Grid Electricity, and Hydrogen; Finished Fuel transported to California by rail, ocean tanker, and/or barge.",,Diamond Green Diesel LLC (81496),single_key_not_independently_audited,False
Wyoming,Soybean Oil (005),Renewable Diesel (RND),57.2,60.5,2024-10-16,Renewable Diesel,Wyoming Renewable Diesel Company LLC (1440),Wyoming Renewable Diesel Company LLC (82441),Wyoming Renewable Diesel Company LLC (82441),Renewable Diesel produced from US soybean oil. Fuel produced in Wyoming and transported to California,,sinclair_wy,Sinclair_site_verified_by_CARB,False
California,Soybean Oil (005),Renewable Diesel (RND),55.39,55.5,2024-10-16,Renewable Diesel,PHILLIPS 66 COMPANY (4528),Phillips 66 Rodeo (82191),Phillips 66 Rodeo (82191),"Renewable diesel produced from Soybean Oil transported by rail to California; natural gas, steam, off gases, grid electricity and hydrogen; distributed in California via barge/ship/pipeline",,Phillips 66 Rodeo (82191),single_key_not_independently_audited,False
California,Soybean Oil (005),Renewable Diesel (RND),58.16,58.5,2024-10-16,Renewable Diesel,PHILLIPS 66 COMPANY (4528),Phillips 66 Rodeo (82191),Phillips 66 Rodeo (82191),"Renewable diesel produced from Soybean Oil transported by rail and barge to California; natural gas, steam, off gases, grid electricity and hydrogen; distributed in California via barge/ship/pipeline",,Phillips 66 Rodeo (82191),single_key_not_independently_audited,False
Texas,Soybean Oil (005),Renewable Diesel (RND),58.0,58.07,2024-10-16,Renewable Diesel,Diamond Green Diesel Holdings LLC (6072),DIAMOND GREEN DIESEL - PORT ARTHUR (82621),DIAMOND GREEN DIESEL - PORT ARTHUR (82621),"North American sourced Soybean Oil transported by rail to Renewable Diesel plant in Port Arthur Texas; Natural Gas, Hydrogen, and Grid Electricity; transported to California by ocean tanker (Provisional)",,DIAMOND GREEN DIESEL - PORT ARTHUR (82621),single_key_not_independently_audited,False
California,Soybean Oil (005),Renewable Diesel (RND),61.98,62.0,2024-10-16,Renewable Diesel,PHILLIPS 66 COMPANY (4528),Phillips 66 Rodeo (82191),Phillips 66 Rodeo (82191),"Renewable diesel produced from Argentinian soybean oil transported by ocean tanker to California; natural gas, steam, off gases, grid electricity and hydrogen; distributed in California via barge",,Phillips 66 Rodeo (82191),single_key_not_independently_audited,False
Mississippi,Soybean Oil (005),Renewable Diesel (RND),83.76,84.8,2024-10-23,Renewable Diesel,"Jaxon Energy, LLC (6454)","Jaxon Energy, LLC (83608)","Jaxon Energy, LLC (83608)","Midwest Sourced Soybean Oil transported by rail to Renewable Diesel plant in Jackson, Mississippi; Natural Gas, Grid Electricity, and Hydrogen; Renewable Diesel transported by rail to California (Provisional)",,"Jaxon Energy, LLC (83608)",single_key_not_independently_audited,False
New Mexico,Soybean Oil (005),Renewable Diesel (RND),57.67,58.24,2024-10-23,Renewable Diesel,ARTESIA RENEWABLE DIESEL COMPANY LLC (1646),RENEWABLE DIESEL UNIT (RDU) / PRE-TREATMENT UNIT (PTU) (82381),RENEWABLE DIESEL UNIT (RDU) / PRE-TREATMENT UNIT (PTU) (82381),"U.S sourced Soybean Oil transported by Rail and pre-treated at the Renewable Diesel plant in Artesia, New Mexico; Natural Gas, and Grid Electricity; finished fuel transported to California by Rail. (Provisional)",,RENEWABLE DIESEL UNIT (RDU) / PRE-TREATMENT UNIT (PTU) (82381),single_key_not_independently_audited,False
Wyoming,Soybean Oil (005),Renewable Diesel (RND),,60.79,2024-11-12,Electricity,Wyoming Renewable Diesel Company LLC (1440),Wyoming Renewable Diesel Company LLC (82441),Wyoming Renewable Diesel Company LLC (82441),"North American Sourced Soybean Oil, pre-treated at their Artesia New Mexico facility, transported by Rail to Renewable Diesel plant in Sinclair, Wyoming; Natural Gas, Grid Electricity, and Hydrogen; Fuel Transported to California by Rail",,sinclair_wy,Sinclair_site_verified_by_CARB,False
Louisiana,Soybean Oil (005),Renewable Diesel (RND),61.5,60.0,2024-11-13,Renewable Diesel,"REG Geismar, LLC (6268)","REG Geismar, LLC (80180)","REG Geismar, LLC (80180)","North American sourced Soybean Oil transported by rail to Renewable Diesel plant in Geismar, Louisiana; Natural Gas, Hydrogen and Grid Electricity; transported to California by truck and ocean tanker",,"REG Geismar, LLC (80180)",single_key_not_independently_audited,False
California,Soybean Oil (005),Renewable Diesel (RND),62.93,64.72,2024-11-15,Renewable Diesel,MARTINEZ RENEWABLES LLC (1845),MARTINEZ REFINERY (90001),MARTINEZ REFINERY (90001),"North American sourced Soybean Oil, pre-treated at various facilities, transported by truck, rail, and barge to Renewable Diesel plant in Martinez, California; Natural Gas and Electricity; fuel produced in California (Provisional)",,MARTINEZ REFINERY (90001),single_key_not_independently_audited,False
New Mexico,Soybean Oil (005),Renewable Diesel (RND),,59.69,2024-11-21,Electricity,ARTESIA RENEWABLE DIESEL COMPANY LLC (1646),RENEWABLE DIESEL UNIT (RDU) / PRE-TREATMENT UNIT (PTU) (82381),RENEWABLE DIESEL UNIT (RDU) / PRE-TREATMENT UNIT (PTU) (82381),"U.S. sourced Soybeans transported by Rail to Monterrey, Mexico; Extracted Soybean Oil transported back to the pre-treatment unit (PTU) in Artesia, New Mexico; Natural Gas, and Grid Electricity; finished fuel transported to California by Rail. (Provisional)",,RENEWABLE DIESEL UNIT (RDU) / PRE-TREATMENT UNIT (PTU) (82381),single_key_not_independently_audited,False
North Dakota,Soybean Oil (005),Renewable Diesel (RND),57.25,55.76,2024-12-30,Electricity,DAKOTA PRAIRIE REFINING (1166),Marathon Dickinson Refinery (F00313),Marathon Dickinson Refinery (F00313),"U.S sourced Soybean Oil transported by rail to Renewable Diesel plant in Dickinson, North Dakota; Natural Gas and Grid Electricity; transported to California by rail and ocean tanker (Provisional)",,Marathon Dickinson Refinery (F00313),single_key_not_independently_audited,False
