hub_id,physical_plant_id,road_km,legacy_road_km,air_km,source_carb_key
1,"AltAir Paramount, LLC (83180)",2871.069,2871.069,2409.7753558544064,"AltAir Paramount, LLC (83180)"
3,"AltAir Paramount, LLC (83180)",2971.768,2971.768,2459.349038012224,"AltAir Paramount, LLC (83180)"
5,"AltAir Paramount, LLC (83180)",3142.736,3142.736,2672.7097629345635,"AltAir Paramount, LLC (83180)"
6,"AltAir Paramount, LLC (83180)",3020.924,3020.924,2636.572305064277,"AltAir Paramount, LLC (83180)"
7,"AltAir Paramount, LLC (83180)",3199.376,3199.376,2750.863534340849,"AltAir Paramount, LLC (83180)"
8,"AltAir Paramount, LLC (83180)",3201.96,3201.96,2668.5584625845854,"AltAir Paramount, LLC (83180)"
9,"AltAir Paramount, LLC (83180)",3276.3,3276.3,2818.5510016571243,"AltAir Paramount, LLC (83180)"
10,"AltAir Paramount, LLC (83180)",3382.42,3382.42,2845.8894820687483,"AltAir Paramount, LLC (83180)"
11,"AltAir Paramount, LLC (83180)",3405.816,3405.816,2874.8943032313964,"AltAir Paramount, LLC (83180)"
12,"AltAir Paramount, LLC (83180)",2612.472,2612.472,2180.2235268114246,"AltAir Paramount, LLC (83180)"
13,"AltAir Paramount, LLC (83180)",2916.98,2916.98,2476.3555674382646,"AltAir Paramount, LLC (83180)"
14,"AltAir Paramount, LLC (83180)",2479.218,2479.218,2162.4954537543854,"AltAir Paramount, LLC (83180)"
15,"AltAir Paramount, LLC (83180)",2919.212,2919.212,2477.628174878499,"AltAir Paramount, LLC (83180)"
16,"AltAir Paramount, LLC (83180)",3375.165,3375.165,2944.643136460703,"AltAir Paramount, LLC (83180)"
17,"AltAir Paramount, LLC (83180)",2622.319,2622.319,2163.862192432318,"AltAir Paramount, LLC (83180)"
18,"AltAir Paramount, LLC (83180)",2720.68,2720.68,2314.1345726237655,"AltAir Paramount, LLC (83180)"
19,"AltAir Paramount, LLC (83180)",2639.079,2639.079,2237.703844747855,"AltAir Paramount, LLC (83180)"
20,"AltAir Paramount, LLC (83180)",3435.003,3435.003,2938.0632244713797,"AltAir Paramount, LLC (83180)"
21,"AltAir Paramount, LLC (83180)",2784.636,2784.636,2441.193199961555,"AltAir Paramount, LLC (83180)"
22,"AltAir Paramount, LLC (83180)",2845.506,2845.506,2364.5795514490296,"AltAir Paramount, LLC (83180)"
23,"AltAir Paramount, LLC (83180)",3530.947,3530.947,3015.145454519633,"AltAir Paramount, LLC (83180)"
24,"AltAir Paramount, LLC (83180)",2364.843,2364.843,2030.6511515875195,"AltAir Paramount, LLC (83180)"
25,"AltAir Paramount, LLC (83180)",3197.654,3197.654,2855.654495214019,"AltAir Paramount, LLC (83180)"
26,"AltAir Paramount, LLC (83180)",3197.654,3197.654,2855.654495214019,"AltAir Paramount, LLC (83180)"
27,"AltAir Paramount, LLC (83180)",3559.04,3559.04,3074.0419458005204,"AltAir Paramount, LLC (83180)"
28,"AltAir Paramount, LLC (83180)",2803.302,2803.302,2319.047104179414,"AltAir Paramount, LLC (83180)"
29,"AltAir Paramount, LLC (83180)",2629.944,2629.944,2203.4521307660652,"AltAir Paramount, LLC (83180)"
30,"AltAir Paramount, LLC (83180)",2507.777,2507.777,2121.007568362204,"AltAir Paramount, LLC (83180)"
31,"AltAir Paramount, LLC (83180)",2903.494,2903.494,2386.9679308157324,"AltAir Paramount, LLC (83180)"
34,"AltAir Paramount, LLC (83180)",3477.124,3477.124,2952.8597412495487,"AltAir Paramount, LLC (83180)"
35,"AltAir Paramount, LLC (83180)",3288.424,3288.424,2921.241697636862,"AltAir Paramount, LLC (83180)"
36,"AltAir Paramount, LLC (83180)",2416.633,2416.633,2037.3353970495323,"AltAir Paramount, LLC (83180)"
37,"AltAir Paramount, LLC (83180)",2493.484,2493.484,2074.2753807880135,"AltAir Paramount, LLC (83180)"
38,"AltAir Paramount, LLC (83180)",2789.261,2789.261,2275.616971213632,"AltAir Paramount, LLC (83180)"
39,"AltAir Paramount, LLC (83180)",3664.588,3664.588,3143.1511700432256,"AltAir Paramount, LLC (83180)"
40,"AltAir Paramount, LLC (83180)",2635.3,2635.3,2115.1583917806156,"AltAir Paramount, LLC (83180)"
41,"AltAir Paramount, LLC (83180)",2865.168,2865.168,2307.9972583934796,"AltAir Paramount, LLC (83180)"
42,"AltAir Paramount, LLC (83180)",2588.886,2588.886,2122.847617789902,"AltAir Paramount, LLC (83180)"
43,"AltAir Paramount, LLC (83180)",3112.604,3112.604,2489.9541870509543,"AltAir Paramount, LLC (83180)"
44,"AltAir Paramount, LLC (83180)",2922.986,2922.986,2362.419032445191,"AltAir Paramount, LLC (83180)"
45,"AltAir Paramount, LLC (83180)",2927.537,2927.537,2366.355836740312,"AltAir Paramount, LLC (83180)"
46,"AltAir Paramount, LLC (83180)",2680.38,2680.38,2186.880575209622,"AltAir Paramount, LLC (83180)"
47,"AltAir Paramount, LLC (83180)",3684.777,3684.777,3195.529910680839,"AltAir Paramount, LLC (83180)"
48,"AltAir Paramount, LLC (83180)",3594.166,3594.166,3146.9429278720204,"AltAir Paramount, LLC (83180)"
49,"AltAir Paramount, LLC (83180)",2768.378,2768.378,2158.629664529554,"AltAir Paramount, LLC (83180)"
50,"AltAir Paramount, LLC (83180)",2876.839,2876.839,2248.304443215371,"AltAir Paramount, LLC (83180)"
51,"AltAir Paramount, LLC (83180)",3026.619,3026.619,2652.3084274476073,"AltAir Paramount, LLC (83180)"
52,"AltAir Paramount, LLC (83180)",3930.169,3930.169,3434.299413390239,"AltAir Paramount, LLC (83180)"
53,"AltAir Paramount, LLC (83180)",1955.028,1955.028,1582.8853679945048,"AltAir Paramount, LLC (83180)"
55,"AltAir Paramount, LLC (83180)",2863.407,2863.407,2294.627024084183,"AltAir Paramount, LLC (83180)"
56,"AltAir Paramount, LLC (83180)",2843.096,2843.096,2234.5435785439918,"AltAir Paramount, LLC (83180)"
57,"AltAir Paramount, LLC (83180)",3761.435,3761.435,3279.8914091099837,"AltAir Paramount, LLC (83180)"
58,"AltAir Paramount, LLC (83180)",4112.169,4112.169,3580.905760799758,"AltAir Paramount, LLC (83180)"
59,"AltAir Paramount, LLC (83180)",4283.576,4283.576,3733.212450791357,"AltAir Paramount, LLC (83180)"
60,"AltAir Paramount, LLC (83180)",4373.42,4373.42,3780.192828763149,"AltAir Paramount, LLC (83180)"
61,"AltAir Paramount, LLC (83180)",3078.777,3078.777,2404.6103378491925,"AltAir Paramount, LLC (83180)"
62,"AltAir Paramount, LLC (83180)",4427.503,4427.503,3825.6404484916284,"AltAir Paramount, LLC (83180)"
63,"AltAir Paramount, LLC (83180)",2682.782,2682.782,2127.537448096308,"AltAir Paramount, LLC (83180)"
1,Chevron El Segundo (01013),2896.378,2896.378,2432.159608609119,Chevron El Segundo (01013)
3,Chevron El Segundo (01013),2997.078,2997.078,2481.3727792030727,Chevron El Segundo (01013)
5,Chevron El Segundo (01013),3168.045,3168.045,2694.8565276074396,Chevron El Segundo (01013)
6,Chevron El Segundo (01013),3046.234,3046.234,2659.928951227227,Chevron El Segundo (01013)
7,Chevron El Segundo (01013),3224.685,3224.685,2773.870286775818,Chevron El Segundo (01013)
8,Chevron El Segundo (01013),3227.269,3227.269,2690.4000896289494,Chevron El Segundo (01013)
9,Chevron El Segundo (01013),3301.61,3301.61,2841.6141583971175,Chevron El Segundo (01013)
10,Chevron El Segundo (01013),3407.729,3407.729,2867.840796562895,Chevron El Segundo (01013)
11,Chevron El Segundo (01013),3431.125,3431.125,2896.910471747598,Chevron El Segundo (01013)
12,Chevron El Segundo (01013),2637.78,2637.78,2202.498694954858,Chevron El Segundo (01013)
13,Chevron El Segundo (01013),2942.289,2942.289,2497.1870788218152,Chevron El Segundo (01013)
14,Chevron El Segundo (01013),2504.528,2504.528,2185.454315998078,Chevron El Segundo (01013)
15,Chevron El Segundo (01013),2944.521,2944.521,2498.449839169395,Chevron El Segundo (01013)
16,Chevron El Segundo (01013),3400.474,3400.474,2966.9438220077386,Chevron El Segundo (01013)
17,Chevron El Segundo (01013),2647.628,2647.628,2185.761631604264,Chevron El Segundo (01013)
18,Chevron El Segundo (01013),2745.99,2745.99,2334.972755578187,Chevron El Segundo (01013)
19,Chevron El Segundo (01013),2664.388,2664.388,2258.8213027929155,Chevron El Segundo (01013)
20,Chevron El Segundo (01013),3460.312,3460.312,2959.7057750786184,Chevron El Segundo (01013)
21,Chevron El Segundo (01013),2809.945,2809.945,2465.393490316237,Chevron El Segundo (01013)
22,Chevron El Segundo (01013),2870.815,2870.815,2384.8782398162407,Chevron El Segundo (01013)
23,Chevron El Segundo (01013),3556.256,3556.256,3036.9445615331324,Chevron El Segundo (01013)
24,Chevron El Segundo (01013),2390.152,2390.152,2053.2386399929856,Chevron El Segundo (01013)
25,Chevron El Segundo (01013),3222.963,3222.963,2879.7081924415993,Chevron El Segundo (01013)
26,Chevron El Segundo (01013),3222.963,3222.963,2879.7081924415993,Chevron El Segundo (01013)
27,Chevron El Segundo (01013),3584.35,3584.35,3096.107662255935,Chevron El Segundo (01013)
28,Chevron El Segundo (01013),2828.611,2828.611,2339.1503122011923,Chevron El Segundo (01013)
29,Chevron El Segundo (01013),2655.254,2655.254,2223.8985475643935,Chevron El Segundo (01013)
30,Chevron El Segundo (01013),2533.086,2533.086,2141.878345952926,Chevron El Segundo (01013)
31,Chevron El Segundo (01013),2928.803,2928.803,2406.8568950476115,Chevron El Segundo (01013)
34,Chevron El Segundo (01013),3502.432,3502.432,2973.6521668616942,Chevron El Segundo (01013)
35,Chevron El Segundo (01013),3313.733,3313.733,2945.339163872835,Chevron El Segundo (01013)
36,Chevron El Segundo (01013),2441.942,2441.942,2058.3305510354558,Chevron El Segundo (01013)
37,Chevron El Segundo (01013),2518.792,2518.792,2094.84641694405,Chevron El Segundo (01013)
38,Chevron El Segundo (01013),2814.57,2814.57,2295.2981246183945,Chevron El Segundo (01013)
39,Chevron El Segundo (01013),3689.898,3689.898,3164.847001789206,Chevron El Segundo (01013)
40,Chevron El Segundo (01013),2660.608,2660.608,2135.107378976064,Chevron El Segundo (01013)
41,Chevron El Segundo (01013),2890.478,2890.478,2327.2936552045026,Chevron El Segundo (01013)
42,Chevron El Segundo (01013),2614.195,2614.195,2142.6297683587145,Chevron El Segundo (01013)
43,Chevron El Segundo (01013),3137.914,3137.914,2508.9742853336083,Chevron El Segundo (01013)
44,Chevron El Segundo (01013),2948.295,2948.295,2381.455126259353,Chevron El Segundo (01013)
45,Chevron El Segundo (01013),2952.846,2952.846,2385.37749752504,Chevron El Segundo (01013)
46,Chevron El Segundo (01013),2705.69,2705.69,2206.271334748887,Chevron El Segundo (01013)
47,Chevron El Segundo (01013),3710.086,3710.086,3217.1771336407187,Chevron El Segundo (01013)
48,Chevron El Segundo (01013),3619.475,3619.475,3170.9811928638037,Chevron El Segundo (01013)
49,Chevron El Segundo (01013),2793.687,2793.687,2176.8854260200105,Chevron El Segundo (01013)
50,Chevron El Segundo (01013),2902.148,2902.148,2266.303108549203,Chevron El Segundo (01013)
51,Chevron El Segundo (01013),3051.928,3051.928,2677.144389013894,Chevron El Segundo (01013)
52,Chevron El Segundo (01013),3955.478,3955.478,3458.17548246917,Chevron El Segundo (01013)
53,Chevron El Segundo (01013),1980.337,1980.337,1604.1506673891565,Chevron El Segundo (01013)
55,Chevron El Segundo (01013),2888.716,2888.716,2310.83282494721,Chevron El Segundo (01013)
56,Chevron El Segundo (01013),2868.406,2868.406,2250.739020839395,Chevron El Segundo (01013)
57,Chevron El Segundo (01013),3786.744,3786.744,3304.5073135366383,Chevron El Segundo (01013)
58,Chevron El Segundo (01013),4137.478,4137.478,3604.59891337722,Chevron El Segundo (01013)
59,Chevron El Segundo (01013),4308.885,4308.885,3756.515358654523,Chevron El Segundo (01013)
60,Chevron El Segundo (01013),4398.73,4398.73,3803.356202662369,Chevron El Segundo (01013)
61,Chevron El Segundo (01013),3104.086,3104.086,2419.3825328483285,Chevron El Segundo (01013)
62,Chevron El Segundo (01013),4452.812,4452.812,3848.315546940851,Chevron El Segundo (01013)
63,Chevron El Segundo (01013),2708.091,2708.091,2141.2020579787845,Chevron El Segundo (01013)
1,Cheyenne Renewable Diesel Company LLC (F00494),1245.509,1245.509,1118.0480491163696,Cheyenne Renewable Diesel Company LLC (F00494)
3,Cheyenne Renewable Diesel Company LLC (F00494),1271.874,1271.874,1138.6195196926506,Cheyenne Renewable Diesel Company LLC (F00494)
5,Cheyenne Renewable Diesel Company LLC (F00494),1476.502,1476.502,1350.5361966175874,Cheyenne Renewable Diesel Company LLC (F00494)
6,Cheyenne Renewable Diesel Company LLC (F00494),1644.183,1644.183,1421.2409103314571,Cheyenne Renewable Diesel Company LLC (F00494)
7,Cheyenne Renewable Diesel Company LLC (F00494),1679.191,1679.191,1491.8524863679916,Cheyenne Renewable Diesel Company LLC (F00494)
8,Cheyenne Renewable Diesel Company LLC (F00494),1498.87,1498.87,1328.203140121179,Cheyenne Renewable Diesel Company LLC (F00494)
9,Cheyenne Renewable Diesel Company LLC (F00494),1756.116,1756.116,1561.2255749197582,Cheyenne Renewable Diesel Company LLC (F00494)
10,Cheyenne Renewable Diesel Company LLC (F00494),1717.622,1717.622,1506.3522254636844,Cheyenne Renewable Diesel Company LLC (F00494)
11,Cheyenne Renewable Diesel Company LLC (F00494),1748.277,1748.277,1538.2030292802358,Cheyenne Renewable Diesel Company LLC (F00494)
12,Cheyenne Renewable Diesel Company LLC (F00494),1022.142,1022.142,898.1328281740039,Cheyenne Renewable Diesel Company LLC (F00494)
13,Cheyenne Renewable Diesel Company LLC (F00494),1213.89,1213.89,1094.5504667824932,Cheyenne Renewable Diesel Company LLC (F00494)
14,Cheyenne Renewable Diesel Company LLC (F00494),1179.668,1179.668,949.4738001977234,Cheyenne Renewable Diesel Company LLC (F00494)
15,Cheyenne Renewable Diesel Company LLC (F00494),1216.122,1216.122,1095.4310263468408,Cheyenne Renewable Diesel Company LLC (F00494)
16,Cheyenne Renewable Diesel Company LLC (F00494),1817.761,1817.761,1623.0338669125047,Cheyenne Renewable Diesel Company LLC (F00494)
17,Cheyenne Renewable Diesel Company LLC (F00494),942.852,942.852,853.6980460472307,Cheyenne Renewable Diesel Company LLC (F00494)
18,Cheyenne Renewable Diesel Company LLC (F00494),1017.591,1017.591,936.641828558332,Cheyenne Renewable Diesel Company LLC (F00494)
19,Cheyenne Renewable Diesel Company LLC (F00494),935.989,935.989,875.5009698280594,Cheyenne Renewable Diesel Company LLC (F00494)
20,Cheyenne Renewable Diesel Company LLC (F00494),1731.913,1731.913,1580.5895744155891,Cheyenne Renewable Diesel Company LLC (F00494)
21,Cheyenne Renewable Diesel Company LLC (F00494),1800.415,1800.415,1376.801897031848,Cheyenne Renewable Diesel Company LLC (F00494)
22,Cheyenne Renewable Diesel Company LLC (F00494),1142.416,1142.416,967.2342033298479,Cheyenne Renewable Diesel Company LLC (F00494)
23,Cheyenne Renewable Diesel Company LLC (F00494),1815.444,1815.444,1663.6428164881236,Cheyenne Renewable Diesel Company LLC (F00494)
24,Cheyenne Renewable Diesel Company LLC (F00494),1024.831,1024.831,796.5516729879216,Cheyenne Renewable Diesel Company LLC (F00494)
25,Cheyenne Renewable Diesel Company LLC (F00494),2076.4,2076.4,1720.5563058616415,Cheyenne Renewable Diesel Company LLC (F00494)
26,Cheyenne Renewable Diesel Company LLC (F00494),2076.4,2076.4,1720.5563058616415,Cheyenne Renewable Diesel Company LLC (F00494)
27,Cheyenne Renewable Diesel Company LLC (F00494),1993.667,1993.667,1735.1809071269295,Cheyenne Renewable Diesel Company LLC (F00494)
28,Cheyenne Renewable Diesel Company LLC (F00494),1100.212,1100.212,916.9742919399608,Cheyenne Renewable Diesel Company LLC (F00494)
29,Cheyenne Renewable Diesel Company LLC (F00494),926.855,926.855,814.1239166412588,Cheyenne Renewable Diesel Company LLC (F00494)
30,Cheyenne Renewable Diesel Company LLC (F00494),804.687,804.687,752.134471717678,Cheyenne Renewable Diesel Company LLC (F00494)
31,Cheyenne Renewable Diesel Company LLC (F00494),1200.404,1200.404,979.0367662586307,Cheyenne Renewable Diesel Company LLC (F00494)
34,Cheyenne Renewable Diesel Company LLC (F00494),1774.034,1774.034,1562.7441084500808,Cheyenne Renewable Diesel Company LLC (F00494)
35,Cheyenne Renewable Diesel Company LLC (F00494),2157.748,2157.748,1788.7727384509335,Cheyenne Renewable Diesel Company LLC (F00494)
36,Cheyenne Renewable Diesel Company LLC (F00494),713.543,713.543,679.421115620848,Cheyenne Renewable Diesel Company LLC (F00494)
37,Cheyenne Renewable Diesel Company LLC (F00494),790.394,790.394,694.0300662579094,Cheyenne Renewable Diesel Company LLC (F00494)
38,Cheyenne Renewable Diesel Company LLC (F00494),1086.171,1086.171,864.3965114940844,Cheyenne Renewable Diesel Company LLC (F00494)
39,Cheyenne Renewable Diesel Company LLC (F00494),1961.499,1961.499,1784.4259730424837,Cheyenne Renewable Diesel Company LLC (F00494)
40,Cheyenne Renewable Diesel Company LLC (F00494),932.21,932.21,712.1947474693318,Cheyenne Renewable Diesel Company LLC (F00494)
41,Cheyenne Renewable Diesel Company LLC (F00494),1125.16,1125.16,890.4149781123207,Cheyenne Renewable Diesel Company LLC (F00494)
42,Cheyenne Renewable Diesel Company LLC (F00494),885.796,885.796,715.4784924197592,Cheyenne Renewable Diesel Company LLC (F00494)
43,Cheyenne Renewable Diesel Company LLC (F00494),1344.092,1344.092,1069.1725351766963,Cheyenne Renewable Diesel Company LLC (F00494)
44,Cheyenne Renewable Diesel Company LLC (F00494),1182.978,1182.978,941.9355893763355,Cheyenne Renewable Diesel Company LLC (F00494)
45,Cheyenne Renewable Diesel Company LLC (F00494),1187.528,1187.528,945.7447918422766,Cheyenne Renewable Diesel Company LLC (F00494)
46,Cheyenne Renewable Diesel Company LLC (F00494),977.291,977.291,771.201017676978,Cheyenne Renewable Diesel Company LLC (F00494)
47,Cheyenne Renewable Diesel Company LLC (F00494),1981.687,1981.687,1833.8141142549289,Cheyenne Renewable Diesel Company LLC (F00494)
48,Cheyenne Renewable Diesel Company LLC (F00494),2324.685,2324.685,1989.8649434744607,Cheyenne Renewable Diesel Company LLC (F00494)
49,Cheyenne Renewable Diesel Company LLC (F00494),1028.369,1028.369,735.6328656732054,Cheyenne Renewable Diesel Company LLC (F00494)
50,Cheyenne Renewable Diesel Company LLC (F00494),1136.831,1136.831,826.221270958483,Cheyenne Renewable Diesel Company LLC (F00494)
51,Cheyenne Renewable Diesel Company LLC (F00494),2198.96,2198.96,1799.824134066264,Cheyenne Renewable Diesel Company LLC (F00494)
52,Cheyenne Renewable Diesel Company LLC (F00494),2636.99,2636.99,2239.385738035256,Cheyenne Renewable Diesel Company LLC (F00494)
53,Cheyenne Renewable Diesel Company LLC (F00494),463.578,463.578,327.67103904994633,Cheyenne Renewable Diesel Company LLC (F00494)
55,Cheyenne Renewable Diesel Company LLC (F00494),1317.599,1317.599,898.8971951445673,Cheyenne Renewable Diesel Company LLC (F00494)
56,Cheyenne Renewable Diesel Company LLC (F00494),1159.718,1159.718,840.3433170468959,Cheyenne Renewable Diesel Company LLC (F00494)
57,Cheyenne Renewable Diesel Company LLC (F00494),2686.634,2686.634,2242.2156704085455,Cheyenne Renewable Diesel Company LLC (F00494)
58,Cheyenne Renewable Diesel Company LLC (F00494),2769.746,2769.746,2357.63188952493,Cheyenne Renewable Diesel Company LLC (F00494)
59,Cheyenne Renewable Diesel Company LLC (F00494),2912.837,2912.837,2465.6805419077937,Cheyenne Renewable Diesel Company LLC (F00494)
60,Cheyenne Renewable Diesel Company LLC (F00494),2900.768,2900.768,2499.5470770428888,Cheyenne Renewable Diesel Company LLC (F00494)
61,Cheyenne Renewable Diesel Company LLC (F00494),1544.731,1544.731,1045.2821681365929,Cheyenne Renewable Diesel Company LLC (F00494)
62,Cheyenne Renewable Diesel Company LLC (F00494),2818.074,2818.074,2508.6031524997325,Cheyenne Renewable Diesel Company LLC (F00494)
63,Cheyenne Renewable Diesel Company LLC (F00494),1113.169,1113.169,826.8056865681594,Cheyenne Renewable Diesel Company LLC (F00494)
1,DIAMOND GREEN DIESEL - PORT ARTHUR (82621),1301.314,1301.314,1053.444687500746,DIAMOND GREEN DIESEL - PORT ARTHUR (82621)
3,DIAMOND GREEN DIESEL - PORT ARTHUR (82621),1431.385,1431.385,1142.0548332851888,DIAMOND GREEN DIESEL - PORT ARTHUR (82621)
5,DIAMOND GREEN DIESEL - PORT ARTHUR (82621),1435.331,1435.331,1205.5712564919863,DIAMOND GREEN DIESEL - PORT ARTHUR (82621)
6,DIAMOND GREEN DIESEL - PORT ARTHUR (82621),1126.76,1126.76,911.7084091608446,DIAMOND GREEN DIESEL - PORT ARTHUR (82621)
7,DIAMOND GREEN DIESEL - PORT ARTHUR (82621),1314.888,1314.888,1058.7692060568193,DIAMOND GREEN DIESEL - PORT ARTHUR (82621)
8,DIAMOND GREEN DIESEL - PORT ARTHUR (82621),1496.523,1496.523,1263.5992427613558,DIAMOND GREEN DIESEL - PORT ARTHUR (82621)
9,DIAMOND GREEN DIESEL - PORT ARTHUR (82621),1383.15,1383.15,1084.5926248390417,DIAMOND GREEN DIESEL - PORT ARTHUR (82621)
10,DIAMOND GREEN DIESEL - PORT ARTHUR (82621),1653.104,1653.104,1336.5803798681175,DIAMOND GREEN DIESEL - PORT ARTHUR (82621)
11,DIAMOND GREEN DIESEL - PORT ARTHUR (82621),1676.5,1676.5,1341.0246002487017,DIAMOND GREEN DIESEL - PORT ARTHUR (82621)
12,DIAMOND GREEN DIESEL - PORT ARTHUR (82621),1194.524,1194.524,1032.6495278521352,DIAMOND GREEN DIESEL - PORT ARTHUR (82621)
13,DIAMOND GREEN DIESEL - PORT ARTHUR (82621),1669.511,1669.511,1362.6048199902807,DIAMOND GREEN DIESEL - PORT ARTHUR (82621)
14,DIAMOND GREEN DIESEL - PORT ARTHUR (82621),1052.607,1052.607,889.6957175733897,DIAMOND GREEN DIESEL - PORT ARTHUR (82621)
15,DIAMOND GREEN DIESEL - PORT ARTHUR (82621),1671.743,1671.743,1364.7089931319042,DIAMOND GREEN DIESEL - PORT ARTHUR (82621)
16,DIAMOND GREEN DIESEL - PORT ARTHUR (82621),1645.85,1645.85,1327.6558104369497,DIAMOND GREEN DIESEL - PORT ARTHUR (82621)
17,DIAMOND GREEN DIESEL - PORT ARTHUR (82621),1271.857,1271.857,1101.510994047413,DIAMOND GREEN DIESEL - PORT ARTHUR (82621)
18,DIAMOND GREEN DIESEL - PORT ARTHUR (82621),1517.352,1517.352,1310.0681386077747,DIAMOND GREEN DIESEL - PORT ARTHUR (82621)
19,DIAMOND GREEN DIESEL - PORT ARTHUR (82621),1481.268,1481.268,1246.9544995922788,DIAMOND GREEN DIESEL - PORT ARTHUR (82621)
20,DIAMOND GREEN DIESEL - PORT ARTHUR (82621),1785.517,1785.517,1449.6420672747147,DIAMOND GREEN DIESEL - PORT ARTHUR (82621)
21,DIAMOND GREEN DIESEL - PORT ARTHUR (82621),671.084,671.084,562.9159051705333,DIAMOND GREEN DIESEL - PORT ARTHUR (82621)
22,DIAMOND GREEN DIESEL - PORT ARTHUR (82621),1641.728,1641.728,1409.5617566232502,DIAMOND GREEN DIESEL - PORT ARTHUR (82621)
23,DIAMOND GREEN DIESEL - PORT ARTHUR (82621),1801.631,1801.631,1469.4787009192494,DIAMOND GREEN DIESEL - PORT ARTHUR (82621)
24,DIAMOND GREEN DIESEL - PORT ARTHUR (82621),1196.124,1196.124,972.6020374089301,DIAMOND GREEN DIESEL - PORT ARTHUR (82621)
25,DIAMOND GREEN DIESEL - PORT ARTHUR (82621),1071.3,1071.3,843.5787042010239,DIAMOND GREEN DIESEL - PORT ARTHUR (82621)
26,DIAMOND GREEN DIESEL - PORT ARTHUR (82621),1071.3,1071.3,843.5787042010239,DIAMOND GREEN DIESEL - PORT ARTHUR (82621)
27,DIAMOND GREEN DIESEL - PORT ARTHUR (82621),1736.34,1736.34,1458.5102165106148,DIAMOND GREEN DIESEL - PORT ARTHUR (82621)
28,DIAMOND GREEN DIESEL - PORT ARTHUR (82621),1629.058,1629.058,1425.4279298943366,DIAMOND GREEN DIESEL - PORT ARTHUR (82621)
29,DIAMOND GREEN DIESEL - PORT ARTHUR (82621),1534.928,1534.928,1345.664338215192,DIAMOND GREEN DIESEL - PORT ARTHUR (82621)
30,DIAMOND GREEN DIESEL - PORT ARTHUR (82621),1405.619,1405.619,1267.9571015375689,DIAMOND GREEN DIESEL - PORT ARTHUR (82621)
31,DIAMOND GREEN DIESEL - PORT ARTHUR (82621),1699.716,1699.716,1478.500490489002,DIAMOND GREEN DIESEL - PORT ARTHUR (82621)
34,DIAMOND GREEN DIESEL - PORT ARTHUR (82621),1911.578,1911.578,1606.8730852403708,DIAMOND GREEN DIESEL - PORT ARTHUR (82621)
35,DIAMOND GREEN DIESEL - PORT ARTHUR (82621),1080.876,1080.876,878.4862782170738,DIAMOND GREEN DIESEL - PORT ARTHUR (82621)
36,DIAMOND GREEN DIESEL - PORT ARTHUR (82621),1505.598,1505.598,1242.111385543207,DIAMOND GREEN DIESEL - PORT ARTHUR (82621)
37,DIAMOND GREEN DIESEL - PORT ARTHUR (82621),1582.448,1582.448,1307.7838598418155,DIAMOND GREEN DIESEL - PORT ARTHUR (82621)
38,DIAMOND GREEN DIESEL - PORT ARTHUR (82621),1733.914,1733.914,1474.430769132479,DIAMOND GREEN DIESEL - PORT ARTHUR (82621)
39,DIAMOND GREEN DIESEL - PORT ARTHUR (82621),1930.301,1930.301,1574.221123429032,DIAMOND GREEN DIESEL - PORT ARTHUR (82621)
40,DIAMOND GREEN DIESEL - PORT ARTHUR (82621),1556.451,1556.451,1401.63143848428,DIAMOND GREEN DIESEL - PORT ARTHUR (82621)
41,DIAMOND GREEN DIESEL - PORT ARTHUR (82621),1850.503,1850.503,1537.5396527084588,DIAMOND GREEN DIESEL - PORT ARTHUR (82621)
42,DIAMOND GREEN DIESEL - PORT ARTHUR (82621),1578.24,1578.24,1425.9097929812076,DIAMOND GREEN DIESEL - PORT ARTHUR (82621)
43,DIAMOND GREEN DIESEL - PORT ARTHUR (82621),1908.827,1908.827,1641.3549740763283,DIAMOND GREEN DIESEL - PORT ARTHUR (82621)
44,DIAMOND GREEN DIESEL - PORT ARTHUR (82621),1847.368,1847.368,1590.8844349317912,DIAMOND GREEN DIESEL - PORT ARTHUR (82621)
45,DIAMOND GREEN DIESEL - PORT ARTHUR (82621),1850.74,1850.74,1594.208041573008,DIAMOND GREEN DIESEL - PORT ARTHUR (82621)
46,DIAMOND GREEN DIESEL - PORT ARTHUR (82621),1669.734,1669.734,1492.0292656994313,DIAMOND GREEN DIESEL - PORT ARTHUR (82621)
47,DIAMOND GREEN DIESEL - PORT ARTHUR (82621),1987.754,1987.754,1619.5413201022368,DIAMOND GREEN DIESEL - PORT ARTHUR (82621)
48,DIAMOND GREEN DIESEL - PORT ARTHUR (82621),1234.34,1234.34,1075.397880821636,DIAMOND GREEN DIESEL - PORT ARTHUR (82621)
49,DIAMOND GREEN DIESEL - PORT ARTHUR (82621),1806.86,1806.86,1630.2681886422479,DIAMOND GREEN DIESEL - PORT ARTHUR (82621)
50,DIAMOND GREEN DIESEL - PORT ARTHUR (82621),1915.321,1915.321,1687.1809910069167,DIAMOND GREEN DIESEL - PORT ARTHUR (82621)
51,DIAMOND GREEN DIESEL - PORT ARTHUR (82621),412.718,412.718,348.2746699588183,DIAMOND GREEN DIESEL - PORT ARTHUR (82621)
52,DIAMOND GREEN DIESEL - PORT ARTHUR (82621),1564.645,1564.645,1361.4294602560785,DIAMOND GREEN DIESEL - PORT ARTHUR (82621)
53,DIAMOND GREEN DIESEL - PORT ARTHUR (82621),1582.441,1582.441,1271.1477297424794,DIAMOND GREEN DIESEL - PORT ARTHUR (82621)
55,DIAMOND GREEN DIESEL - PORT ARTHUR (82621),2096.09,2096.09,1911.1836205104378,DIAMOND GREEN DIESEL - PORT ARTHUR (82621)
56,DIAMOND GREEN DIESEL - PORT ARTHUR (82621),2122.212,2122.212,1890.1153511567315,DIAMOND GREEN DIESEL - PORT ARTHUR (82621)
57,DIAMOND GREEN DIESEL - PORT ARTHUR (82621),1147.534,1147.534,1033.1995794025765,DIAMOND GREEN DIESEL - PORT ARTHUR (82621)
58,DIAMOND GREEN DIESEL - PORT ARTHUR (82621),1746.645,1746.645,1530.5990630514023,DIAMOND GREEN DIESEL - PORT ARTHUR (82621)
59,DIAMOND GREEN DIESEL - PORT ARTHUR (82621),2004.116,2004.116,1743.2541410902322,DIAMOND GREEN DIESEL - PORT ARTHUR (82621)
60,DIAMOND GREEN DIESEL - PORT ARTHUR (82621),2065.189,2065.189,1811.0169243403,DIAMOND GREEN DIESEL - PORT ARTHUR (82621)
61,DIAMOND GREEN DIESEL - PORT ARTHUR (82621),2323.221,2323.221,2111.3187819210857,DIAMOND GREEN DIESEL - PORT ARTHUR (82621)
62,DIAMOND GREEN DIESEL - PORT ARTHUR (82621),2329.388,2329.388,1938.8925562395927,DIAMOND GREEN DIESEL - PORT ARTHUR (82621)
63,DIAMOND GREEN DIESEL - PORT ARTHUR (82621),2457.96,2457.96,2105.241862011149,DIAMOND GREEN DIESEL - PORT ARTHUR (82621)
1,Diamond Green Diesel LLC (81496),1231.659,1231.659,1028.7749493583954,Diamond Green Diesel LLC (81496)
3,Diamond Green Diesel LLC (81496),1255.451,1255.451,1105.6934306994447,Diamond Green Diesel LLC (81496)
5,Diamond Green Diesel LLC (81496),1220.788,1220.788,1105.8300889791071,Diamond Green Diesel LLC (81496)
6,Diamond Green Diesel LLC (81496),875.623,875.623,788.3908252049239,Diamond Green Diesel LLC (81496)
7,Diamond Green Diesel LLC (81496),1063.751,1063.751,911.5628515982427,Diamond Green Diesel LLC (81496)
8,Diamond Green Diesel LLC (81496),1287.801,1287.801,1171.8220657074892,Diamond Green Diesel LLC (81496)
9,Diamond Green Diesel LLC (81496),1096.914,1096.914,916.2841603749491,Diamond Green Diesel LLC (81496)
10,Diamond Green Diesel LLC (81496),1401.967,1401.967,1199.5626542765092,Diamond Green Diesel LLC (81496)
11,Diamond Green Diesel LLC (81496),1425.363,1425.363,1195.7824438563216,Diamond Green Diesel LLC (81496)
12,Diamond Green Diesel LLC (81496),1333.36,1333.36,1083.7686109452989,Diamond Green Diesel LLC (81496)
13,Diamond Green Diesel LLC (81496),1493.577,1493.577,1335.7409498588747,Diamond Green Diesel LLC (81496)
14,Diamond Green Diesel LLC (81496),1203.114,1203.114,953.0248100127698,Diamond Green Diesel LLC (81496)
15,Diamond Green Diesel LLC (81496),1495.809,1495.809,1337.642422271576,Diamond Green Diesel LLC (81496)
16,Diamond Green Diesel LLC (81496),1359.638,1359.638,1158.6560002474823,Diamond Green Diesel LLC (81496)
17,Diamond Green Diesel LLC (81496),1417.335,1417.335,1156.263585853766,Diamond Green Diesel LLC (81496)
18,Diamond Green Diesel LLC (81496),1599.207,1599.207,1324.5869406316533,Diamond Green Diesel LLC (81496)
19,Diamond Green Diesel LLC (81496),1607.704,1607.704,1280.6216801063097,Diamond Green Diesel LLC (81496)
20,Diamond Green Diesel LLC (81496),1508.264,1508.264,1302.1016579467298,Diamond Green Diesel LLC (81496)
21,Diamond Green Diesel LLC (81496),635.926,635.926,510.08848617462047,Diamond Green Diesel LLC (81496)
22,Diamond Green Diesel LLC (81496),1665.614,1665.614,1415.1805112444822,Diamond Green Diesel LLC (81496)
23,Diamond Green Diesel LLC (81496),1537.798,1537.798,1302.873573598102,Diamond Green Diesel LLC (81496)
24,Diamond Green Diesel LLC (81496),1362.822,1362.822,1074.7638658478656,Diamond Green Diesel LLC (81496)
25,Diamond Green Diesel LLC (81496),707.717,707.717,604.8256909420465,Diamond Green Diesel LLC (81496)
26,Diamond Green Diesel LLC (81496),707.717,707.717,604.8256909420465,Diamond Green Diesel LLC (81496)
27,Diamond Green Diesel LLC (81496),1465.769,1465.769,1273.0172659511354,Diamond Green Diesel LLC (81496)
28,Diamond Green Diesel LLC (81496),1736.845,1736.845,1443.3693857652427,Diamond Green Diesel LLC (81496)
29,Diamond Green Diesel LLC (81496),1687.953,1687.953,1390.2633356921483,Diamond Green Diesel LLC (81496)
30,Diamond Green Diesel LLC (81496),1607.228,1607.228,1333.1417895578024,Diamond Green Diesel LLC (81496)
31,Diamond Green Diesel LLC (81496),1717.051,1717.051,1482.1789320949551,Diamond Green Diesel LLC (81496)
34,Diamond Green Diesel LLC (81496),1660.442,1660.442,1477.9909972367554,Diamond Green Diesel LLC (81496)
35,Diamond Green Diesel LLC (81496),717.294,717.294,618.7601367655757,Diamond Green Diesel LLC (81496)
36,Diamond Green Diesel LLC (81496),1640.928,1640.928,1329.394223849151,Diamond Green Diesel LLC (81496)
37,Diamond Green Diesel LLC (81496),1682.868,1682.868,1384.7707100094474,Diamond Green Diesel LLC (81496)
38,Diamond Green Diesel LLC (81496),1849.111,1849.111,1505.1034243498,Diamond Green Diesel LLC (81496)
39,Diamond Green Diesel LLC (81496),1596.212,1596.212,1389.1769934564818,Diamond Green Diesel LLC (81496)
40,Diamond Green Diesel LLC (81496),1758.06,1758.06,1468.8881512992273,Diamond Green Diesel LLC (81496)
41,Diamond Green Diesel LLC (81496),1888.253,1888.253,1563.3052862439033,Diamond Green Diesel LLC (81496)
42,Diamond Green Diesel LLC (81496),1779.85,1779.85,1491.6502180135872,Diamond Green Diesel LLC (81496)
43,Diamond Green Diesel LLC (81496),1837.42,1837.42,1631.0218683668616,Diamond Green Diesel LLC (81496)
44,Diamond Green Diesel LLC (81496),1885.119,1885.119,1606.7927847681624,Diamond Green Diesel LLC (81496)
45,Diamond Green Diesel LLC (81496),1888.491,1888.491,1609.3978584569602,Diamond Green Diesel LLC (81496)
46,Diamond Green Diesel LLC (81496),1871.343,1871.343,1544.241006064534,Diamond Green Diesel LLC (81496)
47,Diamond Green Diesel LLC (81496),1653.666,1653.666,1428.0570503359224,Diamond Green Diesel LLC (81496)
48,Diamond Green Diesel LLC (81496),870.172,870.172,781.5214597900072,Diamond Green Diesel LLC (81496)
49,Diamond Green Diesel LLC (81496),2008.469,2008.469,1693.0755038977027,Diamond Green Diesel LLC (81496)
50,Diamond Green Diesel LLC (81496),2116.93,2116.93,1733.2617462188364,Diamond Green Diesel LLC (81496)
51,Diamond Green Diesel LLC (81496),11.766,11.766,7.51368280202014,Diamond Green Diesel LLC (81496)
52,Diamond Green Diesel LLC (81496),1200.477,1200.477,1051.0761504606867,Diamond Green Diesel LLC (81496)
53,Diamond Green Diesel LLC (81496),1843.15,1843.15,1465.2704579002195,Diamond Green Diesel LLC (81496)
55,Diamond Green Diesel LLC (81496),2297.699,2297.699,1959.7747176922678,Diamond Green Diesel LLC (81496)
56,Diamond Green Diesel LLC (81496),2323.821,2323.821,1949.0950365185747,Diamond Green Diesel LLC (81496)
57,Diamond Green Diesel LLC (81496),783.366,783.366,690.7315190281274,Diamond Green Diesel LLC (81496)
58,Diamond Green Diesel LLC (81496),1382.477,1382.477,1219.751271827767,Diamond Green Diesel LLC (81496)
59,Diamond Green Diesel LLC (81496),1639.948,1639.948,1439.4168768427119,Diamond Green Diesel LLC (81496)
60,Diamond Green Diesel LLC (81496),1701.021,1701.021,1509.6496310468656,Diamond Green Diesel LLC (81496)
61,Diamond Green Diesel LLC (81496),2524.83,2524.83,2152.2719868870413,Diamond Green Diesel LLC (81496)
62,Diamond Green Diesel LLC (81496),1965.805,1965.805,1651.2875132056765,Diamond Green Diesel LLC (81496)
63,Diamond Green Diesel LLC (81496),2675.167,2675.167,2194.84419524832,Diamond Green Diesel LLC (81496)
1,"Jaxon Energy, LLC (83608)",956.942,956.942,774.252051157148,"Jaxon Energy, LLC (83608)"
3,"Jaxon Energy, LLC (83608)",980.733,980.733,848.5323917219479,"Jaxon Energy, LLC (83608)"
5,"Jaxon Energy, LLC (83608)",946.071,946.071,846.1335293215881,"Jaxon Energy, LLC (83608)"
6,"Jaxon Energy, LLC (83608)",600.905,600.905,529.3329037827435,"Jaxon Energy, LLC (83608)"
7,"Jaxon Energy, LLC (83608)",789.034,789.034,657.6599056306947,"Jaxon Energy, LLC (83608)"
8,"Jaxon Energy, LLC (83608)",1013.083,1013.083,911.8247194514653,"Jaxon Energy, LLC (83608)"
9,"Jaxon Energy, LLC (83608)",793.647,793.647,668.4982105372691,"Jaxon Energy, LLC (83608)"
10,"Jaxon Energy, LLC (83608)",1127.249,1127.249,945.3914857830898,"Jaxon Energy, LLC (83608)"
11,"Jaxon Energy, LLC (83608)",1150.646,1150.646,943.4728963379508,"Jaxon Energy, LLC (83608)"
12,"Jaxon Energy, LLC (83608)",1087.629,1087.629,849.5674490453416,"Jaxon Energy, LLC (83608)"
13,"Jaxon Energy, LLC (83608)",1218.86,1218.86,1078.4814128526377,"Jaxon Energy, LLC (83608)"
14,"Jaxon Energy, LLC (83608)",957.382,957.382,728.1166508710963,"Jaxon Energy, LLC (83608)"
15,"Jaxon Energy, LLC (83608)",1221.092,1221.092,1080.3472910226003,"Jaxon Energy, LLC (83608)"
16,"Jaxon Energy, LLC (83608)",1119.995,1119.995,913.1455530887924,"Jaxon Energy, LLC (83608)"
17,"Jaxon Energy, LLC (83608)",1171.604,1171.604,921.6198964182967,"Jaxon Energy, LLC (83608)"
18,"Jaxon Energy, LLC (83608)",1324.49,1324.49,1075.1049730132115,"Jaxon Energy, LLC (83608)"
19,"Jaxon Energy, LLC (83608)",1361.972,1361.972,1036.7808963414363,"Jaxon Energy, LLC (83608)"
20,"Jaxon Energy, LLC (83608)",1259.662,1259.662,1050.9432657604498,"Jaxon Energy, LLC (83608)"
21,"Jaxon Energy, LLC (83608)",357.499,357.499,267.79679591252005,"Jaxon Energy, LLC (83608)"
22,"Jaxon Energy, LLC (83608)",1390.896,1390.896,1162.9156654414262,"Jaxon Energy, LLC (83608)"
23,"Jaxon Energy, LLC (83608)",1275.776,1275.776,1057.4149687242723,"Jaxon Energy, LLC (83608)"
24,"Jaxon Energy, LLC (83608)",1140.198,1140.198,862.93884033339,"Jaxon Energy, LLC (83608)"
25,"Jaxon Energy, LLC (83608)",515.398,515.398,394.18266118035325,"Jaxon Energy, LLC (83608)"
26,"Jaxon Energy, LLC (83608)",515.398,515.398,394.18266118035325,"Jaxon Energy, LLC (83608)"
27,"Jaxon Energy, LLC (83608)",1242.249,1242.249,1034.6309231195257,"Jaxon Energy, LLC (83608)"
28,"Jaxon Energy, LLC (83608)",1462.127,1462.127,1193.5936944355508,"Jaxon Energy, LLC (83608)"
29,"Jaxon Energy, LLC (83608)",1442.222,1442.222,1148.2352989539131,"Jaxon Energy, LLC (83608)"
30,"Jaxon Energy, LLC (83608)",1361.497,1361.497,1098.825704807057,"Jaxon Energy, LLC (83608)"
31,"Jaxon Energy, LLC (83608)",1442.334,1442.334,1229.061380522677,"Jaxon Energy, LLC (83608)"
34,"Jaxon Energy, LLC (83608)",1385.724,1385.724,1223.3562824390813,"Jaxon Energy, LLC (83608)"
35,"Jaxon Energy, LLC (83608)",524.975,524.975,429.27852586327356,"Jaxon Energy, LLC (83608)"
36,"Jaxon Energy, LLC (83608)",1395.196,1395.196,1103.7446538164515,"Jaxon Energy, LLC (83608)"
37,"Jaxon Energy, LLC (83608)",1437.137,1437.137,1153.9908417697004,"Jaxon Energy, LLC (83608)"
38,"Jaxon Energy, LLC (83608)",1574.394,1574.394,1257.9338300936145,"Jaxon Energy, LLC (83608)"
39,"Jaxon Energy, LLC (83608)",1372.692,1372.692,1151.2078489678677,"Jaxon Energy, LLC (83608)"
40,"Jaxon Energy, LLC (83608)",1512.329,1512.329,1233.2753065294503,"Jaxon Energy, LLC (83608)"
41,"Jaxon Energy, LLC (83608)",1613.536,1613.536,1314.4365906207936,"Jaxon Energy, LLC (83608)"
42,"Jaxon Energy, LLC (83608)",1534.118,1534.118,1255.2142927372497,"Jaxon Energy, LLC (83608)"
43,"Jaxon Energy, LLC (83608)",1562.702,1562.702,1374.782144592461,"Jaxon Energy, LLC (83608)"
44,"Jaxon Energy, LLC (83608)",1610.401,1610.401,1355.3888968825856,"Jaxon Energy, LLC (83608)"
45,"Jaxon Energy, LLC (83608)",1613.773,1613.773,1357.8256237712046,"Jaxon Energy, LLC (83608)"
46,"Jaxon Energy, LLC (83608)",1625.612,1625.612,1302.7942156521415,"Jaxon Energy, LLC (83608)"
47,"Jaxon Energy, LLC (83608)",1430.146,1430.146,1193.1076114008235,"Jaxon Energy, LLC (83608)"
48,"Jaxon Energy, LLC (83608)",709.836,709.836,634.7302376891706,"Jaxon Energy, LLC (83608)"
49,"Jaxon Energy, LLC (83608)",1762.737,1762.737,1453.5217146585856,"Jaxon Energy, LLC (83608)"
50,"Jaxon Energy, LLC (83608)",1871.199,1871.199,1488.4013313324447,"Jaxon Energy, LLC (83608)"
51,"Jaxon Energy, LLC (83608)",291.238,291.238,266.530495548583,"Jaxon Energy, LLC (83608)"
52,"Jaxon Energy, LLC (83608)",1045.839,1045.839,928.0071774570735,"Jaxon Energy, LLC (83608)"
53,"Jaxon Energy, LLC (83608)",1643.159,1643.159,1294.4494560762978,"Jaxon Energy, LLC (83608)"
55,"Jaxon Energy, LLC (83608)",2051.968,2051.968,1714.18310341962,"Jaxon Energy, LLC (83608)"
56,"Jaxon Energy, LLC (83608)",2078.089,2078.089,1706.477305482661,"Jaxon Energy, LLC (83608)"
57,"Jaxon Energy, LLC (83608)",779.295,779.295,681.9389796619905,"Jaxon Energy, LLC (83608)"
58,"Jaxon Energy, LLC (83608)",1227.839,1227.839,1095.7960524918908,"Jaxon Energy, LLC (83608)"
59,"Jaxon Energy, LLC (83608)",1453.7,1453.7,1302.1964224035135,"Jaxon Energy, LLC (83608)"
60,"Jaxon Energy, LLC (83608)",1540.685,1540.685,1368.3344916214978,"Jaxon Energy, LLC (83608)"
61,"Jaxon Energy, LLC (83608)",2279.099,2279.099,1903.8492732739533,"Jaxon Energy, LLC (83608)"
62,"Jaxon Energy, LLC (83608)",1773.487,1773.487,1490.9404102591038,"Jaxon Energy, LLC (83608)"
63,"Jaxon Energy, LLC (83608)",2429.436,2429.436,1960.6443053959983,"Jaxon Energy, LLC (83608)"
1,MARTINEZ REFINERY (90001),3094.098,3094.098,2617.94660095469,MARTINEZ REFINERY (90001)
3,MARTINEZ REFINERY (90001),3120.464,3120.464,2649.4475885509714,MARTINEZ REFINERY (90001)
5,MARTINEZ REFINERY (90001),3325.091,3325.091,2863.813777298323,MARTINEZ REFINERY (90001)
6,MARTINEZ REFINERY (90001),3492.772,3492.772,2891.153660205697,MARTINEZ REFINERY (90001)
7,MARTINEZ REFINERY (90001),3527.78,3527.78,2983.649603051471,MARTINEZ REFINERY (90001)
8,MARTINEZ REFINERY (90001),3347.46,3347.46,2845.734517757548,MARTINEZ REFINERY (90001)
9,MARTINEZ REFINERY (90001),3604.705,3604.705,3053.2276081177533,MARTINEZ REFINERY (90001)
10,MARTINEZ REFINERY (90001),3566.211,3566.211,3024.5652798646615,MARTINEZ REFINERY (90001)
11,MARTINEZ REFINERY (90001),3596.866,3596.866,3056.0279923046974,MARTINEZ REFINERY (90001)
12,MARTINEZ REFINERY (90001),2870.731,2870.731,2389.230530995646,MARTINEZ REFINERY (90001)
13,MARTINEZ REFINERY (90001),3062.48,3062.48,2614.990872253415,MARTINEZ REFINERY (90001)
14,MARTINEZ REFINERY (90001),3028.257,3028.257,2405.7424681345087,MARTINEZ REFINERY (90001)
15,MARTINEZ REFINERY (90001),3064.712,3064.712,2615.8345767725054,MARTINEZ REFINERY (90001)
16,MARTINEZ REFINERY (90001),3666.35,3666.35,3137.9969232988237,MARTINEZ REFINERY (90001)
17,MARTINEZ REFINERY (90001),2791.441,2791.441,2356.2165757413254,MARTINEZ REFINERY (90001)
18,MARTINEZ REFINERY (90001),2866.18,2866.18,2457.3670778150604,MARTINEZ REFINERY (90001)
19,MARTINEZ REFINERY (90001),2784.578,2784.578,2394.4857896622007,MARTINEZ REFINERY (90001)
20,MARTINEZ REFINERY (90001),3580.502,3580.502,3101.1425347292734,MARTINEZ REFINERY (90001)
21,MARTINEZ REFINERY (90001),3246.158,3246.158,2756.35163765465,MARTINEZ REFINERY (90001)
22,MARTINEZ REFINERY (90001),2991.005,2991.005,2485.2056663437847,MARTINEZ REFINERY (90001)
23,MARTINEZ REFINERY (90001),3664.034,3664.034,3183.889238639972,MARTINEZ REFINERY (90001)
24,MARTINEZ REFINERY (90001),2842.799,2842.799,2259.036188095268,MARTINEZ REFINERY (90001)
25,MARTINEZ REFINERY (90001),3659.176,3659.176,3152.552355640288,MARTINEZ REFINERY (90001)
26,MARTINEZ REFINERY (90001),3659.176,3659.176,3152.552355640288,MARTINEZ REFINERY (90001)
27,MARTINEZ REFINERY (90001),3842.256,3842.256,3254.078903654495,MARTINEZ REFINERY (90001)
28,MARTINEZ REFINERY (90001),2948.801,2948.801,2433.516775639856,MARTINEZ REFINERY (90001)
29,MARTINEZ REFINERY (90001),2775.444,2775.444,2334.5548434195707,MARTINEZ REFINERY (90001)
30,MARTINEZ REFINERY (90001),2653.277,2653.277,2271.446700359992,MARTINEZ REFINERY (90001)
31,MARTINEZ REFINERY (90001),3048.994,3048.994,2491.448068828963,MARTINEZ REFINERY (90001)
34,MARTINEZ REFINERY (90001),3622.623,3622.623,3079.6483557012975,MARTINEZ REFINERY (90001)
35,MARTINEZ REFINERY (90001),3749.946,3749.946,3220.565741753924,MARTINEZ REFINERY (90001)
36,MARTINEZ REFINERY (90001),2562.132,2562.132,2195.6091558084136,MARTINEZ REFINERY (90001)
37,MARTINEZ REFINERY (90001),2638.983,2638.983,2214.487608818237,MARTINEZ REFINERY (90001)
38,MARTINEZ REFINERY (90001),2934.76,2934.76,2375.6643888350823,MARTINEZ REFINERY (90001)
39,MARTINEZ REFINERY (90001),3810.088,3810.088,3305.149430591687,MARTINEZ REFINERY (90001)
40,MARTINEZ REFINERY (90001),2780.799,2780.799,2230.318650062869,MARTINEZ REFINERY (90001)
41,MARTINEZ REFINERY (90001),2940.102,2940.102,2393.115475003513,MARTINEZ REFINERY (90001)
42,MARTINEZ REFINERY (90001),2734.386,2734.386,2231.5767845333785,MARTINEZ REFINERY (90001)
43,MARTINEZ REFINERY (90001),3159.034,3159.034,2560.081373426817,MARTINEZ REFINERY (90001)
44,MARTINEZ REFINERY (90001),2997.92,2997.92,2436.6657099863473,MARTINEZ REFINERY (90001)
45,MARTINEZ REFINERY (90001),3002.471,3002.471,2439.978465185723,MARTINEZ REFINERY (90001)
46,MARTINEZ REFINERY (90001),2825.88,2825.88,2279.223863518697,MARTINEZ REFINERY (90001)
47,MARTINEZ REFINERY (90001),3830.276,3830.276,3354.5360935234585,MARTINEZ REFINERY (90001)
48,MARTINEZ REFINERY (90001),4055.688,4055.688,3438.732304286261,MARTINEZ REFINERY (90001)
49,MARTINEZ REFINERY (90001),2843.312,2843.312,2212.5451213588944,MARTINEZ REFINERY (90001)
50,MARTINEZ REFINERY (90001),2951.774,2951.774,2290.577493607473,MARTINEZ REFINERY (90001)
51,MARTINEZ REFINERY (90001),3563.931,3563.931,3045.9554083798957,MARTINEZ REFINERY (90001)
52,MARTINEZ REFINERY (90001),4391.691,4391.691,3710.7746996531,MARTINEZ REFINERY (90001)
53,MARTINEZ REFINERY (90001),2281.547,2281.547,1771.6927005387656,MARTINEZ REFINERY (90001)
55,MARTINEZ REFINERY (90001),2813.16,2813.16,2278.1922343390083,MARTINEZ REFINERY (90001)
56,MARTINEZ REFINERY (90001),2792.85,2792.85,2219.788468406076,MARTINEZ REFINERY (90001)
57,MARTINEZ REFINERY (90001),4231.287,4231.287,3624.922739363936,MARTINEZ REFINERY (90001)
58,MARTINEZ REFINERY (90001),4573.691,4573.691,3843.1909146416515,MARTINEZ REFINERY (90001)
59,MARTINEZ REFINERY (90001),4745.098,4745.098,3969.3555340893395,MARTINEZ REFINERY (90001)
60,MARTINEZ REFINERY (90001),4749.357,4749.357,4007.6727570282615,MARTINEZ REFINERY (90001)
61,MARTINEZ REFINERY (90001),3028.53,3028.53,2341.9815207569304,MARTINEZ REFINERY (90001)
62,MARTINEZ REFINERY (90001),4666.663,4666.663,4025.9092131674174,MARTINEZ REFINERY (90001)
63,MARTINEZ REFINERY (90001),2568.415,2568.415,2042.6612360877023,MARTINEZ REFINERY (90001)
1,MRL Great Falls (F00548),2217.016,2217.016,1816.4605878467135,MRL Great Falls (F00548)
3,MRL Great Falls (F00548),2224.71,2224.71,1801.1932014271595,MRL Great Falls (F00548)
5,MRL Great Falls (F00548),2391.822,2391.822,1982.6643644352619,MRL Great Falls (F00548)
6,MRL Great Falls (F00548),2615.69,2615.69,2150.5086141265574,MRL Great Falls (F00548)
7,MRL Great Falls (F00548),2650.698,2650.698,2178.089338794163,MRL Great Falls (F00548)
8,MRL Great Falls (F00548),2313.806,2313.806,1937.2734662099879,MRL Great Falls (F00548)
9,MRL Great Falls (F00548),2727.622,2727.622,2242.3387623466556,MRL Great Falls (F00548)
10,MRL Great Falls (F00548),2421.457,2421.457,2095.1119637191478,MRL Great Falls (F00548)
11,MRL Great Falls (F00548),2452.112,2452.112,2127.8197055755886,MRL Great Falls (F00548)
12,MRL Great Falls (F00548),1993.649,1993.649,1639.1782189646815,MRL Great Falls (F00548)
13,MRL Great Falls (F00548),1976.034,1976.034,1661.8879339235732,MRL Great Falls (F00548)
14,MRL Great Falls (F00548),2151.174,2151.174,1733.5654736332228,MRL Great Falls (F00548)
15,MRL Great Falls (F00548),1973.67,1973.67,1661.6963694387173,MRL Great Falls (F00548)
16,MRL Great Falls (F00548),2558.927,2558.927,2225.632607392654,MRL Great Falls (F00548)
17,MRL Great Falls (F00548),1914.358,1914.358,1575.4044478453495,MRL Great Falls (F00548)
18,MRL Great Falls (F00548),1872.388,1872.388,1543.5440404195044,MRL Great Falls (F00548)
19,MRL Great Falls (F00548),1850.563,1850.563,1523.883040359747,MRL Great Falls (F00548)
20,MRL Great Falls (F00548),2430.249,2430.249,2130.731658669725,MRL Great Falls (F00548)
21,MRL Great Falls (F00548),2776.765,2776.765,2190.779879158373,MRL Great Falls (F00548)
22,MRL Great Falls (F00548),1817.392,1817.392,1518.0329919942878,MRL Great Falls (F00548)
23,MRL Great Falls (F00548),2513.781,2513.781,2215.793049170366,MRL Great Falls (F00548)
24,MRL Great Falls (F00548),2105.021,2105.021,1589.5158552021787,MRL Great Falls (F00548)
25,MRL Great Falls (F00548),3047.906,3047.906,2477.262139337214,MRL Great Falls (F00548)
26,MRL Great Falls (F00548),3047.906,3047.906,2477.262139337214,MRL Great Falls (F00548)
27,MRL Great Falls (F00548),2648.586,2648.586,2301.4079316592606,MRL Great Falls (F00548)
28,MRL Great Falls (F00548),1750.433,1750.433,1463.6038451756576,MRL Great Falls (F00548)
29,MRL Great Falls (F00548),1710.329,1710.329,1421.4001548099375,MRL Great Falls (F00548)
30,MRL Great Falls (F00548),1719.669,1719.669,1416.5986180091618,MRL Great Falls (F00548)
31,MRL Great Falls (F00548),1762.877,1762.877,1490.0382655032035,MRL Great Falls (F00548)
34,MRL Great Falls (F00548),2473.836,2473.836,2041.2432508292743,MRL Great Falls (F00548)
35,MRL Great Falls (F00548),3129.254,3129.254,2542.412492382279,MRL Great Falls (F00548)
36,MRL Great Falls (F00548),1797.671,1797.671,1379.3497125508395,MRL Great Falls (F00548)
37,MRL Great Falls (F00548),1669.948,1669.948,1351.9556387295997,MRL Great Falls (F00548)
38,MRL Great Falls (F00548),1629.624,1629.624,1387.621534526387,MRL Great Falls (F00548)
39,MRL Great Falls (F00548),2659.835,2659.835,2311.593977499259,MRL Great Falls (F00548)
40,MRL Great Falls (F00548),1574.973,1574.973,1308.1408259667169,MRL Great Falls (F00548)
41,MRL Great Falls (F00548),1595.615,1595.615,1371.1639401045802,MRL Great Falls (F00548)
42,MRL Great Falls (F00548),1555.262,1555.262,1295.1189052639684,MRL Great Falls (F00548)
43,MRL Great Falls (F00548),1652.827,1652.827,1480.543341160564,MRL Great Falls (F00548)
44,MRL Great Falls (F00548),1653.433,1653.433,1385.109286023901,MRL Great Falls (F00548)
45,MRL Great Falls (F00548),1657.984,1657.984,1386.621444841314,MRL Great Falls (F00548)
46,MRL Great Falls (F00548),1532.701,1532.701,1296.2888767281015,MRL Great Falls (F00548)
47,MRL Great Falls (F00548),2680.024,2680.024,2350.6469567508298,MRL Great Falls (F00548)
48,MRL Great Falls (F00548),3296.192,3296.192,2715.8824951012184,MRL Great Falls (F00548)
49,MRL Great Falls (F00548),1492.705,1492.705,1166.0387108837754,MRL Great Falls (F00548)
50,MRL Great Falls (F00548),1444.105,1444.105,1204.5009459329294,MRL Great Falls (F00548)
51,MRL Great Falls (F00548),3279.151,3279.151,2651.790427311212,MRL Great Falls (F00548)
52,MRL Great Falls (F00548),3486.79,3486.79,2924.0046372926513,MRL Great Falls (F00548)
53,MRL Great Falls (F00548),1543.769,1543.769,1191.73354862335,MRL Great Falls (F00548)
55,MRL Great Falls (F00548),1181.963,1181.963,1088.1965792974754,MRL Great Falls (F00548)
56,MRL Great Falls (F00548),1161.652,1161.652,1042.1639628605087,MRL Great Falls (F00548)
57,MRL Great Falls (F00548),3658.141,3658.141,3019.1932045471895,MRL Great Falls (F00548)
58,MRL Great Falls (F00548),3528.746,3528.746,3012.353650643379,MRL Great Falls (F00548)
59,MRL Great Falls (F00548),3658.476,3658.476,3071.551171687551,MRL Great Falls (F00548)
60,MRL Great Falls (F00548),3620.905,3620.905,3088.9796013108544,MRL Great Falls (F00548)
61,MRL Great Falls (F00548),1257.157,1257.157,1073.6852174695334,MRL Great Falls (F00548)
62,MRL Great Falls (F00548),3516.41,3516.41,3051.1620458106268,MRL Great Falls (F00548)
63,MRL Great Falls (F00548),907.766,907.766,779.2175356077246,MRL Great Falls (F00548)
1,Marathon Dickinson Refinery (F00313),1658.213,1658.213,1236.2533961997033,Marathon Dickinson Refinery (F00313)
3,Marathon Dickinson Refinery (F00313),1544.597,1544.597,1206.0709663270197,Marathon Dickinson Refinery (F00313)
5,Marathon Dickinson Refinery (F00313),1680.5,1680.5,1370.5985106366056,Marathon Dickinson Refinery (F00313)
6,Marathon Dickinson Refinery (F00313),2056.887,2056.887,1572.3725536680872,Marathon Dickinson Refinery (F00313)
7,Marathon Dickinson Refinery (F00313),1977.302,1977.302,1579.406611214947,Marathon Dickinson Refinery (F00313)
8,Marathon Dickinson Refinery (F00313),1602.485,1602.485,1319.9793616282514,Marathon Dickinson Refinery (F00313)
9,Marathon Dickinson Refinery (F00313),2059.259,2059.259,1640.1040785254932,Marathon Dickinson Refinery (F00313)
10,Marathon Dickinson Refinery (F00313),1710.136,1710.136,1469.8433251230435,Marathon Dickinson Refinery (F00313)
11,Marathon Dickinson Refinery (F00313),1740.791,1740.791,1502.194853020915,Marathon Dickinson Refinery (F00313)
12,Marathon Dickinson Refinery (F00313),1434.846,1434.846,1094.2529950181784,Marathon Dickinson Refinery (F00313)
13,Marathon Dickinson Refinery (F00313),1296.701,1296.701,1042.690784588266,Marathon Dickinson Refinery (F00313)
14,Marathon Dickinson Refinery (F00313),1592.372,1592.372,1212.7364707152094,Marathon Dickinson Refinery (F00313)
15,Marathon Dickinson Refinery (F00313),1294.338,1294.338,1042.2473235924667,Marathon Dickinson Refinery (F00313)
16,Marathon Dickinson Refinery (F00313),1847.606,1847.606,1601.1658781498995,Marathon Dickinson Refinery (F00313)
17,Marathon Dickinson Refinery (F00313),1355.556,1355.556,1023.8861383007674,Marathon Dickinson Refinery (F00313)
18,Marathon Dickinson Refinery (F00313),1237.862,1237.862,941.8216006934956,Marathon Dickinson Refinery (F00313)
19,Marathon Dickinson Refinery (F00313),1291.76,1291.76,939.6091896905644,Marathon Dickinson Refinery (F00313)
20,Marathon Dickinson Refinery (F00313),1718.928,1718.928,1498.5787647175935,Marathon Dickinson Refinery (F00313)
21,Marathon Dickinson Refinery (F00313),2217.962,2217.962,1673.0992943771648,Marathon Dickinson Refinery (F00313)
22,Marathon Dickinson Refinery (F00313),1143.813,1143.813,900.9987399456724,Marathon Dickinson Refinery (F00313)
23,Marathon Dickinson Refinery (F00313),1802.46,1802.46,1583.0578832133135,Marathon Dickinson Refinery (F00313)
24,Marathon Dickinson Refinery (F00313),1504.841,1504.841,1088.467176989098,Marathon Dickinson Refinery (F00313)
25,Marathon Dickinson Refinery (F00313),2425.813,2425.813,1905.6255801611273,Marathon Dickinson Refinery (F00313)
26,Marathon Dickinson Refinery (F00313),2425.813,2425.813,1905.6255801611273,Marathon Dickinson Refinery (F00313)
27,Marathon Dickinson Refinery (F00313),1937.265,1937.265,1669.7436409743857,Marathon Dickinson Refinery (F00313)
28,Marathon Dickinson Refinery (F00313),1158.584,1158.584,848.4734414169402,Marathon Dickinson Refinery (F00313)
29,Marathon Dickinson Refinery (F00313),1151.526,1151.526,829.2228159592354,Marathon Dickinson Refinery (F00313)
30,Marathon Dickinson Refinery (F00313),1160.866,1160.866,850.0631277225798,Marathon Dickinson Refinery (F00313)
31,Marathon Dickinson Refinery (F00313),1073.604,1073.604,865.227046149664,Marathon Dickinson Refinery (F00313)
34,Marathon Dickinson Refinery (F00313),1762.514,1762.514,1403.7201421148711,Marathon Dickinson Refinery (F00313)
35,Marathon Dickinson Refinery (F00313),2480.984,2480.984,1967.4740964909001,Marathon Dickinson Refinery (F00313)
36,Marathon Dickinson Refinery (F00313),1196.997,1196.997,836.6529789036991,Marathon Dickinson Refinery (F00313)
37,Marathon Dickinson Refinery (F00313),1111.146,1111.146,790.1585819520942,Marathon Dickinson Refinery (F00313)
38,Marathon Dickinson Refinery (F00313),1071.08,1071.08,771.1190325608605,Marathon Dickinson Refinery (F00313)
39,Marathon Dickinson Refinery (F00313),1948.514,1948.514,1675.658552253959,Marathon Dickinson Refinery (F00313)
40,Marathon Dickinson Refinery (F00313),1016.17,1016.17,723.7395408349901,Marathon Dickinson Refinery (F00313)
41,Marathon Dickinson Refinery (F00313),1037.071,1037.071,745.8904399343613,Marathon Dickinson Refinery (F00313)
42,Marathon Dickinson Refinery (F00313),996.459,996.459,705.7860019413448,Marathon Dickinson Refinery (F00313)
43,Marathon Dickinson Refinery (F00313),941.506,941.506,843.4179594377191,Marathon Dickinson Refinery (F00313)
44,Marathon Dickinson Refinery (F00313),930.184,930.184,752.9475439642468,Marathon Dickinson Refinery (F00313)
45,Marathon Dickinson Refinery (F00313),929.364,929.364,754.1042402590937,Marathon Dickinson Refinery (F00313)
46,Marathon Dickinson Refinery (F00313),974.157,974.157,687.7244638359592,Marathon Dickinson Refinery (F00313)
47,Marathon Dickinson Refinery (F00313),1968.702,1968.702,1713.8355767482913,Marathon Dickinson Refinery (F00313)
48,Marathon Dickinson Refinery (F00313),2647.921,2647.921,2123.2126503702048,Marathon Dickinson Refinery (F00313)
49,Marathon Dickinson Refinery (F00313),781.384,781.384,544.591550681562,Marathon Dickinson Refinery (F00313)
50,Marathon Dickinson Refinery (F00313),732.784,732.784,570.8839198914885,Marathon Dickinson Refinery (F00313)
51,Marathon Dickinson Refinery (F00313),2776.278,2776.278,2169.875216707279,Marathon Dickinson Refinery (F00313)
52,Marathon Dickinson Refinery (F00313),2775.468,2775.468,2312.3282683117263,Marathon Dickinson Refinery (F00313)
53,Marathon Dickinson Refinery (F00313),1066.483,1066.483,841.3173451544579,Marathon Dickinson Refinery (F00313)
55,Marathon Dickinson Refinery (F00313),470.642,470.642,456.2836356296508,Marathon Dickinson Refinery (F00313)
56,Marathon Dickinson Refinery (F00313),450.332,450.332,406.43481330916876,Marathon Dickinson Refinery (F00313)
57,Marathon Dickinson Refinery (F00313),3009.87,3009.87,2450.400709671536,Marathon Dickinson Refinery (F00313)
58,Marathon Dickinson Refinery (F00313),2817.426,2817.426,2391.2801310945915,Marathon Dickinson Refinery (F00313)
59,Marathon Dickinson Refinery (F00313),2947.155,2947.155,2440.4439021555845,Marathon Dickinson Refinery (F00313)
60,Marathon Dickinson Refinery (F00313),2909.584,2909.584,2455.5844693991703,Marathon Dickinson Refinery (F00313)
61,Marathon Dickinson Refinery (F00313),686.012,686.012,491.79472165372,Marathon Dickinson Refinery (F00313)
62,Marathon Dickinson Refinery (F00313),2805.089,2805.089,2413.9582622070848,Marathon Dickinson Refinery (F00313)
63,Marathon Dickinson Refinery (F00313),290.017,290.017,199.32051380719597,Marathon Dickinson Refinery (F00313)
1,Phillips 66 Rodeo (82191),3092.409,3092.409,2630.1940356585487,Phillips 66 Rodeo (82191)
3,Phillips 66 Rodeo (82191),3118.774,3118.774,2661.475513622004,Phillips 66 Rodeo (82191)
5,Phillips 66 Rodeo (82191),3323.402,3323.402,2875.795095976341,Phillips 66 Rodeo (82191)
6,Phillips 66 Rodeo (82191),3491.084,3491.084,2903.8333739245386,Phillips 66 Rodeo (82191)
7,Phillips 66 Rodeo (82191),3526.091,3526.091,2996.0833806374903,Phillips 66 Rodeo (82191)
8,Phillips 66 Rodeo (82191),3345.77,3345.77,2857.5485210072966,Phillips 66 Rodeo (82191)
9,Phillips 66 Rodeo (82191),3603.016,3603.016,3065.668231899499,Phillips 66 Rodeo (82191)
10,Phillips 66 Rodeo (82191),3564.522,3564.522,3036.3522741745655,Phillips 66 Rodeo (82191)
11,Phillips 66 Rodeo (82191),3595.177,3595.177,3067.838528395478,Phillips 66 Rodeo (82191)
12,Phillips 66 Rodeo (82191),2869.042,2869.042,2401.55635579836,Phillips 66 Rodeo (82191)
13,Phillips 66 Rodeo (82191),3060.791,3060.791,2626.3730111062323,Phillips 66 Rodeo (82191)
14,Phillips 66 Rodeo (82191),3026.568,3026.568,2418.4210757662145,Phillips 66 Rodeo (82191)
15,Phillips 66 Rodeo (82191),3063.023,3063.023,2627.2105976361086,Phillips 66 Rodeo (82191)
16,Phillips 66 Rodeo (82191),3664.661,3664.661,3149.9411714079743,Phillips 66 Rodeo (82191)
17,Phillips 66 Rodeo (82191),2789.752,2789.752,2368.3658162689608,Phillips 66 Rodeo (82191)
18,Phillips 66 Rodeo (82191),2864.491,2864.491,2468.8693980201538,Phillips 66 Rodeo (82191)
19,Phillips 66 Rodeo (82191),2782.89,2782.89,2406.1887634790346,Phillips 66 Rodeo (82191)
20,Phillips 66 Rodeo (82191),3578.813,3578.813,3112.7088256547177,Phillips 66 Rodeo (82191)
21,Phillips 66 Rodeo (82191),3262.851,3262.851,2769.5882778388213,Phillips 66 Rodeo (82191)
22,Phillips 66 Rodeo (82191),2989.316,2989.316,2496.3890200811625,Phillips 66 Rodeo (82191)
23,Phillips 66 Rodeo (82191),3662.345,3662.345,3195.5104734607785,Phillips 66 Rodeo (82191)
24,Phillips 66 Rodeo (82191),2841.11,2841.11,2271.6101871863007,Phillips 66 Rodeo (82191)
25,Phillips 66 Rodeo (82191),3675.87,3675.87,3165.5868562240435,Phillips 66 Rodeo (82191)
26,Phillips 66 Rodeo (82191),3675.87,3675.87,3165.5868562240435,Phillips 66 Rodeo (82191)
27,Phillips 66 Rodeo (82191),3840.567,3840.567,3265.830944278185,Phillips 66 Rodeo (82191)
28,Phillips 66 Rodeo (82191),2947.112,2947.112,2444.6351754154352,Phillips 66 Rodeo (82191)
29,Phillips 66 Rodeo (82191),2773.755,2773.755,2345.9459619669205,Phillips 66 Rodeo (82191)
30,Phillips 66 Rodeo (82191),2651.588,2651.588,2283.1196349792817,Phillips 66 Rodeo (82191)
31,Phillips 66 Rodeo (82191),3047.305,3047.305,2502.398872340587,Phillips 66 Rodeo (82191)
34,Phillips 66 Rodeo (82191),3620.934,3620.934,3090.7203751190063,Phillips 66 Rodeo (82191)
35,Phillips 66 Rodeo (82191),3766.639,3766.639,3233.6126605045115,Phillips 66 Rodeo (82191)
36,Phillips 66 Rodeo (82191),2560.443,2560.443,2207.414663142405,Phillips 66 Rodeo (82191)
37,Phillips 66 Rodeo (82191),2637.294,2637.294,2226.0543555111917,Phillips 66 Rodeo (82191)
38,Phillips 66 Rodeo (82191),2933.071,2933.071,2386.6020808046346,Phillips 66 Rodeo (82191)
39,Phillips 66 Rodeo (82191),3808.399,3808.399,3316.653919023525,Phillips 66 Rodeo (82191)
40,Phillips 66 Rodeo (82191),2779.11,2779.11,2241.540701816163,Phillips 66 Rodeo (82191)
41,Phillips 66 Rodeo (82191),2938.414,2938.414,2403.8247128170296,Phillips 66 Rodeo (82191)
42,Phillips 66 Rodeo (82191),2732.697,2732.697,2242.708391024304,Phillips 66 Rodeo (82191)
43,Phillips 66 Rodeo (82191),3157.346,3157.346,2570.4854261015093,Phillips 66 Rodeo (82191)
44,Phillips 66 Rodeo (82191),2996.231,2996.231,2447.189296486458,Phillips 66 Rodeo (82191)
45,Phillips 66 Rodeo (82191),3000.782,3000.782,2450.490893370172,Phillips 66 Rodeo (82191)
46,Phillips 66 Rodeo (82191),2824.191,2824.191,2290.096036996278,Phillips 66 Rodeo (82191)
47,Phillips 66 Rodeo (82191),3828.588,3828.588,3365.9894857058057,Phillips 66 Rodeo (82191)
48,Phillips 66 Rodeo (82191),4072.382,4072.382,3451.686190569413,Phillips 66 Rodeo (82191)
49,Phillips 66 Rodeo (82191),2841.623,2841.623,2222.869009216727,Phillips 66 Rodeo (82191)
50,Phillips 66 Rodeo (82191),2950.084,2950.084,2300.6706091852648,Phillips 66 Rodeo (82191)
51,Phillips 66 Rodeo (82191),3580.624,3580.624,3059.628573090819,Phillips 66 Rodeo (82191)
52,Phillips 66 Rodeo (82191),4408.385,4408.385,3723.5519915377326,Phillips 66 Rodeo (82191)
53,Phillips 66 Rodeo (82191),2279.858,2279.858,1784.0699983496017,Phillips 66 Rodeo (82191)
55,Phillips 66 Rodeo (82191),2811.472,2811.472,2287.2853605371533,Phillips 66 Rodeo (82191)
56,Phillips 66 Rodeo (82191),2791.161,2791.161,2228.9487190039995,Phillips 66 Rodeo (82191)
57,Phillips 66 Rodeo (82191),4247.981,4247.981,3638.289964869406,Phillips 66 Rodeo (82191)
58,Phillips 66 Rodeo (82191),4590.385,4590.385,3855.8087453561698,Phillips 66 Rodeo (82191)
59,Phillips 66 Rodeo (82191),4759.738,4759.738,3981.6717000659746,Phillips 66 Rodeo (82191)
60,Phillips 66 Rodeo (82191),4747.668,4747.668,4019.883634089515,Phillips 66 Rodeo (82191)
61,Phillips 66 Rodeo (82191),3026.841,3026.841,2350.163729412068,Phillips 66 Rodeo (82191)
62,Phillips 66 Rodeo (82191),4664.974,4664.974,4037.785658348113,Phillips 66 Rodeo (82191)
63,Phillips 66 Rodeo (82191),2566.726,2566.726,2050.61152118532,Phillips 66 Rodeo (82191)
1,"REG Geismar, LLC (80180)",1252.053,1252.053,999.8798716556805,"REG Geismar, LLC (80180)"
3,"REG Geismar, LLC (80180)",1275.844,1275.844,1079.4086454831272,"REG Geismar, LLC (80180)"
5,"REG Geismar, LLC (80180)",1241.182,1241.182,1091.4944818394115,"REG Geismar, LLC (80180)"
6,"REG Geismar, LLC (80180)",896.016,896.016,776.069517055493,"REG Geismar, LLC (80180)"
7,"REG Geismar, LLC (80180)",1084.145,1084.145,905.7700823374503,"REG Geismar, LLC (80180)"
8,"REG Geismar, LLC (80180)",1308.194,1308.194,1156.3203233919717,"REG Geismar, LLC (80180)"
9,"REG Geismar, LLC (80180)",1088.758,1088.758,915.357024556104,"REG Geismar, LLC (80180)"
10,"REG Geismar, LLC (80180)",1422.36,1422.36,1193.5197747973493,"REG Geismar, LLC (80180)"
11,"REG Geismar, LLC (80180)",1445.756,1445.756,1191.4983372560134,"REG Geismar, LLC (80180)"
12,"REG Geismar, LLC (80180)",1270.823,1270.823,1043.202762268959,"REG Geismar, LLC (80180)"
13,"REG Geismar, LLC (80180)",1513.971,1513.971,1309.1033356414457,"REG Geismar, LLC (80180)"
14,"REG Geismar, LLC (80180)",1140.577,1140.577,909.7516009517976,"REG Geismar, LLC (80180)"
15,"REG Geismar, LLC (80180)",1516.203,1516.203,1311.0490845486281,"REG Geismar, LLC (80180)"
16,"REG Geismar, LLC (80180)",1415.106,1415.106,1159.4872700839926,"REG Geismar, LLC (80180)"
17,"REG Geismar, LLC (80180)",1354.798,1354.798,1115.612058296941,"REG Geismar, LLC (80180)"
18,"REG Geismar, LLC (80180)",1581.251,1581.251,1290.9766710058925,"REG Geismar, LLC (80180)"
19,"REG Geismar, LLC (80180)",1545.166,1545.166,1243.7899895184269,"REG Geismar, LLC (80180)"
20,"REG Geismar, LLC (80180)",1554.773,1554.773,1298.834175945714,"REG Geismar, LLC (80180)"
21,"REG Geismar, LLC (80180)",572.048,572.048,478.067229622835,"REG Geismar, LLC (80180)"
22,"REG Geismar, LLC (80180)",1686.007,1686.007,1383.4126186375893,"REG Geismar, LLC (80180)"
23,"REG Geismar, LLC (80180)",1570.888,1570.888,1303.8405468051321,"REG Geismar, LLC (80180)"
24,"REG Geismar, LLC (80180)",1300.285,1300.285,1027.1452506360934,"REG Geismar, LLC (80180)"
25,"REG Geismar, LLC (80180)",772.975,772.975,619.0936968045077,"REG Geismar, LLC (80180)"
26,"REG Geismar, LLC (80180)",772.975,772.975,619.0936968045077,"REG Geismar, LLC (80180)"
27,"REG Geismar, LLC (80180)",1531.027,1531.027,1278.2168770430135,"REG Geismar, LLC (80180)"
28,"REG Geismar, LLC (80180)",1692.957,1692.957,1409.7208641078137,"REG Geismar, LLC (80180)"
29,"REG Geismar, LLC (80180)",1625.416,1625.416,1352.2520852563755,"REG Geismar, LLC (80180)"
30,"REG Geismar, LLC (80180)",1544.691,1544.691,1291.8512456145681,"REG Geismar, LLC (80180)"
31,"REG Geismar, LLC (80180)",1737.445,1737.445,1450.9957388008622,"REG Geismar, LLC (80180)"
34,"REG Geismar, LLC (80180)",1680.835,1680.835,1471.4521463347235,"REG Geismar, LLC (80180)"
35,"REG Geismar, LLC (80180)",782.552,782.552,639.6097429705909,"REG Geismar, LLC (80180)"
36,"REG Geismar, LLC (80180)",1578.391,1578.391,1284.9830763538457,"REG Geismar, LLC (80180)"
37,"REG Geismar, LLC (80180)",1620.331,1620.331,1342.006880106782,"REG Geismar, LLC (80180)"
38,"REG Geismar, LLC (80180)",1797.813,1797.813,1469.6729638520837,"REG Geismar, LLC (80180)"
39,"REG Geismar, LLC (80180)",1661.47,1661.47,1394.7165994520947,"REG Geismar, LLC (80180)"
40,"REG Geismar, LLC (80180)",1695.523,1695.523,1427.8214708219223,"REG Geismar, LLC (80180)"
41,"REG Geismar, LLC (80180)",1914.402,1914.402,1528.8475432123153,"REG Geismar, LLC (80180)"
42,"REG Geismar, LLC (80180)",1717.313,1717.313,1450.881991427001,"REG Geismar, LLC (80180)"
43,"REG Geismar, LLC (80180)",1857.813,1857.813,1602.6968404040347,"REG Geismar, LLC (80180)"
44,"REG Geismar, LLC (80180)",1911.267,1911.267,1574.0519774135691,"REG Geismar, LLC (80180)"
45,"REG Geismar, LLC (80180)",1914.639,1914.639,1576.7813896368555,"REG Geismar, LLC (80180)"
46,"REG Geismar, LLC (80180)",1808.806,1808.806,1505.6460563872133,"REG Geismar, LLC (80180)"
47,"REG Geismar, LLC (80180)",1718.924,1718.924,1435.2423138534627,"REG Geismar, LLC (80180)"
48,"REG Geismar, LLC (80180)",935.43,935.43,814.8053948429039,"REG Geismar, LLC (80180)"
49,"REG Geismar, LLC (80180)",1945.932,1945.932,1653.345394338339,"REG Geismar, LLC (80180)"
50,"REG Geismar, LLC (80180)",2054.393,2054.393,1696.1516437885823,"REG Geismar, LLC (80180)"
51,"REG Geismar, LLC (80180)",82.465,82.465,70.03100003521877,"REG Geismar, LLC (80180)"
52,"REG Geismar, LLC (80180)",1265.735,1265.735,1091.072486545379,"REG Geismar, LLC (80180)"
53,"REG Geismar, LLC (80180)",1780.613,1780.613,1408.5705534738536,"REG Geismar, LLC (80180)"
55,"REG Geismar, LLC (80180)",2235.162,2235.162,1922.8120043772735,"REG Geismar, LLC (80180)"
56,"REG Geismar, LLC (80180)",2261.284,2261.284,1910.5357177573578,"REG Geismar, LLC (80180)"
57,"REG Geismar, LLC (80180)",848.624,848.624,746.3757728718002,"REG Geismar, LLC (80180)"
58,"REG Geismar, LLC (80180)",1447.735,1447.735,1260.201877825531,"REG Geismar, LLC (80180)"
59,"REG Geismar, LLC (80180)",1705.206,1705.206,1477.6703405881306,"REG Geismar, LLC (80180)"
60,"REG Geismar, LLC (80180)",1766.279,1766.279,1547.1496654604487,"REG Geismar, LLC (80180)"
61,"REG Geismar, LLC (80180)",2462.294,2462.294,2116.857647919555,"REG Geismar, LLC (80180)"
62,"REG Geismar, LLC (80180)",2031.063,2031.063,1684.5377878131624,"REG Geismar, LLC (80180)"
63,"REG Geismar, LLC (80180)",2612.63,2612.63,2152.245949579986,"REG Geismar, LLC (80180)"
1,RENEWABLE DIESEL UNIT (RDU) / PRE-TREATMENT UNIT (PTU) (82381),1574.208,1574.208,1325.155897328103,RENEWABLE DIESEL UNIT (RDU) / PRE-TREATMENT UNIT (PTU) (82381)
3,RENEWABLE DIESEL UNIT (RDU) / PRE-TREATMENT UNIT (PTU) (82381),1695.44,1695.44,1400.4540487128968,RENEWABLE DIESEL UNIT (RDU) / PRE-TREATMENT UNIT (PTU) (82381)
5,RENEWABLE DIESEL UNIT (RDU) / PRE-TREATMENT UNIT (PTU) (82381),1822.17,1822.17,1589.6416593303559,RENEWABLE DIESEL UNIT (RDU) / PRE-TREATMENT UNIT (PTU) (82381)
6,RENEWABLE DIESEL UNIT (RDU) / PRE-TREATMENT UNIT (PTU) (82381),1700.359,1700.359,1460.4489055035024,RENEWABLE DIESEL UNIT (RDU) / PRE-TREATMENT UNIT (PTU) (82381)
7,RENEWABLE DIESEL UNIT (RDU) / PRE-TREATMENT UNIT (PTU) (82381),1878.81,1878.81,1597.8467596830367,RENEWABLE DIESEL UNIT (RDU) / PRE-TREATMENT UNIT (PTU) (82381)
8,RENEWABLE DIESEL UNIT (RDU) / PRE-TREATMENT UNIT (PTU) (82381),1883.362,1883.362,1609.1701529521129,RENEWABLE DIESEL UNIT (RDU) / PRE-TREATMENT UNIT (PTU) (82381)
9,RENEWABLE DIESEL UNIT (RDU) / PRE-TREATMENT UNIT (PTU) (82381),1955.735,1955.735,1658.8352055391322,RENEWABLE DIESEL UNIT (RDU) / PRE-TREATMENT UNIT (PTU) (82381)
10,RENEWABLE DIESEL UNIT (RDU) / PRE-TREATMENT UNIT (PTU) (82381),2061.854,2061.854,1768.1844489892776,RENEWABLE DIESEL UNIT (RDU) / PRE-TREATMENT UNIT (PTU) (82381)
11,RENEWABLE DIESEL UNIT (RDU) / PRE-TREATMENT UNIT (PTU) (82381),2085.25,2085.25,1790.9758394362873,RENEWABLE DIESEL UNIT (RDU) / PRE-TREATMENT UNIT (PTU) (82381)
12,RENEWABLE DIESEL UNIT (RDU) / PRE-TREATMENT UNIT (PTU) (82381),1392.247,1392.247,1126.1841742944885,RENEWABLE DIESEL UNIT (RDU) / PRE-TREATMENT UNIT (PTU) (82381)
13,RENEWABLE DIESEL UNIT (RDU) / PRE-TREATMENT UNIT (PTU) (82381),1900.266,1900.266,1510.1326398886908,RENEWABLE DIESEL UNIT (RDU) / PRE-TREATMENT UNIT (PTU) (82381)
14,RENEWABLE DIESEL UNIT (RDU) / PRE-TREATMENT UNIT (PTU) (82381),1272.446,1272.446,1048.0544637136395,RENEWABLE DIESEL UNIT (RDU) / PRE-TREATMENT UNIT (PTU) (82381)
15,RENEWABLE DIESEL UNIT (RDU) / PRE-TREATMENT UNIT (PTU) (82381),1902.498,1902.498,1512.0382731766267,RENEWABLE DIESEL UNIT (RDU) / PRE-TREATMENT UNIT (PTU) (82381)
16,RENEWABLE DIESEL UNIT (RDU) / PRE-TREATMENT UNIT (PTU) (82381),2054.599,2054.599,1836.7858743306329,RENEWABLE DIESEL UNIT (RDU) / PRE-TREATMENT UNIT (PTU) (82381)
17,RENEWABLE DIESEL UNIT (RDU) / PRE-TREATMENT UNIT (PTU) (82381),1409.867,1409.867,1144.9744230757724,RENEWABLE DIESEL UNIT (RDU) / PRE-TREATMENT UNIT (PTU) (82381)
18,RENEWABLE DIESEL UNIT (RDU) / PRE-TREATMENT UNIT (PTU) (82381),1704.416,1704.416,1365.2203528860382,RENEWABLE DIESEL UNIT (RDU) / PRE-TREATMENT UNIT (PTU) (82381)
19,RENEWABLE DIESEL UNIT (RDU) / PRE-TREATMENT UNIT (PTU) (82381),1592.152,1592.152,1275.7658568778204,RENEWABLE DIESEL UNIT (RDU) / PRE-TREATMENT UNIT (PTU) (82381)
20,RENEWABLE DIESEL UNIT (RDU) / PRE-TREATMENT UNIT (PTU) (82381),2194.267,2194.267,1878.2707423733855,RENEWABLE DIESEL UNIT (RDU) / PRE-TREATMENT UNIT (PTU) (82381)
21,RENEWABLE DIESEL UNIT (RDU) / PRE-TREATMENT UNIT (PTU) (82381),1357.748,1357.748,1202.2238395482475,RENEWABLE DIESEL UNIT (RDU) / PRE-TREATMENT UNIT (PTU) (82381)
22,RENEWABLE DIESEL UNIT (RDU) / PRE-TREATMENT UNIT (PTU) (82381),1828.792,1828.792,1451.8401563307812,RENEWABLE DIESEL UNIT (RDU) / PRE-TREATMENT UNIT (PTU) (82381)
23,RENEWABLE DIESEL UNIT (RDU) / PRE-TREATMENT UNIT (PTU) (82381),2210.381,2210.381,1940.476997935737,RENEWABLE DIESEL UNIT (RDU) / PRE-TREATMENT UNIT (PTU) (82381)
24,RENEWABLE DIESEL UNIT (RDU) / PRE-TREATMENT UNIT (PTU) (82381),1213.592,1213.592,965.99349032295,RENEWABLE DIESEL UNIT (RDU) / PRE-TREATMENT UNIT (PTU) (82381)
25,RENEWABLE DIESEL UNIT (RDU) / PRE-TREATMENT UNIT (PTU) (82381),1806.905,1806.905,1621.2431785271922,RENEWABLE DIESEL UNIT (RDU) / PRE-TREATMENT UNIT (PTU) (82381)
26,RENEWABLE DIESEL UNIT (RDU) / PRE-TREATMENT UNIT (PTU) (82381),1806.905,1806.905,1621.2431785271922,RENEWABLE DIESEL UNIT (RDU) / PRE-TREATMENT UNIT (PTU) (82381)
27,RENEWABLE DIESEL UNIT (RDU) / PRE-TREATMENT UNIT (PTU) (82381),2238.475,2238.475,1977.9422712244798,RENEWABLE DIESEL UNIT (RDU) / PRE-TREATMENT UNIT (PTU) (82381)
28,RENEWABLE DIESEL UNIT (RDU) / PRE-TREATMENT UNIT (PTU) (82381),1816.122,1816.122,1427.2246055922712,RENEWABLE DIESEL UNIT (RDU) / PRE-TREATMENT UNIT (PTU) (82381)
29,RENEWABLE DIESEL UNIT (RDU) / PRE-TREATMENT UNIT (PTU) (82381),1573.706,1573.706,1300.9102852086992,RENEWABLE DIESEL UNIT (RDU) / PRE-TREATMENT UNIT (PTU) (82381)
30,RENEWABLE DIESEL UNIT (RDU) / PRE-TREATMENT UNIT (PTU) (82381),1451.539,1451.539,1196.4419610528848,RENEWABLE DIESEL UNIT (RDU) / PRE-TREATMENT UNIT (PTU) (82381)
31,RENEWABLE DIESEL UNIT (RDU) / PRE-TREATMENT UNIT (PTU) (82381),1886.78,1886.78,1502.7516094111784,RENEWABLE DIESEL UNIT (RDU) / PRE-TREATMENT UNIT (PTU) (82381)
34,RENEWABLE DIESEL UNIT (RDU) / PRE-TREATMENT UNIT (PTU) (82381),2307.721,2307.721,1953.0033813077878,RENEWABLE DIESEL UNIT (RDU) / PRE-TREATMENT UNIT (PTU) (82381)
35,RENEWABLE DIESEL UNIT (RDU) / PRE-TREATMENT UNIT (PTU) (82381),1897.674,1897.674,1682.8623445240523,RENEWABLE DIESEL UNIT (RDU) / PRE-TREATMENT UNIT (PTU) (82381)
36,RENEWABLE DIESEL UNIT (RDU) / PRE-TREATMENT UNIT (PTU) (82381),1360.394,1360.394,1116.411049126906,RENEWABLE DIESEL UNIT (RDU) / PRE-TREATMENT UNIT (PTU) (82381)
37,RENEWABLE DIESEL UNIT (RDU) / PRE-TREATMENT UNIT (PTU) (82381),1437.245,1437.245,1182.632829529477,RENEWABLE DIESEL UNIT (RDU) / PRE-TREATMENT UNIT (PTU) (82381)
38,RENEWABLE DIESEL UNIT (RDU) / PRE-TREATMENT UNIT (PTU) (82381),1733.022,1733.022,1422.2969616655516,RENEWABLE DIESEL UNIT (RDU) / PRE-TREATMENT UNIT (PTU) (82381)
39,RENEWABLE DIESEL UNIT (RDU) / PRE-TREATMENT UNIT (PTU) (82381),2339.05,2339.05,2070.3469860291234,RENEWABLE DIESEL UNIT (RDU) / PRE-TREATMENT UNIT (PTU) (82381)
40,RENEWABLE DIESEL UNIT (RDU) / PRE-TREATMENT UNIT (PTU) (82381),1579.061,1579.061,1266.8682160145208,RENEWABLE DIESEL UNIT (RDU) / PRE-TREATMENT UNIT (PTU) (82381)
41,RENEWABLE DIESEL UNIT (RDU) / PRE-TREATMENT UNIT (PTU) (82381),1812.976,1812.976,1479.0204909554586,RENEWABLE DIESEL UNIT (RDU) / PRE-TREATMENT UNIT (PTU) (82381)
42,RENEWABLE DIESEL UNIT (RDU) / PRE-TREATMENT UNIT (PTU) (82381),1565.352,1565.352,1286.4164110522163,RENEWABLE DIESEL UNIT (RDU) / PRE-TREATMENT UNIT (PTU) (82381)
43,RENEWABLE DIESEL UNIT (RDU) / PRE-TREATMENT UNIT (PTU) (82381),2095.89,2095.89,1657.151185442876,RENEWABLE DIESEL UNIT (RDU) / PRE-TREATMENT UNIT (PTU) (82381)
44,RENEWABLE DIESEL UNIT (RDU) / PRE-TREATMENT UNIT (PTU) (82381),1870.178,1870.178,1544.9706523227203,RENEWABLE DIESEL UNIT (RDU) / PRE-TREATMENT UNIT (PTU) (82381)
45,RENEWABLE DIESEL UNIT (RDU) / PRE-TREATMENT UNIT (PTU) (82381),1874.728,1874.728,1549.4187147484954,RENEWABLE DIESEL UNIT (RDU) / PRE-TREATMENT UNIT (PTU) (82381)
46,RENEWABLE DIESEL UNIT (RDU) / PRE-TREATMENT UNIT (PTU) (82381),1659.9,1659.9,1369.7484311143173,RENEWABLE DIESEL UNIT (RDU) / PRE-TREATMENT UNIT (PTU) (82381)
47,RENEWABLE DIESEL UNIT (RDU) / PRE-TREATMENT UNIT (PTU) (82381),2396.504,2396.504,2124.019207437689,RENEWABLE DIESEL UNIT (RDU) / PRE-TREATMENT UNIT (PTU) (82381)
48,RENEWABLE DIESEL UNIT (RDU) / PRE-TREATMENT UNIT (PTU) (82381),2121.914,2121.914,1910.1848905002428,RENEWABLE DIESEL UNIT (RDU) / PRE-TREATMENT UNIT (PTU) (82381)
49,RENEWABLE DIESEL UNIT (RDU) / PRE-TREATMENT UNIT (PTU) (82381),1761.102,1761.102,1431.3513328434585,RENEWABLE DIESEL UNIT (RDU) / PRE-TREATMENT UNIT (PTU) (82381)
50,RENEWABLE DIESEL UNIT (RDU) / PRE-TREATMENT UNIT (PTU) (82381),1869.563,1869.563,1523.617135017261,RENEWABLE DIESEL UNIT (RDU) / PRE-TREATMENT UNIT (PTU) (82381)
51,RENEWABLE DIESEL UNIT (RDU) / PRE-TREATMENT UNIT (PTU) (82381),1568.592,1568.592,1370.2432957686578,RENEWABLE DIESEL UNIT (RDU) / PRE-TREATMENT UNIT (PTU) (82381)
52,RENEWABLE DIESEL UNIT (RDU) / PRE-TREATMENT UNIT (PTU) (82381),2457.918,2457.918,2205.4530793269496,RENEWABLE DIESEL UNIT (RDU) / PRE-TREATMENT UNIT (PTU) (82381)
53,RENEWABLE DIESEL UNIT (RDU) / PRE-TREATMENT UNIT (PTU) (82381),940.5,940.5,761.176733100721,RENEWABLE DIESEL UNIT (RDU) / PRE-TREATMENT UNIT (PTU) (82381)
55,RENEWABLE DIESEL UNIT (RDU) / PRE-TREATMENT UNIT (PTU) (82381),2050.332,2050.332,1685.5579256044355,RENEWABLE DIESEL UNIT (RDU) / PRE-TREATMENT UNIT (PTU) (82381)
56,RENEWABLE DIESEL UNIT (RDU) / PRE-TREATMENT UNIT (PTU) (82381),2076.454,2076.454,1636.8257261964616,RENEWABLE DIESEL UNIT (RDU) / PRE-TREATMENT UNIT (PTU) (82381)
57,RENEWABLE DIESEL UNIT (RDU) / PRE-TREATMENT UNIT (PTU) (82381),2191.373,2191.373,2006.2105066680133,RENEWABLE DIESEL UNIT (RDU) / PRE-TREATMENT UNIT (PTU) (82381)
58,RENEWABLE DIESEL UNIT (RDU) / PRE-TREATMENT UNIT (PTU) (82381),2639.918,2639.918,2362.4190605887416,RENEWABLE DIESEL UNIT (RDU) / PRE-TREATMENT UNIT (PTU) (82381)
59,RENEWABLE DIESEL UNIT (RDU) / PRE-TREATMENT UNIT (PTU) (82381),2865.778,2865.778,2537.9872715353654,RENEWABLE DIESEL UNIT (RDU) / PRE-TREATMENT UNIT (PTU) (82381)
60,RENEWABLE DIESEL UNIT (RDU) / PRE-TREATMENT UNIT (PTU) (82381),2982.672,2982.672,2593.260269982866,RENEWABLE DIESEL UNIT (RDU) / PRE-TREATMENT UNIT (PTU) (82381)
61,RENEWABLE DIESEL UNIT (RDU) / PRE-TREATMENT UNIT (PTU) (82381),2277.464,2277.464,1870.336438847091,RENEWABLE DIESEL UNIT (RDU) / PRE-TREATMENT UNIT (PTU) (82381)
62,RENEWABLE DIESEL UNIT (RDU) / PRE-TREATMENT UNIT (PTU) (82381),3103.97,3103.97,2669.16267226936,RENEWABLE DIESEL UNIT (RDU) / PRE-TREATMENT UNIT (PTU) (82381)
63,RENEWABLE DIESEL UNIT (RDU) / PRE-TREATMENT UNIT (PTU) (82381),2048.096,2048.096,1713.2335341836767,RENEWABLE DIESEL UNIT (RDU) / PRE-TREATMENT UNIT (PTU) (82381)
1,St Bernard Renewables LLC (82901),1265.936,1265.936,1041.0962990108449,St Bernard Renewables LLC (82901)
3,St Bernard Renewables LLC (82901),1289.727,1289.727,1116.144103345922,St Bernard Renewables LLC (82901)
5,St Bernard Renewables LLC (82901),1255.065,1255.065,1108.4337368608396,St Bernard Renewables LLC (82901)
6,St Bernard Renewables LLC (82901),909.9,909.9,790.4661173753432,St Bernard Renewables LLC (82901)
7,St Bernard Renewables LLC (82901),1098.028,1098.028,909.0841324316617,St Bernard Renewables LLC (82901)
8,St Bernard Renewables LLC (82901),1322.078,1322.078,1175.0752394872918,St Bernard Renewables LLC (82901)
9,St Bernard Renewables LLC (82901),1062.818,1062.818,910.6975187359556,St Bernard Renewables LLC (82901)
10,St Bernard Renewables LLC (82901),1415.641,1415.641,1196.677236606339,St Bernard Renewables LLC (82901)
11,St Bernard Renewables LLC (82901),1396.271,1396.271,1191.78141822236,St Bernard Renewables LLC (82901)
12,St Bernard Renewables LLC (82901),1373.118,1373.118,1103.9601674296102,St Bernard Renewables LLC (82901)
13,St Bernard Renewables LLC (82901),1527.854,1527.854,1346.123457409507,St Bernard Renewables LLC (82901)
14,St Bernard Renewables LLC (82901),1242.872,1242.872,975.2946166340105,St Bernard Renewables LLC (82901)
15,St Bernard Renewables LLC (82901),1530.086,1530.086,1347.9932041140924,St Bernard Renewables LLC (82901)
16,St Bernard Renewables LLC (82901),1325.542,1325.542,1151.47205437166,St Bernard Renewables LLC (82901)
17,St Bernard Renewables LLC (82901),1457.093,1457.093,1176.427302715811,St Bernard Renewables LLC (82901)
18,St Bernard Renewables LLC (82901),1633.484,1633.484,1339.6987890836926,St Bernard Renewables LLC (82901)
19,St Bernard Renewables LLC (82901),1647.461,1647.461,1297.993930463766,St Bernard Renewables LLC (82901)
20,St Bernard Renewables LLC (82901),1474.168,1474.168,1297.3074994860172,St Bernard Renewables LLC (82901)
21,St Bernard Renewables LLC (82901),670.202,670.202,526.2547333691497,St Bernard Renewables LLC (82901)
22,St Bernard Renewables LLC (82901),1699.89,1699.89,1428.9474403990337,St Bernard Renewables LLC (82901)
23,St Bernard Renewables LLC (82901),1503.702,1503.702,1295.4014301698364,St Bernard Renewables LLC (82901)
24,St Bernard Renewables LLC (82901),1402.58,1402.58,1099.979341540338,St Bernard Renewables LLC (82901)
25,St Bernard Renewables LLC (82901),673.621,673.621,590.8113048174088,St Bernard Renewables LLC (82901)
26,St Bernard Renewables LLC (82901),673.621,673.621,590.8113048174088,St Bernard Renewables LLC (82901)
27,St Bernard Renewables LLC (82901),1431.674,1431.674,1262.930039820625,St Bernard Renewables LLC (82901)
28,St Bernard Renewables LLC (82901),1771.122,1771.122,1458.3971178349475,St Bernard Renewables LLC (82901)
29,St Bernard Renewables LLC (82901),1727.711,1727.711,1408.3531454856625,St Bernard Renewables LLC (82901)
30,St Bernard Renewables LLC (82901),1646.986,1646.986,1353.5817325523349,St Bernard Renewables LLC (82901)
31,St Bernard Renewables LLC (82901),1751.328,1751.328,1495.4888279763563,St Bernard Renewables LLC (82901)
34,St Bernard Renewables LLC (82901),1694.718,1694.718,1475.083306973363,St Bernard Renewables LLC (82901)
35,St Bernard Renewables LLC (82901),683.198,683.198,600.550035086494,St Bernard Renewables LLC (82901)
36,St Bernard Renewables LLC (82901),1680.686,1680.686,1352.0617436784726,St Bernard Renewables LLC (82901)
37,St Bernard Renewables LLC (82901),1722.626,1722.626,1406.2157201562745,St Bernard Renewables LLC (82901)
38,St Bernard Renewables LLC (82901),1883.388,1883.388,1521.308868636569,St Bernard Renewables LLC (82901)
39,St Bernard Renewables LLC (82901),1562.116,1562.116,1378.7415122161183,St Bernard Renewables LLC (82901)
40,St Bernard Renewables LLC (82901),1797.818,1797.818,1489.0647869758975,St Bernard Renewables LLC (82901)
41,St Bernard Renewables LLC (82901),1922.53,1922.53,1578.7956408596724,St Bernard Renewables LLC (82901)
42,St Bernard Renewables LLC (82901),1819.608,1819.608,1511.5995229975981,St Bernard Renewables LLC (82901)
43,St Bernard Renewables LLC (82901),1871.696,1871.696,1642.276160283975,St Bernard Renewables LLC (82901)
44,St Bernard Renewables LLC (82901),1919.395,1919.395,1621.0710738410776,St Bernard Renewables LLC (82901)
45,St Bernard Renewables LLC (82901),1922.768,1922.768,1623.58903962432,St Bernard Renewables LLC (82901)
46,St Bernard Renewables LLC (82901),1911.101,1911.101,1562.622442269042,St Bernard Renewables LLC (82901)
47,St Bernard Renewables LLC (82901),1619.57,1619.57,1416.5584284461604,St Bernard Renewables LLC (82901)
48,St Bernard Renewables LLC (82901),836.076,836.076,755.1912290805024,St Bernard Renewables LLC (82901)
49,St Bernard Renewables LLC (82901),2048.226,2048.226,1712.1654403834216,St Bernard Renewables LLC (82901)
50,St Bernard Renewables LLC (82901),2156.688,2156.688,1750.4861808049857,St Bernard Renewables LLC (82901)
51,St Bernard Renewables LLC (82901),47.492,47.492,36.36219165669314,St Bernard Renewables LLC (82901)
52,St Bernard Renewables LLC (82901),1166.381,1166.381,1020.4766923858658,St Bernard Renewables LLC (82901)
53,St Bernard Renewables LLC (82901),1882.908,1882.908,1497.2377078692173,St Bernard Renewables LLC (82901)
55,St Bernard Renewables LLC (82901),2337.456,2337.456,1976.7828361051552,St Bernard Renewables LLC (82901)
56,St Bernard Renewables LLC (82901),2363.578,2363.578,1967.2316751958467,St Bernard Renewables LLC (82901)
57,St Bernard Renewables LLC (82901),749.271,749.271,652.2562179391376,St Bernard Renewables LLC (82901)
58,St Bernard Renewables LLC (82901),1348.381,1348.381,1188.762634519969,St Bernard Renewables LLC (82901)
59,St Bernard Renewables LLC (82901),1605.853,1605.853,1409.5087829867193,St Bernard Renewables LLC (82901)
60,St Bernard Renewables LLC (82901),1666.925,1666.925,1480.1229006360127,St Bernard Renewables LLC (82901)
61,St Bernard Renewables LLC (82901),2564.588,2564.588,2168.1172595365642,St Bernard Renewables LLC (82901)
62,St Bernard Renewables LLC (82901),1931.71,1931.71,1624.075435526046,St Bernard Renewables LLC (82901)
63,St Bernard Renewables LLC (82901),2714.925,2714.925,2215.778090458085,St Bernard Renewables LLC (82901)
1,Vertex Renewables Mobile Site (83101),1204.945,1204.945,1002.8808606362073,Vertex Renewables Mobile Site (83101)
3,Vertex Renewables Mobile Site (83101),1228.737,1228.737,1066.647145723558,Vertex Renewables Mobile Site (83101)
5,Vertex Renewables Mobile Site (83101),1144.724,1144.724,1020.5499035825827,Vertex Renewables Mobile Site (83101)
6,Vertex Renewables Mobile Site (83101),793.484,793.484,708.4987019074385,Vertex Renewables Mobile Site (83101)
7,Vertex Renewables Mobile Site (83101),990.87,990.87,802.0268127888764,Vertex Renewables Mobile Site (83101)
8,Vertex Renewables Mobile Site (83101),1211.737,1211.737,1089.0920053352406,Vertex Renewables Mobile Site (83101)
9,Vertex Renewables Mobile Site (83101),931.256,931.256,789.7150942130321,Vertex Renewables Mobile Site (83101)
10,Vertex Renewables Mobile Site (83101),1284.078,1284.078,1082.386967074127,Vertex Renewables Mobile Site (83101)
11,Vertex Renewables Mobile Site (83101),1264.708,1264.708,1072.7019456104024,Vertex Renewables Mobile Site (83101)
12,Vertex Renewables Mobile Site (83101),1337.518,1337.518,1107.1916220422713,Vertex Renewables Mobile Site (83101)
13,Vertex Renewables Mobile Site (83101),1466.863,1466.863,1292.4824055805166,Vertex Renewables Mobile Site (83101)
14,Vertex Renewables Mobile Site (83101),1267.107,1267.107,993.4147074500238,Vertex Renewables Mobile Site (83101)
15,Vertex Renewables Mobile Site (83101),1469.095,1469.095,1294.1655911605078,Vertex Renewables Mobile Site (83101)
16,Vertex Renewables Mobile Site (83101),1193.979,1193.979,1019.4512810525493,Vertex Renewables Mobile Site (83101)
17,Vertex Renewables Mobile Site (83101),1421.493,1421.493,1178.1141735213284,Vertex Renewables Mobile Site (83101)
18,Vertex Renewables Mobile Site (83101),1572.493,1572.493,1310.8338142108403,Vertex Renewables Mobile Site (83101)
19,Vertex Renewables Mobile Site (83101),1600.002,1600.002,1282.0289453729065,Vertex Renewables Mobile Site (83101)
20,Vertex Renewables Mobile Site (83101),1342.605,1342.605,1173.552014050524,Vertex Renewables Mobile Site (83101)
21,Vertex Renewables Mobile Site (83101),667.224,667.224,532.0228054991069,Vertex Renewables Mobile Site (83101)
22,Vertex Renewables Mobile Site (83101),1638.9,1638.9,1391.7503502309053,Vertex Renewables Mobile Site (83101)
23,Vertex Renewables Mobile Site (83101),1372.139,1372.139,1160.5539707028117,Vertex Renewables Mobile Site (83101)
24,Vertex Renewables Mobile Site (83101),1449.923,1449.923,1132.9040320809574,Vertex Renewables Mobile Site (83101)
25,Vertex Renewables Mobile Site (83101),542.058,542.058,444.0181130268137,Vertex Renewables Mobile Site (83101)
26,Vertex Renewables Mobile Site (83101),542.058,542.058,444.0181130268137,Vertex Renewables Mobile Site (83101)
27,Vertex Renewables Mobile Site (83101),1300.111,1300.111,1117.984556053375,Vertex Renewables Mobile Site (83101)
28,Vertex Renewables Mobile Site (83101),1710.131,1710.131,1427.5460983344353,Vertex Renewables Mobile Site (83101)
29,Vertex Renewables Mobile Site (83101),1718.549,1718.549,1394.8386289851212,Vertex Renewables Mobile Site (83101)
30,Vertex Renewables Mobile Site (83101),1611.386,1611.386,1354.0766804863522,Vertex Renewables Mobile Site (83101)
31,Vertex Renewables Mobile Site (83101),1690.337,1690.337,1455.1049987865292,Vertex Renewables Mobile Site (83101)
34,Vertex Renewables Mobile Site (83101),1556.985,1556.985,1357.624005269903,Vertex Renewables Mobile Site (83101)
35,Vertex Renewables Mobile Site (83101),548.074,548.074,435.9700430342659,Vertex Renewables Mobile Site (83101)
36,Vertex Renewables Mobile Site (83101),1645.086,1645.086,1365.5754596797087,Vertex Renewables Mobile Site (83101)
37,Vertex Renewables Mobile Site (83101),1687.026,1687.026,1411.837082653708,Vertex Renewables Mobile Site (83101)
38,Vertex Renewables Mobile Site (83101),1822.397,1822.397,1496.094327765426,Vertex Renewables Mobile Site (83101)
39,Vertex Renewables Mobile Site (83101),1430.553,1430.553,1231.4687760205065,Vertex Renewables Mobile Site (83101)
40,Vertex Renewables Mobile Site (83101),1762.218,1762.218,1486.365623019922,Vertex Renewables Mobile Site (83101)
41,Vertex Renewables Mobile Site (83101),1861.539,1861.539,1549.1068318507234,Vertex Renewables Mobile Site (83101)
42,Vertex Renewables Mobile Site (83101),1784.008,1784.008,1507.3477986696907,Vertex Renewables Mobile Site (83101)
43,Vertex Renewables Mobile Site (83101),1810.706,1810.706,1589.7657060391045,Vertex Renewables Mobile Site (83101)
44,Vertex Renewables Mobile Site (83101),1858.405,1858.405,1584.4895636169852,Vertex Renewables Mobile Site (83101)
45,Vertex Renewables Mobile Site (83101),1861.777,1861.777,1586.5219264959712,Vertex Renewables Mobile Site (83101)
46,Vertex Renewables Mobile Site (83101),1875.501,1875.501,1548.962460382514,Vertex Renewables Mobile Site (83101)
47,Vertex Renewables Mobile Site (83101),1488.007,1488.007,1264.9942625607316,Vertex Renewables Mobile Site (83101)
48,Vertex Renewables Mobile Site (83101),614.49,614.49,561.1323084085018,Vertex Renewables Mobile Site (83101)
49,Vertex Renewables Mobile Site (83101),2012.626,2012.626,1701.0720247718189,Vertex Renewables Mobile Site (83101)
50,Vertex Renewables Mobile Site (83101),2079.711,2079.711,1728.6619121362785,Vertex Renewables Mobile Site (83101)
51,Vertex Renewables Mobile Site (83101),266.018,266.018,238.0818093686732,Vertex Renewables Mobile Site (83101)
52,Vertex Renewables Mobile Site (83101),944.795,944.795,817.6415201651998,Vertex Renewables Mobile Site (83101)
53,Vertex Renewables Mobile Site (83101),1952.884,1952.884,1569.6142124036958,Vertex Renewables Mobile Site (83101)
55,Vertex Renewables Mobile Site (83101),2301.856,2301.856,1952.1030412712973,Vertex Renewables Mobile Site (83101)
56,Vertex Renewables Mobile Site (83101),2327.978,2327.978,1948.8578176934266,Vertex Renewables Mobile Site (83101)
57,Vertex Renewables Mobile Site (83101),524.464,524.464,457.4372435576351,Vertex Renewables Mobile Site (83101)
58,Vertex Renewables Mobile Site (83101),1126.796,1126.796,985.3800427411371,Vertex Renewables Mobile Site (83101)
59,Vertex Renewables Mobile Site (83101),1384.267,1384.267,1207.2536790456986,Vertex Renewables Mobile Site (83101)
60,Vertex Renewables Mobile Site (83101),1445.339,1445.339,1278.3300580803511,Vertex Renewables Mobile Site (83101)
61,Vertex Renewables Mobile Site (83101),2528.988,2528.988,2135.968086961915,Vertex Renewables Mobile Site (83101)
62,Vertex Renewables Mobile Site (83101),1661.5,1661.5,1425.891687033413,Vertex Renewables Mobile Site (83101)
63,Vertex Renewables Mobile Site (83101),2679.325,2679.325,2211.877628660853,Vertex Renewables Mobile Site (83101)
1,sinclair_wy,1471.791,1245.498,1318.58617036972,Sinclair Wyoming Refining Company (83388)
3,sinclair_wy,1498.157,1271.863,1335.117540885477,Sinclair Wyoming Refining Company (83388)
5,sinclair_wy,1702.784,1476.49,1544.9546714180237,Sinclair Wyoming Refining Company (83388)
6,sinclair_wy,1870.466,1644.172,1625.6532459523007,Sinclair Wyoming Refining Company (83388)
7,sinclair_wy,1905.473,1679.179,1693.1283868057005,Sinclair Wyoming Refining Company (83388)
8,sinclair_wy,1725.152,1498.859,1519.322407266479,Sinclair Wyoming Refining Company (83388)
9,sinclair_wy,1982.398,1756.104,1762.2983511278258,Sinclair Wyoming Refining Company (83388)
10,sinclair_wy,1943.904,1717.61,1696.2350950772714,Sinclair Wyoming Refining Company (83388)
11,sinclair_wy,1974.559,1748.265,1728.461685961049,Sinclair Wyoming Refining Company (83388)
12,sinclair_wy,1248.424,1022.131,1101.416726301559,Sinclair Wyoming Refining Company (83388)
13,sinclair_wy,1440.173,1213.879,1276.0651661012841,Sinclair Wyoming Refining Company (83388)
14,sinclair_wy,1405.95,1179.656,1155.437504828191,Sinclair Wyoming Refining Company (83388)
15,sinclair_wy,1442.405,1216.111,1276.7780299517276,Sinclair Wyoming Refining Company (83388)
16,sinclair_wy,2044.043,1817.75,1815.6265135272636,Sinclair Wyoming Refining Company (83388)
17,sinclair_wy,1169.134,942.84,1054.6676384603134,Sinclair Wyoming Refining Company (83388)
18,sinclair_wy,1243.873,1017.579,1121.9209212208957,Sinclair Wyoming Refining Company (83388)
19,sinclair_wy,1162.272,935.978,1066.525423996971,Sinclair Wyoming Refining Company (83388)
20,sinclair_wy,1958.195,1731.902,1765.5784103877788,Sinclair Wyoming Refining Company (83388)
21,sinclair_wy,1996.076,1800.404,1581.6466169427097,Sinclair Wyoming Refining Company (83388)
22,sinclair_wy,1368.698,1142.404,1143.0664227494585,Sinclair Wyoming Refining Company (83388)
23,sinclair_wy,2041.727,1815.433,1849.6368027084673,Sinclair Wyoming Refining Company (83388)
24,sinclair_wy,1220.492,1024.819,1002.5369115371884,Sinclair Wyoming Refining Company (83388)
25,sinclair_wy,2302.682,2076.388,1926.4872518145305,Sinclair Wyoming Refining Company (83388)
26,sinclair_wy,2302.682,2076.388,1926.4872518145305,Sinclair Wyoming Refining Company (83388)
27,sinclair_wy,2219.949,1993.655,1923.6923841634023,Sinclair Wyoming Refining Company (83388)
28,sinclair_wy,1326.494,1100.2,1090.6612866852138,Sinclair Wyoming Refining Company (83388)
29,sinclair_wy,1153.137,926.843,996.5725394063152,Sinclair Wyoming Refining Company (83388)
30,sinclair_wy,1030.97,804.676,943.3293136796375,Sinclair Wyoming Refining Company (83388)
31,sinclair_wy,1426.687,1200.393,1147.4979865445202,Sinclair Wyoming Refining Company (83388)
34,sinclair_wy,2000.316,1774.022,1736.2245921117672,Sinclair Wyoming Refining Company (83388)
35,sinclair_wy,2384.03,2157.736,1994.672905834891,Sinclair Wyoming Refining Company (83388)
36,sinclair_wy,939.825,713.532,874.9162271090341,Sinclair Wyoming Refining Company (83388)
37,sinclair_wy,1016.676,790.382,882.6071882710287,Sinclair Wyoming Refining Company (83388)
38,sinclair_wy,1312.453,1086.16,1031.6830480865776,Sinclair Wyoming Refining Company (83388)
39,sinclair_wy,2187.781,1961.487,1967.740785186946,Sinclair Wyoming Refining Company (83388)
40,sinclair_wy,1158.492,932.198,889.0745745436162,Sinclair Wyoming Refining Company (83388)
41,sinclair_wy,1337.44,1125.149,1049.6688412990072,Sinclair Wyoming Refining Company (83388)
42,sinclair_wy,1112.079,885.785,889.0153429795876,Sinclair Wyoming Refining Company (83388)
43,sinclair_wy,1556.372,1344.08,1220.096102543129,Sinclair Wyoming Refining Company (83388)
44,sinclair_wy,1395.258,1182.966,1095.0872405084706,Sinclair Wyoming Refining Company (83388)
45,sinclair_wy,1399.808,1187.517,1098.547627310744,Sinclair Wyoming Refining Company (83388)
46,sinclair_wy,1203.573,977.279,935.1774340492983,Sinclair Wyoming Refining Company (83388)
47,sinclair_wy,2207.97,1981.676,2015.98465677385,Sinclair Wyoming Refining Company (83388)
48,sinclair_wy,2550.968,2324.674,2194.98643184355,Sinclair Wyoming Refining Company (83388)
49,sinclair_wy,1240.649,1028.358,875.2102982077805,Sinclair Wyoming Refining Company (83388)
50,sinclair_wy,1349.111,1136.819,958.8278736069308,Sinclair Wyoming Refining Company (83388)
51,sinclair_wy,2394.622,2198.949,1997.1264363220164,Sinclair Wyoming Refining Company (83388)
52,sinclair_wy,2863.272,2636.978,2442.4247573592065,Sinclair Wyoming Refining Company (83388)
53,sinclair_wy,659.24,463.567,529.5340757132893,Sinclair Wyoming Refining Company (83388)
55,sinclair_wy,1335.679,1317.588,989.807891888402,Sinclair Wyoming Refining Company (83388)
56,sinclair_wy,1315.368,1159.706,929.722797638177,Sinclair Wyoming Refining Company (83388)
57,sinclair_wy,2912.916,2686.622,2448.135575733101,Sinclair Wyoming Refining Company (83388)
58,sinclair_wy,2996.028,2769.734,2558.5544299806047,Sinclair Wyoming Refining Company (83388)
59,sinclair_wy,3139.12,2912.826,2662.1862851487554,Sinclair Wyoming Refining Company (83388)
60,sinclair_wy,3127.05,2900.756,2694.371428831683,Sinclair Wyoming Refining Company (83388)
61,sinclair_wy,1551.048,1544.72,1107.0972684688477,Sinclair Wyoming Refining Company (83388)
62,sinclair_wy,3044.356,2818.062,2697.894346996,Sinclair Wyoming Refining Company (83388)
63,sinclair_wy,1155.053,1113.158,849.1579710285519,Sinclair Wyoming Refining Company (83388)
1,wynnewood_ok,853.953,853.953,690.3126310851543,WYNNEWOOD REFINING COMPANY (82420)
3,wynnewood_ok,975.186,975.186,777.6343612136299,WYNNEWOOD REFINING COMPANY (82420)
5,wynnewood_ok,1101.916,1101.916,936.1515927813588,WYNNEWOOD REFINING COMPANY (82420)
6,wynnewood_ok,980.104,980.104,768.0412421668597,WYNNEWOOD REFINING COMPANY (82420)
7,wynnewood_ok,1158.555,1158.555,910.4738646403895,WYNNEWOOD REFINING COMPANY (82420)
8,wynnewood_ok,1163.108,1163.108,968.9632235420817,WYNNEWOOD REFINING COMPANY (82420)
9,wynnewood_ok,1235.48,1235.48,968.5394450148343,WYNNEWOOD REFINING COMPANY (82420)
10,wynnewood_ok,1341.599,1341.599,1109.520408267002,WYNNEWOOD REFINING COMPANY (82420)
11,wynnewood_ok,1364.996,1364.996,1128.3255019124524,WYNNEWOOD REFINING COMPANY (82420)
12,wynnewood_ok,672.242,672.242,551.8894855917059,WYNNEWOOD REFINING COMPANY (82420)
13,wynnewood_ok,1180.261,1180.261,946.2719697084714,WYNNEWOOD REFINING COMPANY (82420)
14,wynnewood_ok,552.192,552.192,426.18746239151295,WYNNEWOOD REFINING COMPANY (82420)
15,wynnewood_ok,1182.493,1182.493,948.4154995191219,WYNNEWOOD REFINING COMPANY (82420)
16,wynnewood_ok,1334.345,1334.345,1161.853177060095,WYNNEWOOD REFINING COMPANY (82420)
17,wynnewood_ok,689.862,689.862,602.9983297791264,WYNNEWOOD REFINING COMPANY (82420)
18,wynnewood_ok,984.41,984.41,839.5759602219825,WYNNEWOOD REFINING COMPANY (82420)
19,wynnewood_ok,872.147,872.147,757.4980139013996,WYNNEWOOD REFINING COMPANY (82420)
20,wynnewood_ok,1474.012,1474.012,1224.5915457535289,WYNNEWOOD REFINING COMPANY (82420)
21,wynnewood_ok,692.234,692.234,515.8736452983694,WYNNEWOOD REFINING COMPANY (82420)
22,wynnewood_ok,1108.786,1108.786,940.6409035450127,WYNNEWOOD REFINING COMPANY (82420)
23,wynnewood_ok,1490.126,1490.126,1277.455509843543,WYNNEWOOD REFINING COMPANY (82420)
24,wynnewood_ok,493.586,493.586,429.8726471949042,WYNNEWOOD REFINING COMPANY (82420)
25,wynnewood_ok,1105.253,1105.253,933.5490578801481,WYNNEWOOD REFINING COMPANY (82420)
26,wynnewood_ok,1105.253,1105.253,933.5490578801481,WYNNEWOOD REFINING COMPANY (82420)
27,wynnewood_ok,1518.22,1518.22,1304.6471098371471,WYNNEWOOD REFINING COMPANY (82420)
28,wynnewood_ok,1096.116,1096.116,938.3907881681531,WYNNEWOOD REFINING COMPANY (82420)
29,wynnewood_ok,953.158,953.158,831.6694048259019,WYNNEWOOD REFINING COMPANY (82420)
30,wynnewood_ok,823.848,823.848,735.9160817238262,WYNNEWOOD REFINING COMPANY (82420)
31,wynnewood_ok,1166.775,1166.775,1005.7584046003233,WYNNEWOOD REFINING COMPANY (82420)
34,wynnewood_ok,1587.466,1587.466,1328.5519321680706,WYNNEWOOD REFINING COMPANY (82420)
35,wynnewood_ok,1196.022,1196.022,997.6585085647299,WYNNEWOOD REFINING COMPANY (82420)
36,wynnewood_ok,803.06,803.06,687.3434284205579,WYNNEWOOD REFINING COMPANY (82420)
37,wynnewood_ok,879.91,879.91,759.2420381682955,WYNNEWOOD REFINING COMPANY (82420)
38,wynnewood_ok,1122.149,1122.149,967.1874911592378,WYNNEWOOD REFINING COMPANY (82420)
39,wynnewood_ok,1618.796,1618.796,1404.6659941048406,WYNNEWOOD REFINING COMPANY (82420)
40,wynnewood_ok,974.681,974.681,857.2886344232647,WYNNEWOOD REFINING COMPANY (82420)
41,wynnewood_ok,1241.039,1241.039,1031.818867790114,WYNNEWOOD REFINING COMPANY (82420)
42,wynnewood_ok,996.47,996.47,881.6982227798917,WYNNEWOOD REFINING COMPANY (82420)
43,wynnewood_ok,1375.885,1375.885,1174.5474234169822,WYNNEWOOD REFINING COMPANY (82420)
44,wynnewood_ok,1314.426,1314.426,1093.7099360258599,WYNNEWOOD REFINING COMPANY (82420)
45,wynnewood_ok,1317.799,1317.799,1097.7062644264572,WYNNEWOOD REFINING COMPANY (82420)
46,wynnewood_ok,1087.964,1087.964,958.4992837650412,WYNNEWOOD REFINING COMPANY (82420)
47,wynnewood_ok,1676.25,1676.25,1457.6176598805876,WYNNEWOOD REFINING COMPANY (82420)
48,wynnewood_ok,1501.764,1501.764,1224.6162433318734,WYNNEWOOD REFINING COMPANY (82420)
49,wynnewood_ok,1225.089,1225.089,1078.9739193857397,WYNNEWOOD REFINING COMPANY (82420)
50,wynnewood_ok,1333.551,1333.551,1150.3054842162667,WYNNEWOOD REFINING COMPANY (82420)
51,wynnewood_ok,1020.915,1020.915,825.870855869854,WYNNEWOOD REFINING COMPANY (82420)
52,wynnewood_ok,1837.768,1837.768,1516.7905752682266,WYNNEWOOD REFINING COMPANY (82420)
53,wynnewood_ok,879.903,879.903,662.1171231175432,WYNNEWOOD REFINING COMPANY (82420)
55,wynnewood_ok,1514.319,1514.319,1363.7888285156714,WYNNEWOOD REFINING COMPANY (82420)
56,wynnewood_ok,1540.441,1540.441,1333.7592812058656,WYNNEWOOD REFINING COMPANY (82420)
57,wynnewood_ok,1643.696,1643.696,1367.5006552968302,WYNNEWOOD REFINING COMPANY (82420)
58,wynnewood_ok,2019.768,2019.768,1670.5842835893934,WYNNEWOOD REFINING COMPANY (82420)
59,wynnewood_ok,2191.174,2191.174,1842.4626787281945,WYNNEWOOD REFINING COMPANY (82420)
60,wynnewood_ok,2281.02,2281.02,1897.3022134087553,WYNNEWOOD REFINING COMPANY (82420)
61,wynnewood_ok,1741.451,1741.451,1565.7656215274576,WYNNEWOOD REFINING COMPANY (82420)
62,wynnewood_ok,2402.318,2402.318,1974.413301997277,WYNNEWOOD REFINING COMPANY (82420)
63,wynnewood_ok,1755.422,1755.422,1521.2016518140842,WYNNEWOOD REFINING COMPANY (82420)
