hub_id,ring_index,from_2018,to_2019,pixels
49,1,soy,soy,218494
49,1,soy,corn,974910
49,1,soy,fallow_idle,501162
49,1,soy,other_cropland,51394
49,1,soy,forest,269
49,1,soy,wetlands,1684
49,1,soy,other_non_crop,24068
49,1,corn,soy,918365
49,1,corn,corn,249537
49,1,corn,fallow_idle,522800
49,1,corn,other_cropland,24353
49,1,corn,forest,4312
49,1,corn,wetlands,21582
49,1,corn,other_non_crop,20608
49,1,fallow_idle,soy,242
49,1,fallow_idle,corn,544
49,1,fallow_idle,fallow_idle,4166
49,1,fallow_idle,other_cropland,196
49,1,fallow_idle,forest,1
49,1,fallow_idle,wetlands,38
49,1,fallow_idle,other_non_crop,5624
49,1,other_cropland,soy,14284
49,1,other_cropland,corn,51624
49,1,other_cropland,fallow_idle,16549
49,1,other_cropland,other_cropland,200815
49,1,other_cropland,forest,146
49,1,other_cropland,wetlands,12485
49,1,other_cropland,other_non_crop,39593
49,1,forest,soy,357
49,1,forest,corn,291
49,1,forest,fallow_idle,315
49,1,forest,other_cropland,27
49,1,forest,forest,32497
49,1,forest,wetlands,1085
49,1,forest,other_non_crop,572
49,1,wetlands,soy,546
49,1,wetlands,corn,512
49,1,wetlands,fallow_idle,1467
49,1,wetlands,other_cropland,1056
49,1,wetlands,forest,5270
49,1,wetlands,wetlands,139055
49,1,wetlands,other_non_crop,8941
49,1,other_non_crop,soy,26653
49,1,other_non_crop,corn,27154
49,1,other_non_crop,fallow_idle,42527
49,1,other_non_crop,other_cropland,35239
49,1,other_non_crop,forest,16307
49,1,other_non_crop,wetlands,120851
49,1,other_non_crop,other_non_crop,1307321
42,1,soy,soy,56494
42,1,soy,corn,1152195
42,1,soy,fallow_idle,64413
42,1,soy,other_cropland,11382
42,1,soy,forest,227
42,1,soy,wetlands,1116
42,1,soy,other_non_crop,10165
42,1,corn,soy,1079906
42,1,corn,corn,232466
42,1,corn,fallow_idle,47395
42,1,corn,other_cropland,15128
42,1,corn,forest,1574
42,1,corn,wetlands,4179
42,1,corn,other_non_crop,8618
42,1,fallow_idle,soy,11
42,1,fallow_idle,corn,32
42,1,fallow_idle,fallow_idle,569
42,1,fallow_idle,other_cropland,4
42,1,fallow_idle,forest,0
42,1,fallow_idle,wetlands,1
42,1,fallow_idle,other_non_crop,210
42,1,other_cropland,soy,1750
42,1,other_cropland,corn,9471
42,1,other_cropland,fallow_idle,309
42,1,other_cropland,other_cropland,27391
42,1,other_cropland,forest,337
42,1,other_cropland,wetlands,221
42,1,other_cropland,other_non_crop,3582
42,1,forest,soy,1566
42,1,forest,corn,2960
42,1,forest,fallow_idle,83
42,1,forest,other_cropland,197
42,1,forest,forest,147589
42,1,forest,wetlands,10180
42,1,forest,other_non_crop,4914
42,1,wetlands,soy,1225
42,1,wetlands,corn,3493
42,1,wetlands,fallow_idle,735
42,1,wetlands,other_cropland,512
42,1,wetlands,forest,6613
42,1,wetlands,wetlands,60553
42,1,wetlands,other_non_crop,13975
42,1,other_non_crop,soy,42526
42,1,other_non_crop,corn,59243
42,1,other_non_crop,fallow_idle,3669
42,1,other_non_crop,other_cropland,5787
42,1,other_non_crop,forest,22605
42,1,other_non_crop,wetlands,27066
42,1,other_non_crop,other_non_crop,764701
44,1,soy,soy,42020
44,1,soy,corn,837998
44,1,soy,fallow_idle,27660
44,1,soy,other_cropland,10256
44,1,soy,forest,10
44,1,soy,wetlands,250
44,1,soy,other_non_crop,10255
44,1,corn,soy,790868
44,1,corn,corn,238467
44,1,corn,fallow_idle,29473
44,1,corn,other_cropland,11491
44,1,corn,forest,132
44,1,corn,wetlands,3323
44,1,corn,other_non_crop,11417
44,1,fallow_idle,soy,495
44,1,fallow_idle,corn,1937
44,1,fallow_idle,fallow_idle,247
44,1,fallow_idle,other_cropland,1199
44,1,fallow_idle,forest,1
44,1,fallow_idle,wetlands,3
44,1,fallow_idle,other_non_crop,71
44,1,other_cropland,soy,1487
44,1,other_cropland,corn,10860
44,1,other_cropland,fallow_idle,440
44,1,other_cropland,other_cropland,18121
44,1,other_cropland,forest,285
44,1,other_cropland,wetlands,749
44,1,other_cropland,other_non_crop,1877
44,1,forest,soy,381
44,1,forest,corn,477
44,1,forest,fallow_idle,357
44,1,forest,other_cropland,92
44,1,forest,forest,90848
44,1,forest,wetlands,13671
44,1,forest,other_non_crop,1887
44,1,wetlands,soy,2037
44,1,wetlands,corn,1186
44,1,wetlands,fallow_idle,106
44,1,wetlands,other_cropland,904
44,1,wetlands,forest,36004
44,1,wetlands,wetlands,213711
44,1,wetlands,other_non_crop,17120
44,1,other_non_crop,soy,20043
44,1,other_non_crop,corn,21424
44,1,other_non_crop,fallow_idle,1600
44,1,other_non_crop,other_cropland,2843
44,1,other_non_crop,forest,13577
44,1,other_non_crop,wetlands,45446
44,1,other_non_crop,other_non_crop,242340
19,1,soy,soy,63027
19,1,soy,corn,1224817
19,1,soy,fallow_idle,19688
19,1,soy,other_cropland,26179
19,1,soy,forest,6800
19,1,soy,wetlands,219
19,1,soy,other_non_crop,95904
19,1,corn,soy,1167333
19,1,corn,corn,90893
19,1,corn,fallow_idle,17364
19,1,corn,other_cropland,17496
19,1,corn,forest,9559
19,1,corn,wetlands,1947
19,1,corn,other_non_crop,140391
19,1,fallow_idle,soy,37
19,1,fallow_idle,corn,31
19,1,fallow_idle,fallow_idle,82
19,1,fallow_idle,other_cropland,0
19,1,fallow_idle,forest,0
19,1,fallow_idle,wetlands,6
19,1,fallow_idle,other_non_crop,33
19,1,other_cropland,soy,13386
19,1,other_cropland,corn,12600
19,1,other_cropland,fallow_idle,1064
19,1,other_cropland,other_cropland,221684
19,1,other_cropland,forest,802
19,1,other_cropland,wetlands,250
19,1,other_cropland,other_non_crop,532785
19,1,forest,soy,4345
19,1,forest,corn,2986
19,1,forest,fallow_idle,183
19,1,forest,other_cropland,1915
19,1,forest,forest,528605
19,1,forest,wetlands,9677
19,1,forest,other_non_crop,16016
19,1,wetlands,soy,139
19,1,wetlands,corn,106
19,1,wetlands,fallow_idle,14
19,1,wetlands,other_cropland,101
19,1,wetlands,forest,5539
19,1,wetlands,wetlands,13408
19,1,wetlands,other_non_crop,2529
19,1,other_non_crop,soy,37742
19,1,other_non_crop,corn,29484
19,1,other_non_crop,fallow_idle,364
19,1,other_non_crop,other_cropland,17910
19,1,other_non_crop,forest,91747
19,1,other_non_crop,wetlands,4810
19,1,other_non_crop,other_non_crop,1215895
40,1,soy,soy,30161
40,1,soy,corn,1266096
40,1,soy,fallow_idle,25957
40,1,soy,other_cropland,12462
40,1,soy,forest,490
40,1,soy,wetlands,2191
40,1,soy,other_non_crop,16034
40,1,corn,soy,1099749
40,1,corn,corn,294973
40,1,corn,fallow_idle,44081
40,1,corn,other_cropland,19975
40,1,corn,forest,2773
40,1,corn,wetlands,4446
40,1,corn,other_non_crop,24648
40,1,fallow_idle,soy,17
40,1,fallow_idle,corn,401
40,1,fallow_idle,fallow_idle,31
40,1,fallow_idle,other_cropland,0
40,1,fallow_idle,forest,0
40,1,fallow_idle,wetlands,0
40,1,fallow_idle,other_non_crop,77
40,1,other_cropland,soy,1933
40,1,other_cropland,corn,27428
40,1,other_cropland,fallow_idle,397
40,1,other_cropland,other_cropland,69388
40,1,other_cropland,forest,497
40,1,other_cropland,wetlands,105
40,1,other_cropland,other_non_crop,8008
40,1,forest,soy,1358
40,1,forest,corn,2677
40,1,forest,fallow_idle,34
40,1,forest,other_cropland,238
40,1,forest,forest,193479
40,1,forest,wetlands,5489
40,1,forest,other_non_crop,4413
40,1,wetlands,soy,380
40,1,wetlands,corn,998
40,1,wetlands,fallow_idle,152
40,1,wetlands,other_cropland,188
40,1,wetlands,forest,8112
40,1,wetlands,wetlands,50441
40,1,wetlands,other_non_crop,9038
40,1,other_non_crop,soy,34742
40,1,other_non_crop,corn,59507
40,1,other_non_crop,fallow_idle,1655
40,1,other_non_crop,other_cropland,9537
40,1,other_non_crop,forest,30915
40,1,other_non_crop,wetlands,28300
40,1,other_non_crop,other_non_crop,515367
60,1,soy,soy,188977
60,1,soy,corn,118197
60,1,soy,fallow_idle,56
60,1,soy,other_cropland,30230
60,1,soy,forest,2734
60,1,soy,wetlands,7727
60,1,soy,other_non_crop,19825
60,1,corn,soy,98402
60,1,corn,corn,15713
60,1,corn,fallow_idle,85
60,1,corn,other_cropland,31357
60,1,corn,forest,1996
60,1,corn,wetlands,5483
60,1,corn,other_non_crop,9255
60,1,fallow_idle,soy,354
60,1,fallow_idle,corn,137
60,1,fallow_idle,fallow_idle,1
60,1,fallow_idle,other_cropland,1396
60,1,fallow_idle,forest,82
60,1,fallow_idle,wetlands,265
60,1,fallow_idle,other_non_crop,260
60,1,other_cropland,soy,34914
60,1,other_cropland,corn,33442
60,1,other_cropland,fallow_idle,57
60,1,other_cropland,other_cropland,81397
60,1,other_cropland,forest,1244
60,1,other_cropland,wetlands,1589
60,1,other_cropland,other_non_crop,7397
60,1,forest,soy,2355
60,1,forest,corn,1047
60,1,forest,fallow_idle,10
60,1,forest,other_cropland,1691
60,1,forest,forest,175222
60,1,forest,wetlands,63118
60,1,forest,other_non_crop,18073
60,1,wetlands,soy,4483
60,1,wetlands,corn,1629
60,1,wetlands,fallow_idle,25
60,1,wetlands,other_cropland,1510
60,1,wetlands,forest,79920
60,1,wetlands,wetlands,1401370
60,1,wetlands,other_non_crop,38796
60,1,other_non_crop,soy,11665
60,1,other_non_crop,corn,3975
60,1,other_non_crop,fallow_idle,78
60,1,other_non_crop,other_cropland,7984
60,1,other_non_crop,forest,73585
60,1,other_non_crop,wetlands,68497
60,1,other_non_crop,other_non_crop,1230378
52,1,soy,soy,42639
52,1,soy,corn,12450
52,1,soy,fallow_idle,1410
52,1,soy,other_cropland,18425
52,1,soy,forest,900
52,1,soy,wetlands,75
52,1,soy,other_non_crop,15566
52,1,corn,soy,27553
52,1,corn,corn,14810
52,1,corn,fallow_idle,949
52,1,corn,other_cropland,19356
52,1,corn,forest,539
52,1,corn,wetlands,158
52,1,corn,other_non_crop,5765
52,1,fallow_idle,soy,834
52,1,fallow_idle,corn,309
52,1,fallow_idle,fallow_idle,699
52,1,fallow_idle,other_cropland,1264
52,1,fallow_idle,forest,728
52,1,fallow_idle,wetlands,76
52,1,fallow_idle,other_non_crop,6015
52,1,other_cropland,soy,52199
52,1,other_cropland,corn,52427
52,1,other_cropland,fallow_idle,3822
52,1,other_cropland,other_cropland,103009
52,1,other_cropland,forest,4718
52,1,other_cropland,wetlands,494
52,1,other_cropland,other_non_crop,43751
52,1,forest,soy,8835
52,1,forest,corn,3764
52,1,forest,fallow_idle,734
52,1,forest,other_cropland,14046
52,1,forest,forest,3050144
52,1,forest,wetlands,87975
52,1,forest,other_non_crop,359642
52,1,wetlands,soy,368
52,1,wetlands,corn,358
52,1,wetlands,fallow_idle,30
52,1,wetlands,other_cropland,319
52,1,wetlands,forest,34610
52,1,wetlands,wetlands,247971
52,1,wetlands,other_non_crop,6706
52,1,other_non_crop,soy,8615
52,1,other_non_crop,corn,5915
52,1,other_non_crop,fallow_idle,989
52,1,other_non_crop,other_cropland,29580
52,1,other_non_crop,forest,377975
52,1,other_non_crop,wetlands,12373
52,1,other_non_crop,other_non_crop,965997
25,1,soy,soy,138225
25,1,soy,corn,91991
25,1,soy,fallow_idle,8276
25,1,soy,other_cropland,83354
25,1,soy,forest,139
25,1,soy,wetlands,67
25,1,soy,other_non_crop,20140
25,1,corn,soy,52894
25,1,corn,corn,24753
25,1,corn,fallow_idle,3591
25,1,corn,other_cropland,103924
25,1,corn,forest,143
25,1,corn,wetlands,42
25,1,corn,other_non_crop,4306
25,1,fallow_idle,soy,97
25,1,fallow_idle,corn,52
25,1,fallow_idle,fallow_idle,115
25,1,fallow_idle,other_cropland,83
25,1,fallow_idle,forest,90
25,1,fallow_idle,wetlands,30
25,1,fallow_idle,other_non_crop,460
25,1,other_cropland,soy,63370
25,1,other_cropland,corn,128204
25,1,other_cropland,fallow_idle,14753
25,1,other_cropland,other_cropland,314618
25,1,other_cropland,forest,658
25,1,other_cropland,wetlands,65
25,1,other_cropland,other_non_crop,39865
25,1,forest,soy,2368
25,1,forest,corn,4046
25,1,forest,fallow_idle,84
25,1,forest,other_cropland,6424
25,1,forest,forest,1377729
25,1,forest,wetlands,124540
25,1,forest,other_non_crop,47664
25,1,wetlands,soy,138
25,1,wetlands,corn,814
25,1,wetlands,fallow_idle,27
25,1,wetlands,other_cropland,410
25,1,wetlands,forest,24974
25,1,wetlands,wetlands,196851
25,1,wetlands,other_non_crop,6913
25,1,other_non_crop,soy,29458
25,1,other_non_crop,corn,32291
25,1,other_non_crop,fallow_idle,3926
25,1,other_non_crop,other_cropland,94683
25,1,other_non_crop,forest,378018
25,1,other_non_crop,wetlands,47750
25,1,other_non_crop,other_non_crop,1979720
20,1,soy,soy,343645
20,1,soy,corn,1199993
20,1,soy,fallow_idle,90170
20,1,soy,other_cropland,74706
20,1,soy,forest,3419
20,1,soy,wetlands,397
20,1,soy,other_non_crop,37211
20,1,corn,soy,1201754
20,1,corn,corn,412163
20,1,corn,fallow_idle,49274
20,1,corn,other_cropland,20727
20,1,corn,forest,19790
20,1,corn,wetlands,3225
20,1,corn,other_non_crop,27529
20,1,fallow_idle,soy,191
20,1,fallow_idle,corn,820
20,1,fallow_idle,fallow_idle,874
20,1,fallow_idle,other_cropland,76
20,1,fallow_idle,forest,21
20,1,fallow_idle,wetlands,30
20,1,fallow_idle,other_non_crop,258
20,1,other_cropland,soy,35910
20,1,other_cropland,corn,58230
20,1,other_cropland,fallow_idle,9045
20,1,other_cropland,other_cropland,117420
20,1,other_cropland,forest,826
20,1,other_cropland,wetlands,469
20,1,other_cropland,other_non_crop,16987
20,1,forest,soy,4185
20,1,forest,corn,4727
20,1,forest,fallow_idle,585
20,1,forest,other_cropland,1027
20,1,forest,forest,611125
20,1,forest,wetlands,75709
20,1,forest,other_non_crop,9366
20,1,wetlands,soy,844
20,1,wetlands,corn,348
20,1,wetlands,fallow_idle,96
20,1,wetlands,other_cropland,219
20,1,wetlands,forest,21817
20,1,wetlands,wetlands,92905
20,1,wetlands,other_non_crop,10175
20,1,other_non_crop,soy,56489
20,1,other_non_crop,corn,45747
20,1,other_non_crop,fallow_idle,5793
20,1,other_non_crop,other_cropland,38758
20,1,other_non_crop,forest,110030
20,1,other_non_crop,wetlands,29603
20,1,other_non_crop,other_non_crop,803183
53,1,soy,soy,0
53,1,soy,corn,19204
53,1,soy,fallow_idle,21
53,1,soy,other_cropland,6999
53,1,soy,forest,0
53,1,soy,wetlands,0
53,1,soy,other_non_crop,63
53,1,corn,soy,17608
53,1,corn,corn,776154
53,1,corn,fallow_idle,333604
53,1,corn,other_cropland,206014
53,1,corn,forest,1
53,1,corn,wetlands,9
53,1,corn,other_non_crop,12653
53,1,fallow_idle,soy,5
53,1,fallow_idle,corn,35997
53,1,fallow_idle,fallow_idle,18476
53,1,fallow_idle,other_cropland,772186
53,1,fallow_idle,forest,0
53,1,fallow_idle,wetlands,3
53,1,fallow_idle,other_non_crop,12910
53,1,other_cropland,soy,1999
53,1,other_cropland,corn,786443
53,1,other_cropland,fallow_idle,384917
53,1,other_cropland,other_cropland,278074
53,1,other_cropland,forest,1
53,1,other_cropland,wetlands,34
53,1,other_cropland,other_non_crop,23494
53,1,forest,soy,0
53,1,forest,corn,1
53,1,forest,fallow_idle,0
53,1,forest,other_cropland,63
53,1,forest,forest,331
53,1,forest,wetlands,622
53,1,forest,other_non_crop,508
53,1,wetlands,soy,0
53,1,wetlands,corn,18
53,1,wetlands,fallow_idle,1
53,1,wetlands,other_cropland,58
53,1,wetlands,forest,32
53,1,wetlands,wetlands,1851
53,1,wetlands,other_non_crop,1006
53,1,other_non_crop,soy,25
53,1,other_non_crop,corn,25699
53,1,other_non_crop,fallow_idle,14797
53,1,other_non_crop,other_cropland,25442
53,1,other_non_crop,forest,46
53,1,other_non_crop,wetlands,1247
53,1,other_non_crop,other_non_crop,1889275
55,1,soy,soy,493572
55,1,soy,corn,799725
55,1,soy,fallow_idle,59209
55,1,soy,other_cropland,613272
55,1,soy,forest,171
55,1,soy,wetlands,4545
55,1,soy,other_non_crop,40323
55,1,corn,soy,848783
55,1,corn,corn,131987
55,1,corn,fallow_idle,109353
55,1,corn,other_cropland,58568
55,1,corn,forest,461
55,1,corn,wetlands,18226
55,1,corn,other_non_crop,11730
55,1,fallow_idle,soy,967
55,1,fallow_idle,corn,356
55,1,fallow_idle,fallow_idle,363
55,1,fallow_idle,other_cropland,1569
55,1,fallow_idle,forest,4
55,1,fallow_idle,wetlands,106
55,1,fallow_idle,other_non_crop,797
55,1,other_cropland,soy,496100
55,1,other_cropland,corn,241763
55,1,other_cropland,fallow_idle,12267
55,1,other_cropland,other_cropland,366045
55,1,other_cropland,forest,224
55,1,other_cropland,wetlands,7530
55,1,other_cropland,other_non_crop,41329
55,1,forest,soy,599
55,1,forest,corn,433
55,1,forest,fallow_idle,196
55,1,forest,other_cropland,584
55,1,forest,forest,21416
55,1,forest,wetlands,16909
55,1,forest,other_non_crop,1769
55,1,wetlands,soy,2180
55,1,wetlands,corn,1141
55,1,wetlands,fallow_idle,1032
55,1,wetlands,other_cropland,3726
55,1,wetlands,forest,4756
55,1,wetlands,wetlands,214128
55,1,wetlands,other_non_crop,19186
55,1,other_non_crop,soy,34731
55,1,other_non_crop,corn,15411
55,1,other_non_crop,fallow_idle,5918
55,1,other_non_crop,other_cropland,19238
55,1,other_non_crop,forest,3181
55,1,other_non_crop,wetlands,57268
55,1,other_non_crop,other_non_crop,457419
48,1,soy,soy,492
48,1,soy,corn,759
48,1,soy,fallow_idle,0
48,1,soy,other_cropland,1066
48,1,soy,forest,56
48,1,soy,wetlands,1
48,1,soy,other_non_crop,708
48,1,corn,soy,285
48,1,corn,corn,9591
48,1,corn,fallow_idle,0
48,1,corn,other_cropland,301
48,1,corn,forest,128
48,1,corn,wetlands,0
48,1,corn,other_non_crop,1453
48,1,fallow_idle,soy,4
48,1,fallow_idle,corn,10
48,1,fallow_idle,fallow_idle,0
48,1,fallow_idle,other_cropland,8
48,1,fallow_idle,forest,4
48,1,fallow_idle,wetlands,1
48,1,fallow_idle,other_non_crop,17
48,1,other_cropland,soy,386
48,1,other_cropland,corn,1259
48,1,other_cropland,fallow_idle,0
48,1,other_cropland,other_cropland,87119
48,1,other_cropland,forest,2743
48,1,other_cropland,wetlands,12
48,1,other_cropland,other_non_crop,39135
48,1,forest,soy,64
48,1,forest,corn,1029
48,1,forest,fallow_idle,1
48,1,forest,other_cropland,6185
48,1,forest,forest,2825144
48,1,forest,wetlands,10458
48,1,forest,other_non_crop,137714
48,1,wetlands,soy,1
48,1,wetlands,corn,9
48,1,wetlands,fallow_idle,0
48,1,wetlands,other_cropland,75
48,1,wetlands,forest,12970
48,1,wetlands,wetlands,38907
48,1,wetlands,other_non_crop,1139
48,1,other_non_crop,soy,641
48,1,other_non_crop,corn,4030
48,1,other_non_crop,fallow_idle,0
48,1,other_non_crop,other_cropland,53024
48,1,other_non_crop,forest,463511
48,1,other_non_crop,wetlands,1439
48,1,other_non_crop,other_non_crop,1946013
6,1,soy,soy,742604
6,1,soy,corn,424959
6,1,soy,fallow_idle,462076
6,1,soy,other_cropland,79634
6,1,soy,forest,2976
6,1,soy,wetlands,5810
6,1,soy,other_non_crop,43627
6,1,corn,soy,421696
6,1,corn,corn,60157
6,1,corn,fallow_idle,68765
6,1,corn,other_cropland,307731
6,1,corn,forest,3745
6,1,corn,wetlands,4843
6,1,corn,other_non_crop,13954
6,1,fallow_idle,soy,1061
6,1,fallow_idle,corn,409
6,1,fallow_idle,fallow_idle,12649
6,1,fallow_idle,other_cropland,190
6,1,fallow_idle,forest,54
6,1,fallow_idle,wetlands,754
6,1,fallow_idle,other_non_crop,1160
6,1,other_cropland,soy,115746
6,1,other_cropland,corn,288207
6,1,other_cropland,fallow_idle,21185
6,1,other_cropland,other_cropland,44773
6,1,other_cropland,forest,2085
6,1,other_cropland,wetlands,1116
6,1,other_cropland,other_non_crop,20313
6,1,forest,soy,9120
6,1,forest,corn,6409
6,1,forest,fallow_idle,3089
6,1,forest,other_cropland,2672
6,1,forest,forest,834712
6,1,forest,wetlands,199957
6,1,forest,other_non_crop,29682
6,1,wetlands,soy,1678
6,1,wetlands,corn,737
6,1,wetlands,fallow_idle,5457
6,1,wetlands,other_cropland,255
6,1,wetlands,forest,14639
6,1,wetlands,wetlands,368759
6,1,wetlands,other_non_crop,15555
6,1,other_non_crop,soy,45297
6,1,other_non_crop,corn,24589
6,1,other_non_crop,fallow_idle,18016
6,1,other_non_crop,other_cropland,26469
6,1,other_non_crop,forest,96150
6,1,other_non_crop,wetlands,27494
6,1,other_non_crop,other_non_crop,764905
17,1,soy,soy,188456
17,1,soy,corn,952129
17,1,soy,fallow_idle,180386
17,1,soy,other_cropland,12018
17,1,soy,forest,2169
17,1,soy,wetlands,713
17,1,soy,other_non_crop,22777
17,1,corn,soy,880714
17,1,corn,corn,150188
17,1,corn,fallow_idle,132604
17,1,corn,other_cropland,4109
17,1,corn,forest,5349
17,1,corn,wetlands,1014
17,1,corn,other_non_crop,15934
17,1,fallow_idle,soy,2
17,1,fallow_idle,corn,1
17,1,fallow_idle,fallow_idle,11
17,1,fallow_idle,other_cropland,0
17,1,fallow_idle,forest,11
17,1,fallow_idle,wetlands,1
17,1,fallow_idle,other_non_crop,43
17,1,other_cropland,soy,7019
17,1,other_cropland,corn,5161
17,1,other_cropland,fallow_idle,2899
17,1,other_cropland,other_cropland,115961
17,1,other_cropland,forest,3508
17,1,other_cropland,wetlands,184
17,1,other_cropland,other_non_crop,47489
17,1,forest,soy,7406
17,1,forest,corn,5898
17,1,forest,fallow_idle,262
17,1,forest,other_cropland,2724
17,1,forest,forest,942813
17,1,forest,wetlands,17501
17,1,forest,other_non_crop,17927
17,1,wetlands,soy,513
17,1,wetlands,corn,388
17,1,wetlands,fallow_idle,921
17,1,wetlands,other_cropland,642
17,1,wetlands,forest,15238
17,1,wetlands,wetlands,80180
17,1,wetlands,other_non_crop,7268
17,1,other_non_crop,soy,52601
17,1,other_non_crop,corn,43221
17,1,other_non_crop,fallow_idle,8237
17,1,other_non_crop,other_cropland,63254
17,1,other_non_crop,forest,187762
17,1,other_non_crop,wetlands,16179
17,1,other_non_crop,other_non_crop,1350356
15,1,soy,soy,11552
15,1,soy,corn,640099
15,1,soy,fallow_idle,6217
15,1,soy,other_cropland,8198
15,1,soy,forest,614
15,1,soy,wetlands,137
15,1,soy,other_non_crop,9453
15,1,corn,soy,609348
15,1,corn,corn,376953
15,1,corn,fallow_idle,8040
15,1,corn,other_cropland,11413
15,1,corn,forest,1491
15,1,corn,wetlands,91
15,1,corn,other_non_crop,13227
15,1,fallow_idle,soy,0
15,1,fallow_idle,corn,0
15,1,fallow_idle,fallow_idle,13
15,1,fallow_idle,other_cropland,0
15,1,fallow_idle,forest,0
15,1,fallow_idle,wetlands,40
15,1,fallow_idle,other_non_crop,39
15,1,other_cropland,soy,2468
15,1,other_cropland,corn,6904
15,1,other_cropland,fallow_idle,497
15,1,other_cropland,other_cropland,31445
15,1,other_cropland,forest,139
15,1,other_cropland,wetlands,55
15,1,other_cropland,other_non_crop,14160
15,1,forest,soy,685
15,1,forest,corn,1415
15,1,forest,fallow_idle,137
15,1,forest,other_cropland,317
15,1,forest,forest,281032
15,1,forest,wetlands,13430
15,1,forest,other_non_crop,8027
15,1,wetlands,soy,114
15,1,wetlands,corn,141
15,1,wetlands,fallow_idle,64
15,1,wetlands,other_cropland,53
15,1,wetlands,forest,6958
15,1,wetlands,wetlands,70728
15,1,wetlands,other_non_crop,4854
15,1,other_non_crop,soy,31551
15,1,other_non_crop,corn,54519
15,1,other_non_crop,fallow_idle,1908
15,1,other_non_crop,other_cropland,6285
15,1,other_non_crop,forest,54824
15,1,other_non_crop,wetlands,10723
15,1,other_non_crop,other_non_crop,620928
29,1,soy,soy,29156
29,1,soy,corn,1814720
29,1,soy,fallow_idle,1335
29,1,soy,other_cropland,23080
29,1,soy,forest,994
29,1,soy,wetlands,202
29,1,soy,other_non_crop,28613
29,1,corn,soy,1747758
29,1,corn,corn,760299
29,1,corn,fallow_idle,1012
29,1,corn,other_cropland,19545
29,1,corn,forest,5124
29,1,corn,wetlands,1722
29,1,corn,other_non_crop,54678
29,1,fallow_idle,soy,13
29,1,fallow_idle,corn,18
29,1,fallow_idle,fallow_idle,101
29,1,fallow_idle,other_cropland,1
29,1,fallow_idle,forest,0
29,1,fallow_idle,wetlands,2
29,1,fallow_idle,other_non_crop,10
29,1,other_cropland,soy,9877
29,1,other_cropland,corn,16631
29,1,other_cropland,fallow_idle,26
29,1,other_cropland,other_cropland,62509
29,1,other_cropland,forest,139
29,1,other_cropland,wetlands,320
29,1,other_cropland,other_non_crop,35873
29,1,forest,soy,1209
29,1,forest,corn,2285
29,1,forest,fallow_idle,9
29,1,forest,other_cropland,333
29,1,forest,forest,89836
29,1,forest,wetlands,2287
29,1,forest,other_non_crop,3137
29,1,wetlands,soy,541
29,1,wetlands,corn,1035
29,1,wetlands,fallow_idle,4
29,1,wetlands,other_cropland,311
29,1,wetlands,forest,3287
29,1,wetlands,wetlands,18084
29,1,wetlands,other_non_crop,7128
29,1,other_non_crop,soy,68080
29,1,other_non_crop,corn,84560
29,1,other_non_crop,fallow_idle,92
29,1,other_non_crop,other_cropland,7126
29,1,other_non_crop,forest,25904
29,1,other_non_crop,wetlands,9432
29,1,other_non_crop,other_non_crop,709454
63,1,soy,soy,172507
63,1,soy,corn,126864
63,1,soy,fallow_idle,50
63,1,soy,other_cropland,739059
63,1,soy,forest,9
63,1,soy,wetlands,7715
63,1,soy,other_non_crop,10358
63,1,corn,soy,110525
63,1,corn,corn,16693
63,1,corn,fallow_idle,38
63,1,corn,other_cropland,63541
63,1,corn,forest,18
63,1,corn,wetlands,2127
63,1,corn,other_non_crop,1521
63,1,fallow_idle,soy,250
63,1,fallow_idle,corn,129
63,1,fallow_idle,fallow_idle,662
63,1,fallow_idle,other_cropland,1238
63,1,fallow_idle,forest,1
63,1,fallow_idle,wetlands,69
63,1,fallow_idle,other_non_crop,498
63,1,other_cropland,soy,522332
63,1,other_cropland,corn,135924
63,1,other_cropland,fallow_idle,448
63,1,other_cropland,other_cropland,1015399
63,1,other_cropland,forest,79
63,1,other_cropland,wetlands,23993
63,1,other_cropland,other_non_crop,96732
63,1,forest,soy,477
63,1,forest,corn,158
63,1,forest,fallow_idle,0
63,1,forest,other_cropland,1877
63,1,forest,forest,39981
63,1,forest,wetlands,8735
63,1,forest,other_non_crop,7814
63,1,wetlands,soy,8016
63,1,wetlands,corn,2519
63,1,wetlands,fallow_idle,7
63,1,wetlands,other_cropland,22909
63,1,wetlands,forest,5226
63,1,wetlands,wetlands,325543
63,1,wetlands,other_non_crop,107927
63,1,other_non_crop,soy,33076
63,1,other_non_crop,corn,14004
63,1,other_non_crop,fallow_idle,660
63,1,other_non_crop,other_cropland,127668
63,1,other_non_crop,forest,15441
63,1,other_non_crop,wetlands,123558
63,1,other_non_crop,other_non_crop,1753517
45,1,soy,soy,63111
45,1,soy,corn,768051
45,1,soy,fallow_idle,21196
45,1,soy,other_cropland,19795
45,1,soy,forest,35
45,1,soy,wetlands,249
45,1,soy,other_non_crop,15865
45,1,corn,soy,734149
45,1,corn,corn,266071
45,1,corn,fallow_idle,31354
45,1,corn,other_cropland,14754
45,1,corn,forest,145
45,1,corn,wetlands,1579
45,1,corn,other_non_crop,12101
45,1,fallow_idle,soy,196
45,1,fallow_idle,corn,286
45,1,fallow_idle,fallow_idle,379
45,1,fallow_idle,other_cropland,197
45,1,fallow_idle,forest,2
45,1,fallow_idle,wetlands,13
45,1,fallow_idle,other_non_crop,177
45,1,other_cropland,soy,5988
45,1,other_cropland,corn,20915
45,1,other_cropland,fallow_idle,899
45,1,other_cropland,other_cropland,45926
45,1,other_cropland,forest,329
45,1,other_cropland,wetlands,1280
45,1,other_cropland,other_non_crop,7489
45,1,forest,soy,1388
45,1,forest,corn,1452
45,1,forest,fallow_idle,140
45,1,forest,other_cropland,299
45,1,forest,forest,167087
45,1,forest,wetlands,29661
45,1,forest,other_non_crop,6812
45,1,wetlands,soy,856
45,1,wetlands,corn,1084
45,1,wetlands,fallow_idle,78
45,1,wetlands,other_cropland,573
45,1,wetlands,forest,18353
45,1,wetlands,wetlands,164296
45,1,wetlands,other_non_crop,21748
45,1,other_non_crop,soy,20943
45,1,other_non_crop,corn,21565
45,1,other_non_crop,fallow_idle,1931
45,1,other_non_crop,other_cropland,4711
45,1,other_non_crop,forest,48364
45,1,other_non_crop,wetlands,57236
45,1,other_non_crop,other_non_crop,421980
9,1,soy,soy,347446
9,1,soy,corn,910609
9,1,soy,fallow_idle,31902
9,1,soy,other_cropland,29798
9,1,soy,forest,2565
9,1,soy,wetlands,180
9,1,soy,other_non_crop,29063
9,1,corn,soy,736551
9,1,corn,corn,112671
9,1,corn,fallow_idle,11501
9,1,corn,other_cropland,45404
9,1,corn,forest,5708
9,1,corn,wetlands,433
9,1,corn,other_non_crop,14778
9,1,fallow_idle,soy,3916
9,1,fallow_idle,corn,3219
9,1,fallow_idle,fallow_idle,1866
9,1,fallow_idle,other_cropland,315
9,1,fallow_idle,forest,9
9,1,fallow_idle,wetlands,4
9,1,fallow_idle,other_non_crop,886
9,1,other_cropland,soy,15436
9,1,other_cropland,corn,36071
9,1,other_cropland,fallow_idle,565
9,1,other_cropland,other_cropland,128712
9,1,other_cropland,forest,10625
9,1,other_cropland,wetlands,383
9,1,other_cropland,other_non_crop,40385
9,1,forest,soy,15413
9,1,forest,corn,16518
9,1,forest,fallow_idle,1184
9,1,forest,other_cropland,15075
9,1,forest,forest,1747226
9,1,forest,wetlands,99164
9,1,forest,other_non_crop,74785
9,1,wetlands,soy,421
9,1,wetlands,corn,324
9,1,wetlands,fallow_idle,63
9,1,wetlands,other_cropland,104
9,1,wetlands,forest,16301
9,1,wetlands,wetlands,39479
9,1,wetlands,other_non_crop,9807
9,1,other_non_crop,soy,36755
9,1,other_non_crop,corn,33410
9,1,other_non_crop,fallow_idle,3391
9,1,other_non_crop,other_cropland,51794
9,1,other_non_crop,forest,76373
9,1,other_non_crop,wetlands,1685
9,1,other_non_crop,other_non_crop,714461
51,1,soy,soy,2773
51,1,soy,corn,0
51,1,soy,fallow_idle,3726
51,1,soy,other_cropland,5973
51,1,soy,forest,0
51,1,soy,wetlands,217
51,1,soy,other_non_crop,974
51,1,corn,soy,3
51,1,corn,corn,0
51,1,corn,fallow_idle,0
51,1,corn,other_cropland,1
51,1,corn,forest,0
51,1,corn,wetlands,3
51,1,corn,other_non_crop,35
51,1,fallow_idle,soy,90
51,1,fallow_idle,corn,0
51,1,fallow_idle,fallow_idle,17206
51,1,fallow_idle,other_cropland,23013
51,1,fallow_idle,forest,2
51,1,fallow_idle,wetlands,412
51,1,fallow_idle,other_non_crop,5940
51,1,other_cropland,soy,2808
51,1,other_cropland,corn,1
51,1,other_cropland,fallow_idle,38458
51,1,other_cropland,other_cropland,112258
51,1,other_cropland,forest,114
51,1,other_cropland,wetlands,1939
51,1,other_cropland,other_non_crop,10375
51,1,forest,soy,3
51,1,forest,corn,2
51,1,forest,fallow_idle,8
51,1,forest,other_cropland,27
51,1,forest,forest,739
51,1,forest,wetlands,1484
51,1,forest,other_non_crop,502
51,1,wetlands,soy,34
51,1,wetlands,corn,16
51,1,wetlands,fallow_idle,1178
51,1,wetlands,other_cropland,1423
51,1,wetlands,forest,3212
51,1,wetlands,wetlands,2542791
51,1,wetlands,other_non_crop,69036
51,1,other_non_crop,soy,788
51,1,other_non_crop,corn,25
51,1,other_non_crop,fallow_idle,2233
51,1,other_non_crop,other_cropland,9020
51,1,other_non_crop,forest,2300
51,1,other_non_crop,wetlands,68093
51,1,other_non_crop,other_non_crop,2718659
14,1,soy,soy,318145
14,1,soy,corn,340803
14,1,soy,fallow_idle,43452
14,1,soy,other_cropland,48464
14,1,soy,forest,693
14,1,soy,wetlands,395
14,1,soy,other_non_crop,13737
14,1,corn,soy,379076
14,1,corn,corn,43960
14,1,corn,fallow_idle,27046
14,1,corn,other_cropland,70986
14,1,corn,forest,1022
14,1,corn,wetlands,535
14,1,corn,other_non_crop,12493
14,1,fallow_idle,soy,2
14,1,fallow_idle,corn,0
14,1,fallow_idle,fallow_idle,7
14,1,fallow_idle,other_cropland,1
14,1,fallow_idle,forest,1
14,1,fallow_idle,wetlands,16
14,1,fallow_idle,other_non_crop,57
14,1,other_cropland,soy,44261
14,1,other_cropland,corn,50016
14,1,other_cropland,fallow_idle,4603
14,1,other_cropland,other_cropland,235254
14,1,other_cropland,forest,2965
14,1,other_cropland,wetlands,1367
14,1,other_cropland,other_non_crop,154155
14,1,forest,soy,3860
14,1,forest,corn,1363
14,1,forest,fallow_idle,326
14,1,forest,other_cropland,3461
14,1,forest,forest,840327
14,1,forest,wetlands,35954
14,1,forest,other_non_crop,27307
14,1,wetlands,soy,486
14,1,wetlands,corn,238
14,1,wetlands,fallow_idle,184
14,1,wetlands,other_cropland,5074
14,1,wetlands,forest,48673
14,1,wetlands,wetlands,214627
14,1,wetlands,other_non_crop,10808
14,1,other_non_crop,soy,51645
14,1,other_non_crop,corn,19844
14,1,other_non_crop,fallow_idle,6168
14,1,other_non_crop,other_cropland,108878
14,1,other_non_crop,forest,178747
14,1,other_non_crop,wetlands,14641
14,1,other_non_crop,other_non_crop,2281789
46,1,soy,soy,87843
46,1,soy,corn,1959865
46,1,soy,fallow_idle,50433
46,1,soy,other_cropland,8464
46,1,soy,forest,304
46,1,soy,wetlands,2294
46,1,soy,other_non_crop,13314
46,1,corn,soy,1777956
46,1,corn,corn,809796
46,1,corn,fallow_idle,24088
46,1,corn,other_cropland,11834
46,1,corn,forest,1040
46,1,corn,wetlands,7281
46,1,corn,other_non_crop,18606
46,1,fallow_idle,soy,5
46,1,fallow_idle,corn,161
46,1,fallow_idle,fallow_idle,96
46,1,fallow_idle,other_cropland,1
46,1,fallow_idle,forest,0
46,1,fallow_idle,wetlands,2
46,1,fallow_idle,other_non_crop,22
46,1,other_cropland,soy,1763
46,1,other_cropland,corn,10209
46,1,other_cropland,fallow_idle,363
46,1,other_cropland,other_cropland,27058
46,1,other_cropland,forest,12
46,1,other_cropland,wetlands,1570
46,1,other_cropland,other_non_crop,4254
46,1,forest,soy,872
46,1,forest,corn,1678
46,1,forest,fallow_idle,7
46,1,forest,other_cropland,34
46,1,forest,forest,28651
46,1,forest,wetlands,2756
46,1,forest,other_non_crop,929
46,1,wetlands,soy,4982
46,1,wetlands,corn,7570
46,1,wetlands,fallow_idle,55
46,1,wetlands,other_cropland,1873
46,1,wetlands,forest,1658
46,1,wetlands,wetlands,78649
46,1,wetlands,other_non_crop,21792
46,1,other_non_crop,soy,50757
46,1,other_non_crop,corn,68811
46,1,other_non_crop,fallow_idle,1393
46,1,other_non_crop,other_cropland,13754
46,1,other_non_crop,forest,5420
46,1,other_non_crop,wetlands,36248
46,1,other_non_crop,other_non_crop,501379
37,1,soy,soy,93648
37,1,soy,corn,1596477
37,1,soy,fallow_idle,60527
37,1,soy,other_cropland,22249
37,1,soy,forest,77
37,1,soy,wetlands,163
37,1,soy,other_non_crop,35467
37,1,corn,soy,1525248
37,1,corn,corn,345370
37,1,corn,fallow_idle,89679
37,1,corn,other_cropland,8681
37,1,corn,forest,3385
37,1,corn,wetlands,1055
37,1,corn,other_non_crop,26135
37,1,fallow_idle,soy,2
37,1,fallow_idle,corn,2
37,1,fallow_idle,fallow_idle,3
37,1,fallow_idle,other_cropland,10
37,1,fallow_idle,forest,0
37,1,fallow_idle,wetlands,0
37,1,fallow_idle,other_non_crop,0
37,1,other_cropland,soy,3282
37,1,other_cropland,corn,18960
37,1,other_cropland,fallow_idle,833
37,1,other_cropland,other_cropland,98377
37,1,other_cropland,forest,211
37,1,other_cropland,wetlands,123
37,1,other_cropland,other_non_crop,20725
37,1,forest,soy,2340
37,1,forest,corn,3589
37,1,forest,fallow_idle,208
37,1,forest,other_cropland,554
37,1,forest,forest,176329
37,1,forest,wetlands,10514
37,1,forest,other_non_crop,9967
37,1,wetlands,soy,616
37,1,wetlands,corn,501
37,1,wetlands,fallow_idle,201
37,1,wetlands,other_cropland,196
37,1,wetlands,forest,14244
37,1,wetlands,wetlands,82734
37,1,wetlands,other_non_crop,8769
37,1,other_non_crop,soy,48460
37,1,other_non_crop,corn,54774
37,1,other_non_crop,fallow_idle,4674
37,1,other_non_crop,other_cropland,30867
37,1,other_non_crop,forest,23521
37,1,other_non_crop,wetlands,13071
37,1,other_non_crop,other_non_crop,848126
26,1,soy,soy,0
26,1,soy,corn,0
26,1,soy,fallow_idle,0
26,1,soy,other_cropland,0
26,1,soy,forest,0
26,1,soy,wetlands,0
26,1,soy,other_non_crop,0
26,1,corn,soy,0
26,1,corn,corn,0
26,1,corn,fallow_idle,0
26,1,corn,other_cropland,0
26,1,corn,forest,0
26,1,corn,wetlands,0
26,1,corn,other_non_crop,0
26,1,fallow_idle,soy,0
26,1,fallow_idle,corn,0
26,1,fallow_idle,fallow_idle,0
26,1,fallow_idle,other_cropland,0
26,1,fallow_idle,forest,0
26,1,fallow_idle,wetlands,0
26,1,fallow_idle,other_non_crop,0
26,1,other_cropland,soy,0
26,1,other_cropland,corn,0
26,1,other_cropland,fallow_idle,0
26,1,other_cropland,other_cropland,0
26,1,other_cropland,forest,0
26,1,other_cropland,wetlands,0
26,1,other_cropland,other_non_crop,0
26,1,forest,soy,0
26,1,forest,corn,0
26,1,forest,fallow_idle,0
26,1,forest,other_cropland,0
26,1,forest,forest,0
26,1,forest,wetlands,0
26,1,forest,other_non_crop,0
26,1,wetlands,soy,0
26,1,wetlands,corn,0
26,1,wetlands,fallow_idle,0
26,1,wetlands,other_cropland,0
26,1,wetlands,forest,0
26,1,wetlands,wetlands,0
26,1,wetlands,other_non_crop,0
26,1,other_non_crop,soy,0
26,1,other_non_crop,corn,0
26,1,other_non_crop,fallow_idle,0
26,1,other_non_crop,other_cropland,0
26,1,other_non_crop,forest,0
26,1,other_non_crop,wetlands,0
26,1,other_non_crop,other_non_crop,0
50,1,soy,soy,130565
50,1,soy,corn,1345588
50,1,soy,fallow_idle,394241
50,1,soy,other_cropland,27467
50,1,soy,forest,173
50,1,soy,wetlands,2655
50,1,soy,other_non_crop,21573
50,1,corn,soy,1326859
50,1,corn,corn,223021
50,1,corn,fallow_idle,370299
50,1,corn,other_cropland,53064
50,1,corn,forest,300
50,1,corn,wetlands,8148
50,1,corn,other_non_crop,12143
50,1,fallow_idle,soy,317
50,1,fallow_idle,corn,315
50,1,fallow_idle,fallow_idle,1231
50,1,fallow_idle,other_cropland,115
50,1,fallow_idle,forest,0
50,1,fallow_idle,wetlands,58
50,1,fallow_idle,other_non_crop,89
50,1,other_cropland,soy,31594
50,1,other_cropland,corn,66298
50,1,other_cropland,fallow_idle,19798
50,1,other_cropland,other_cropland,78891
50,1,other_cropland,forest,119
50,1,other_cropland,wetlands,6046
50,1,other_cropland,other_non_crop,13846
50,1,forest,soy,132
50,1,forest,corn,393
50,1,forest,fallow_idle,44
50,1,forest,other_cropland,99
50,1,forest,forest,46117
50,1,forest,wetlands,11330
50,1,forest,other_non_crop,686
50,1,wetlands,soy,4745
50,1,wetlands,corn,3026
50,1,wetlands,fallow_idle,1683
50,1,wetlands,other_cropland,1325
50,1,wetlands,forest,14822
50,1,wetlands,wetlands,696225
50,1,wetlands,other_non_crop,33993
50,1,other_non_crop,soy,30356
50,1,other_non_crop,corn,25072
50,1,other_non_crop,fallow_idle,13542
50,1,other_non_crop,other_cropland,8487
50,1,other_non_crop,forest,8808
50,1,other_non_crop,wetlands,89090
50,1,other_non_crop,other_non_crop,523108
47,1,soy,soy,461253
47,1,soy,corn,462906
47,1,soy,fallow_idle,385883
47,1,soy,other_cropland,122751
47,1,soy,forest,1309
47,1,soy,wetlands,1494
47,1,soy,other_non_crop,30456
47,1,corn,soy,542593
47,1,corn,corn,56215
47,1,corn,fallow_idle,171101
47,1,corn,other_cropland,8942
47,1,corn,forest,5368
47,1,corn,wetlands,2404
47,1,corn,other_non_crop,9359
47,1,fallow_idle,soy,3856
47,1,fallow_idle,corn,2304
47,1,fallow_idle,fallow_idle,20522
47,1,fallow_idle,other_cropland,855
47,1,fallow_idle,forest,12
47,1,fallow_idle,wetlands,256
47,1,fallow_idle,other_non_crop,955
47,1,other_cropland,soy,76366
47,1,other_cropland,corn,57150
47,1,other_cropland,fallow_idle,59320
47,1,other_cropland,other_cropland,54147
47,1,other_cropland,forest,588
47,1,other_cropland,wetlands,476
47,1,other_cropland,other_non_crop,8503
47,1,forest,soy,5503
47,1,forest,corn,2521
47,1,forest,fallow_idle,2805
47,1,forest,other_cropland,970
47,1,forest,forest,538904
47,1,forest,wetlands,11506
47,1,forest,other_non_crop,8815
47,1,wetlands,soy,397
47,1,wetlands,corn,28
47,1,wetlands,fallow_idle,1072
47,1,wetlands,other_cropland,129
47,1,wetlands,forest,10610
47,1,wetlands,wetlands,118369
47,1,wetlands,other_non_crop,12097
47,1,other_non_crop,soy,26951
47,1,other_non_crop,corn,12661
47,1,other_non_crop,fallow_idle,23923
47,1,other_non_crop,other_cropland,19777
47,1,other_non_crop,forest,61572
47,1,other_non_crop,wetlands,8753
47,1,other_non_crop,other_non_crop,611861
61,1,soy,soy,233194
61,1,soy,corn,78730
61,1,soy,fallow_idle,16259
61,1,soy,other_cropland,968194
61,1,soy,forest,301
61,1,soy,wetlands,19491
61,1,soy,other_non_crop,51285
61,1,corn,soy,106789
61,1,corn,corn,17271
61,1,corn,fallow_idle,2032
61,1,corn,other_cropland,33907
61,1,corn,forest,269
61,1,corn,wetlands,7816
61,1,corn,other_non_crop,3301
61,1,fallow_idle,soy,1142
61,1,fallow_idle,corn,401
61,1,fallow_idle,fallow_idle,128
61,1,fallow_idle,other_cropland,1446
61,1,fallow_idle,forest,3
61,1,fallow_idle,wetlands,191
61,1,fallow_idle,other_non_crop,367
61,1,other_cropland,soy,818399
61,1,other_cropland,corn,77657
61,1,other_cropland,fallow_idle,5640
61,1,other_cropland,other_cropland,1163419
61,1,other_cropland,forest,1246
61,1,other_cropland,wetlands,50524
61,1,other_cropland,other_non_crop,260303
61,1,forest,soy,833
61,1,forest,corn,117
61,1,forest,fallow_idle,94
61,1,forest,other_cropland,1210
61,1,forest,forest,221082
61,1,forest,wetlands,130210
61,1,forest,other_non_crop,3314
61,1,wetlands,soy,4970
61,1,wetlands,corn,303
61,1,wetlands,fallow_idle,191
61,1,wetlands,other_cropland,4524
61,1,wetlands,forest,22914
61,1,wetlands,wetlands,596282
61,1,wetlands,other_non_crop,19759
61,1,other_non_crop,soy,28517
61,1,other_non_crop,corn,1596
61,1,other_non_crop,fallow_idle,1560
61,1,other_non_crop,other_cropland,44827
61,1,other_non_crop,forest,9000
61,1,other_non_crop,wetlands,98947
61,1,other_non_crop,other_non_crop,272239
24,1,soy,soy,416844
24,1,soy,corn,179887
24,1,soy,fallow_idle,22713
24,1,soy,other_cropland,37611
24,1,soy,forest,380
24,1,soy,wetlands,154
24,1,soy,other_non_crop,10169
24,1,corn,soy,162964
24,1,corn,corn,15147
24,1,corn,fallow_idle,8750
24,1,corn,other_cropland,21863
24,1,corn,forest,549
24,1,corn,wetlands,128
24,1,corn,other_non_crop,2640
24,1,fallow_idle,soy,0
24,1,fallow_idle,corn,0
24,1,fallow_idle,fallow_idle,1
24,1,fallow_idle,other_cropland,3
24,1,fallow_idle,forest,0
24,1,fallow_idle,wetlands,0
24,1,fallow_idle,other_non_crop,14
24,1,other_cropland,soy,53194
24,1,other_cropland,corn,14937
24,1,other_cropland,fallow_idle,3197
24,1,other_cropland,other_cropland,101774
24,1,other_cropland,forest,460
24,1,other_cropland,wetlands,6
24,1,other_cropland,other_non_crop,28395
24,1,forest,soy,1751
24,1,forest,corn,532
24,1,forest,fallow_idle,22
24,1,forest,other_cropland,631
24,1,forest,forest,265788
24,1,forest,wetlands,3974
24,1,forest,other_non_crop,7294
24,1,wetlands,soy,408
24,1,wetlands,corn,90
24,1,wetlands,fallow_idle,28
24,1,wetlands,other_cropland,59
24,1,wetlands,forest,21995
24,1,wetlands,wetlands,28117
24,1,wetlands,other_non_crop,8324
24,1,other_non_crop,soy,45969
24,1,other_non_crop,corn,11341
24,1,other_non_crop,fallow_idle,829
24,1,other_non_crop,other_cropland,40192
24,1,other_non_crop,forest,123539
24,1,other_non_crop,wetlands,2513
24,1,other_non_crop,other_non_crop,4002719
23,1,soy,soy,868415
23,1,soy,corn,886349
23,1,soy,fallow_idle,420160
23,1,soy,other_cropland,147372
23,1,soy,forest,3830
23,1,soy,wetlands,469
23,1,soy,other_non_crop,45811
23,1,corn,soy,1190999
23,1,corn,corn,77818
23,1,corn,fallow_idle,206915
23,1,corn,other_cropland,8661
23,1,corn,forest,10866
23,1,corn,wetlands,956
23,1,corn,other_non_crop,18410
23,1,fallow_idle,soy,121
23,1,fallow_idle,corn,39
23,1,fallow_idle,fallow_idle,373
23,1,fallow_idle,other_cropland,38
23,1,fallow_idle,forest,5
23,1,fallow_idle,wetlands,6
23,1,fallow_idle,other_non_crop,204
23,1,other_cropland,soy,90895
23,1,other_cropland,corn,64468
23,1,other_cropland,fallow_idle,40531
23,1,other_cropland,other_cropland,70318
23,1,other_cropland,forest,1951
23,1,other_cropland,wetlands,167
23,1,other_cropland,other_non_crop,12160
23,1,forest,soy,2143
23,1,forest,corn,878
23,1,forest,fallow_idle,592
23,1,forest,other_cropland,285
23,1,forest,forest,331852
23,1,forest,wetlands,17105
23,1,forest,other_non_crop,5232
23,1,wetlands,soy,256
23,1,wetlands,corn,68
23,1,wetlands,fallow_idle,154
23,1,wetlands,other_cropland,80
23,1,wetlands,forest,12213
23,1,wetlands,wetlands,16888
23,1,wetlands,other_non_crop,3263
23,1,other_non_crop,soy,60954
23,1,other_non_crop,corn,23832
23,1,other_non_crop,fallow_idle,21954
23,1,other_non_crop,other_cropland,21400
23,1,other_non_crop,forest,50694
23,1,other_non_crop,wetlands,6664
23,1,other_non_crop,other_non_crop,903089
5,1,soy,soy,148025
5,1,soy,corn,1966567
5,1,soy,fallow_idle,7538
5,1,soy,other_cropland,17245
5,1,soy,forest,363
5,1,soy,wetlands,5
5,1,soy,other_non_crop,42128
5,1,corn,soy,1902348
5,1,corn,corn,290285
5,1,corn,fallow_idle,6718
5,1,corn,other_cropland,3474
5,1,corn,forest,2158
5,1,corn,wetlands,33
5,1,corn,other_non_crop,32251
5,1,fallow_idle,soy,2
5,1,fallow_idle,corn,5
5,1,fallow_idle,fallow_idle,3
5,1,fallow_idle,other_cropland,0
5,1,fallow_idle,forest,0
5,1,fallow_idle,wetlands,0
5,1,fallow_idle,other_non_crop,84
5,1,other_cropland,soy,5158
5,1,other_cropland,corn,10759
5,1,other_cropland,fallow_idle,883
5,1,other_cropland,other_cropland,7598
5,1,other_cropland,forest,236
5,1,other_cropland,wetlands,1
5,1,other_cropland,other_non_crop,2945
5,1,forest,soy,835
5,1,forest,corn,641
5,1,forest,fallow_idle,94
5,1,forest,other_cropland,94
5,1,forest,forest,214867
5,1,forest,wetlands,16665
5,1,forest,other_non_crop,3893
5,1,wetlands,soy,8
5,1,wetlands,corn,21
5,1,wetlands,fallow_idle,3
5,1,wetlands,other_cropland,8
5,1,wetlands,forest,1208
5,1,wetlands,wetlands,20481
5,1,wetlands,other_non_crop,541
5,1,other_non_crop,soy,53886
5,1,other_non_crop,corn,53180
5,1,other_non_crop,fallow_idle,720
5,1,other_non_crop,other_cropland,3462
5,1,other_non_crop,forest,51401
5,1,other_non_crop,wetlands,1334
5,1,other_non_crop,other_non_crop,605358
34,1,soy,soy,57781
34,1,soy,corn,182632
34,1,soy,fallow_idle,75746
34,1,soy,other_cropland,43191
34,1,soy,forest,178
34,1,soy,wetlands,19
34,1,soy,other_non_crop,2226
34,1,corn,soy,172263
34,1,corn,corn,228617
34,1,corn,fallow_idle,104765
34,1,corn,other_cropland,49147
34,1,corn,forest,434
34,1,corn,wetlands,177
34,1,corn,other_non_crop,3695
34,1,fallow_idle,soy,6746
34,1,fallow_idle,corn,8099
34,1,fallow_idle,fallow_idle,38769
34,1,fallow_idle,other_cropland,13403
34,1,fallow_idle,forest,79
34,1,fallow_idle,wetlands,23
34,1,fallow_idle,other_non_crop,1825
34,1,other_cropland,soy,26869
34,1,other_cropland,corn,51438
34,1,other_cropland,fallow_idle,25786
34,1,other_cropland,other_cropland,352166
34,1,other_cropland,forest,859
34,1,other_cropland,wetlands,185
34,1,other_cropland,other_non_crop,9420
34,1,forest,soy,932
34,1,forest,corn,2457
34,1,forest,fallow_idle,1260
34,1,forest,other_cropland,7424
34,1,forest,forest,994980
34,1,forest,wetlands,72847
34,1,forest,other_non_crop,21901
34,1,wetlands,soy,330
34,1,wetlands,corn,433
34,1,wetlands,fallow_idle,471
34,1,wetlands,other_cropland,973
34,1,wetlands,forest,76238
34,1,wetlands,wetlands,281812
34,1,wetlands,other_non_crop,5117
34,1,other_non_crop,soy,5301
34,1,other_non_crop,corn,7806
34,1,other_non_crop,fallow_idle,7685
34,1,other_non_crop,other_cropland,31191
34,1,other_non_crop,forest,29440
34,1,other_non_crop,wetlands,7903
34,1,other_non_crop,other_non_crop,1451963
8,1,soy,soy,169862
8,1,soy,corn,1950815
8,1,soy,fallow_idle,31763
8,1,soy,other_cropland,20464
8,1,soy,forest,538
8,1,soy,wetlands,14
8,1,soy,other_non_crop,37386
8,1,corn,soy,1839182
8,1,corn,corn,228414
8,1,corn,fallow_idle,6163
8,1,corn,other_cropland,8354
8,1,corn,forest,3935
8,1,corn,wetlands,38
8,1,corn,other_non_crop,29193
8,1,fallow_idle,soy,6
8,1,fallow_idle,corn,8
8,1,fallow_idle,fallow_idle,3
8,1,fallow_idle,other_cropland,1
8,1,fallow_idle,forest,0
8,1,fallow_idle,wetlands,1
8,1,fallow_idle,other_non_crop,28
8,1,other_cropland,soy,6154
8,1,other_cropland,corn,20182
8,1,other_cropland,fallow_idle,733
8,1,other_cropland,other_cropland,19384
8,1,other_cropland,forest,181
8,1,other_cropland,wetlands,20
8,1,other_cropland,other_non_crop,6277
8,1,forest,soy,1167
8,1,forest,corn,788
8,1,forest,fallow_idle,191
8,1,forest,other_cropland,309
8,1,forest,forest,255791
8,1,forest,wetlands,3559
8,1,forest,other_non_crop,4160
8,1,wetlands,soy,39
8,1,wetlands,corn,44
8,1,wetlands,fallow_idle,12
8,1,wetlands,other_cropland,14
8,1,wetlands,forest,1358
8,1,wetlands,wetlands,1907
8,1,wetlands,other_non_crop,533
8,1,other_non_crop,soy,54835
8,1,other_non_crop,corn,48928
8,1,other_non_crop,fallow_idle,1571
8,1,other_non_crop,other_cropland,7987
8,1,other_non_crop,forest,67562
8,1,other_non_crop,wetlands,1283
8,1,other_non_crop,other_non_crop,644373
16,1,soy,soy,334894
16,1,soy,corn,1359886
16,1,soy,fallow_idle,136507
16,1,soy,other_cropland,59770
16,1,soy,forest,1622
16,1,soy,wetlands,38
16,1,soy,other_non_crop,40978
16,1,corn,soy,1401195
16,1,corn,corn,147475
16,1,corn,fallow_idle,80069
16,1,corn,other_cropland,11530
16,1,corn,forest,11636
16,1,corn,wetlands,125
16,1,corn,other_non_crop,27120
16,1,fallow_idle,soy,41
16,1,fallow_idle,corn,44
16,1,fallow_idle,fallow_idle,108
16,1,fallow_idle,other_cropland,3
16,1,fallow_idle,forest,0
16,1,fallow_idle,wetlands,0
16,1,fallow_idle,other_non_crop,213
16,1,other_cropland,soy,17913
16,1,other_cropland,corn,46677
16,1,other_cropland,fallow_idle,3957
16,1,other_cropland,other_cropland,35718
16,1,other_cropland,forest,246
16,1,other_cropland,wetlands,0
16,1,other_cropland,other_non_crop,7791
16,1,forest,soy,2333
16,1,forest,corn,1780
16,1,forest,fallow_idle,257
16,1,forest,other_cropland,344
16,1,forest,forest,472316
16,1,forest,wetlands,6169
16,1,forest,other_non_crop,7844
16,1,wetlands,soy,22
16,1,wetlands,corn,2
16,1,wetlands,fallow_idle,4
16,1,wetlands,other_cropland,1
16,1,wetlands,forest,1665
16,1,wetlands,wetlands,1644
16,1,wetlands,other_non_crop,1523
16,1,other_non_crop,soy,50039
16,1,other_non_crop,corn,40370
16,1,other_non_crop,fallow_idle,9296
16,1,other_non_crop,other_cropland,16622
16,1,other_non_crop,forest,89891
16,1,other_non_crop,wetlands,347
16,1,other_non_crop,other_non_crop,1219865
12,1,soy,soy,205721
12,1,soy,corn,189455
12,1,soy,fallow_idle,123567
12,1,soy,other_cropland,14093
12,1,soy,forest,1276
12,1,soy,wetlands,419
12,1,soy,other_non_crop,18546
12,1,corn,soy,207969
12,1,corn,corn,38041
12,1,corn,fallow_idle,50317
12,1,corn,other_cropland,5690
12,1,corn,forest,1673
12,1,corn,wetlands,294
12,1,corn,other_non_crop,6542
12,1,fallow_idle,soy,6
12,1,fallow_idle,corn,1
12,1,fallow_idle,fallow_idle,6
12,1,fallow_idle,other_cropland,0
12,1,fallow_idle,forest,3
12,1,fallow_idle,wetlands,0
12,1,fallow_idle,other_non_crop,23
12,1,other_cropland,soy,6759
12,1,other_cropland,corn,2267
12,1,other_cropland,fallow_idle,2098
12,1,other_cropland,other_cropland,68211
12,1,other_cropland,forest,1538
12,1,other_cropland,wetlands,144
12,1,other_cropland,other_non_crop,35674
12,1,forest,soy,2044
12,1,forest,corn,702
12,1,forest,fallow_idle,235
12,1,forest,other_cropland,1577
12,1,forest,forest,833852
12,1,forest,wetlands,15206
12,1,forest,other_non_crop,19505
12,1,wetlands,soy,362
12,1,wetlands,corn,98
12,1,wetlands,fallow_idle,169
12,1,wetlands,other_cropland,255
12,1,wetlands,forest,20436
12,1,wetlands,wetlands,52308
12,1,wetlands,other_non_crop,6573
12,1,other_non_crop,soy,26183
12,1,other_non_crop,corn,13863
12,1,other_non_crop,fallow_idle,5021
12,1,other_non_crop,other_cropland,69493
12,1,other_non_crop,forest,263265
12,1,other_non_crop,wetlands,9256
12,1,other_non_crop,other_non_crop,3231390
7,1,soy,soy,404489
7,1,soy,corn,925869
7,1,soy,fallow_idle,187020
7,1,soy,other_cropland,36470
7,1,soy,forest,3668
7,1,soy,wetlands,567
7,1,soy,other_non_crop,28978
7,1,corn,soy,899635
7,1,corn,corn,349166
7,1,corn,fallow_idle,68876
7,1,corn,other_cropland,161232
7,1,corn,forest,10219
7,1,corn,wetlands,3697
7,1,corn,other_non_crop,20535
7,1,fallow_idle,soy,455
7,1,fallow_idle,corn,319
7,1,fallow_idle,fallow_idle,1889
7,1,fallow_idle,other_cropland,93
7,1,fallow_idle,forest,34
7,1,fallow_idle,wetlands,14
7,1,fallow_idle,other_non_crop,229
7,1,other_cropland,soy,23495
7,1,other_cropland,corn,186980
7,1,other_cropland,fallow_idle,6304
7,1,other_cropland,other_cropland,49270
7,1,other_cropland,forest,2975
7,1,other_cropland,wetlands,747
7,1,other_cropland,other_non_crop,16391
7,1,forest,soy,8204
7,1,forest,corn,7564
7,1,forest,fallow_idle,2415
7,1,forest,other_cropland,4129
7,1,forest,forest,750774
7,1,forest,wetlands,165442
7,1,forest,other_non_crop,41288
7,1,wetlands,soy,521
7,1,wetlands,corn,238
7,1,wetlands,fallow_idle,331
7,1,wetlands,other_cropland,264
7,1,wetlands,forest,10045
7,1,wetlands,wetlands,126882
7,1,wetlands,other_non_crop,10295
7,1,other_non_crop,soy,39794
7,1,other_non_crop,corn,41018
7,1,other_non_crop,fallow_idle,11084
7,1,other_non_crop,other_cropland,22093
7,1,other_non_crop,forest,69522
7,1,other_non_crop,wetlands,5613
7,1,other_non_crop,other_non_crop,767605
43,1,soy,soy,58283
43,1,soy,corn,705813
43,1,soy,fallow_idle,18103
43,1,soy,other_cropland,56370
43,1,soy,forest,351
43,1,soy,wetlands,107
43,1,soy,other_non_crop,12182
43,1,corn,soy,651889
43,1,corn,corn,555514
43,1,corn,fallow_idle,27067
43,1,corn,other_cropland,87979
43,1,corn,forest,2814
43,1,corn,wetlands,419
43,1,corn,other_non_crop,12150
43,1,fallow_idle,soy,95
43,1,fallow_idle,corn,105
43,1,fallow_idle,fallow_idle,122
43,1,fallow_idle,other_cropland,267
43,1,fallow_idle,forest,0
43,1,fallow_idle,wetlands,59
43,1,fallow_idle,other_non_crop,303
43,1,other_cropland,soy,14299
43,1,other_cropland,corn,103498
43,1,other_cropland,fallow_idle,2030
43,1,other_cropland,other_cropland,243584
43,1,other_cropland,forest,595
43,1,other_cropland,wetlands,393
43,1,other_cropland,other_non_crop,23388
43,1,forest,soy,5510
43,1,forest,corn,12882
43,1,forest,fallow_idle,282
43,1,forest,other_cropland,8196
43,1,forest,forest,1292179
43,1,forest,wetlands,20024
43,1,forest,other_non_crop,30312
43,1,wetlands,soy,491
43,1,wetlands,corn,988
43,1,wetlands,fallow_idle,62
43,1,wetlands,other_cropland,897
43,1,wetlands,forest,9421
43,1,wetlands,wetlands,99447
43,1,wetlands,other_non_crop,7609
43,1,other_non_crop,soy,53575
43,1,other_non_crop,corn,116704
43,1,other_non_crop,fallow_idle,2830
43,1,other_non_crop,other_cropland,69835
43,1,other_non_crop,forest,118236
43,1,other_non_crop,wetlands,45064
43,1,other_non_crop,other_non_crop,1175561
62,1,soy,soy,226608
62,1,soy,corn,405873
62,1,soy,fallow_idle,1039
62,1,soy,other_cropland,43093
62,1,soy,forest,567
62,1,soy,wetlands,3233
62,1,soy,other_non_crop,31029
62,1,corn,soy,398709
62,1,corn,corn,247591
62,1,corn,fallow_idle,498
62,1,corn,other_cropland,124231
62,1,corn,forest,1137
62,1,corn,wetlands,8100
62,1,corn,other_non_crop,36854
62,1,fallow_idle,soy,1427
62,1,fallow_idle,corn,2056
62,1,fallow_idle,fallow_idle,251
62,1,fallow_idle,other_cropland,1318
62,1,fallow_idle,forest,136
62,1,fallow_idle,wetlands,459
62,1,fallow_idle,other_non_crop,1243
62,1,other_cropland,soy,35370
62,1,other_cropland,corn,124423
62,1,other_cropland,fallow_idle,717
62,1,other_cropland,other_cropland,58278
62,1,other_cropland,forest,1397
62,1,other_cropland,wetlands,2418
62,1,other_cropland,other_non_crop,7778
62,1,forest,soy,2492
62,1,forest,corn,2967
62,1,forest,fallow_idle,28
62,1,forest,other_cropland,1261
62,1,forest,forest,301955
62,1,forest,wetlands,206162
62,1,forest,other_non_crop,16692
62,1,wetlands,soy,4908
62,1,wetlands,corn,4901
62,1,wetlands,fallow_idle,39
62,1,wetlands,other_cropland,1382
62,1,wetlands,forest,164035
62,1,wetlands,wetlands,1873903
62,1,wetlands,other_non_crop,39484
62,1,other_non_crop,soy,26892
62,1,other_non_crop,corn,19894
62,1,other_non_crop,fallow_idle,150
62,1,other_non_crop,other_cropland,12108
62,1,other_non_crop,forest,127885
62,1,other_non_crop,wetlands,123289
62,1,other_non_crop,other_non_crop,500824
21,1,soy,soy,645116
21,1,soy,corn,395292
21,1,soy,fallow_idle,212222
21,1,soy,other_cropland,571826
21,1,soy,forest,163
21,1,soy,wetlands,30410
21,1,soy,other_non_crop,39838
21,1,corn,soy,289253
21,1,corn,corn,50303
21,1,corn,fallow_idle,20465
21,1,corn,other_cropland,67697
21,1,corn,forest,9
21,1,corn,wetlands,3094
21,1,corn,other_non_crop,4142
21,1,fallow_idle,soy,19961
21,1,fallow_idle,corn,1600
21,1,fallow_idle,fallow_idle,109781
21,1,fallow_idle,other_cropland,18459
21,1,fallow_idle,forest,502
21,1,fallow_idle,wetlands,31108
21,1,fallow_idle,other_non_crop,7774
21,1,other_cropland,soy,564949
21,1,other_cropland,corn,52075
21,1,other_cropland,fallow_idle,170388
21,1,other_cropland,other_cropland,273599
21,1,other_cropland,forest,268
21,1,other_cropland,wetlands,11991
21,1,other_cropland,other_non_crop,12591
21,1,forest,soy,1010
21,1,forest,corn,84
21,1,forest,fallow_idle,336
21,1,forest,other_cropland,484
21,1,forest,forest,117246
21,1,forest,wetlands,112903
21,1,forest,other_non_crop,2891
21,1,wetlands,soy,5811
21,1,wetlands,corn,377
21,1,wetlands,fallow_idle,3991
21,1,wetlands,other_cropland,2021
21,1,wetlands,forest,17192
21,1,wetlands,wetlands,1309836
21,1,wetlands,other_non_crop,28308
21,1,other_non_crop,soy,34032
21,1,other_non_crop,corn,7590
21,1,other_non_crop,fallow_idle,9061
21,1,other_non_crop,other_cropland,12581
21,1,other_non_crop,forest,3325
21,1,other_non_crop,wetlands,37271
21,1,other_non_crop,other_non_crop,336667
18,1,soy,soy,62433
18,1,soy,corn,1183139
18,1,soy,fallow_idle,21038
18,1,soy,other_cropland,15066
18,1,soy,forest,1982
18,1,soy,wetlands,2344
18,1,soy,other_non_crop,32008
18,1,corn,soy,1127290
18,1,corn,corn,331461
18,1,corn,fallow_idle,19440
18,1,corn,other_cropland,12135
18,1,corn,forest,3942
18,1,corn,wetlands,2800
18,1,corn,other_non_crop,40223
18,1,fallow_idle,soy,91
18,1,fallow_idle,corn,74
18,1,fallow_idle,fallow_idle,526
18,1,fallow_idle,other_cropland,45
18,1,fallow_idle,forest,0
18,1,fallow_idle,wetlands,799
18,1,fallow_idle,other_non_crop,1917
18,1,other_cropland,soy,4520
18,1,other_cropland,corn,8073
18,1,other_cropland,fallow_idle,774
18,1,other_cropland,other_cropland,66289
18,1,other_cropland,forest,329
18,1,other_cropland,wetlands,354
18,1,other_cropland,other_non_crop,69960
18,1,forest,soy,1147
18,1,forest,corn,1416
18,1,forest,fallow_idle,159
18,1,forest,other_cropland,659
18,1,forest,forest,514933
18,1,forest,wetlands,29814
18,1,forest,other_non_crop,17549
18,1,wetlands,soy,256
18,1,wetlands,corn,444
18,1,wetlands,fallow_idle,116
18,1,wetlands,other_cropland,228
18,1,wetlands,forest,13586
18,1,wetlands,wetlands,158712
18,1,wetlands,other_non_crop,35439
18,1,other_non_crop,soy,46423
18,1,other_non_crop,corn,42775
18,1,other_non_crop,fallow_idle,711
18,1,other_non_crop,other_cropland,11584
18,1,other_non_crop,forest,102838
18,1,other_non_crop,wetlands,22233
18,1,other_non_crop,other_non_crop,1637837
39,1,soy,soy,662224
39,1,soy,corn,418247
39,1,soy,fallow_idle,829278
39,1,soy,other_cropland,286881
39,1,soy,forest,2921
39,1,soy,wetlands,197
39,1,soy,other_non_crop,46818
39,1,corn,soy,729856
39,1,corn,corn,36427
39,1,corn,fallow_idle,455916
39,1,corn,other_cropland,8514
39,1,corn,forest,6841
39,1,corn,wetlands,298
39,1,corn,other_non_crop,13258
39,1,fallow_idle,soy,770
39,1,fallow_idle,corn,458
39,1,fallow_idle,fallow_idle,6357
39,1,fallow_idle,other_cropland,716
39,1,fallow_idle,forest,6
39,1,fallow_idle,wetlands,5
39,1,fallow_idle,other_non_crop,410
39,1,other_cropland,soy,99657
39,1,other_cropland,corn,47741
39,1,other_cropland,fallow_idle,134870
39,1,other_cropland,other_cropland,86727
39,1,other_cropland,forest,987
39,1,other_cropland,wetlands,161
39,1,other_cropland,other_non_crop,12735
39,1,forest,soy,1733
39,1,forest,corn,671
39,1,forest,fallow_idle,961
39,1,forest,other_cropland,169
39,1,forest,forest,351029
39,1,forest,wetlands,6056
39,1,forest,other_non_crop,3589
39,1,wetlands,soy,44
39,1,wetlands,corn,13
39,1,wetlands,fallow_idle,54
39,1,wetlands,other_cropland,49
39,1,wetlands,forest,6357
39,1,wetlands,wetlands,5956
39,1,wetlands,other_non_crop,979
39,1,other_non_crop,soy,35122
39,1,other_non_crop,corn,10266
39,1,other_non_crop,fallow_idle,40664
39,1,other_non_crop,other_cropland,22216
39,1,other_non_crop,forest,47635
39,1,other_non_crop,wetlands,2374
39,1,other_non_crop,other_non_crop,599974
58,1,soy,soy,243824
58,1,soy,corn,123689
58,1,soy,fallow_idle,6927
58,1,soy,other_cropland,111198
58,1,soy,forest,1231
58,1,soy,wetlands,1410
58,1,soy,other_non_crop,41198
58,1,corn,soy,110650
58,1,corn,corn,62016
58,1,corn,fallow_idle,1753
58,1,corn,other_cropland,50435
58,1,corn,forest,820
58,1,corn,wetlands,1392
58,1,corn,other_non_crop,9566
58,1,fallow_idle,soy,2265
58,1,fallow_idle,corn,1323
58,1,fallow_idle,fallow_idle,4901
58,1,fallow_idle,other_cropland,2780
58,1,fallow_idle,forest,720
58,1,fallow_idle,wetlands,1257
58,1,fallow_idle,other_non_crop,4193
58,1,other_cropland,soy,112147
58,1,other_cropland,corn,76266
58,1,other_cropland,fallow_idle,2417
58,1,other_cropland,other_cropland,309939
58,1,other_cropland,forest,2017
58,1,other_cropland,wetlands,1061
58,1,other_cropland,other_non_crop,27574
58,1,forest,soy,3508
58,1,forest,corn,1221
58,1,forest,fallow_idle,363
58,1,forest,other_cropland,3177
58,1,forest,forest,1070461
58,1,forest,wetlands,165514
58,1,forest,other_non_crop,60493
58,1,wetlands,soy,3062
58,1,wetlands,corn,1154
58,1,wetlands,fallow_idle,673
58,1,wetlands,other_cropland,2002
58,1,wetlands,forest,218352
58,1,wetlands,wetlands,1029010
58,1,wetlands,other_non_crop,25243
58,1,other_non_crop,soy,39041
58,1,other_non_crop,corn,13846
58,1,other_non_crop,fallow_idle,5533
58,1,other_non_crop,other_cropland,36713
58,1,other_non_crop,forest,493743
58,1,other_non_crop,wetlands,177604
58,1,other_non_crop,other_non_crop,982241
56,1,soy,soy,445488
56,1,soy,corn,772232
56,1,soy,fallow_idle,170108
56,1,soy,other_cropland,273948
56,1,soy,forest,434
56,1,soy,wetlands,50584
56,1,soy,other_non_crop,32123
56,1,corn,soy,658198
56,1,corn,corn,141582
56,1,corn,fallow_idle,187227
56,1,corn,other_cropland,49652
56,1,corn,forest,1570
56,1,corn,wetlands,36328
56,1,corn,other_non_crop,12046
56,1,fallow_idle,soy,7
56,1,fallow_idle,corn,3
56,1,fallow_idle,fallow_idle,38
56,1,fallow_idle,other_cropland,135
56,1,fallow_idle,forest,0
56,1,fallow_idle,wetlands,20
56,1,fallow_idle,other_non_crop,872
56,1,other_cropland,soy,227924
56,1,other_cropland,corn,130236
56,1,other_cropland,fallow_idle,36990
56,1,other_cropland,other_cropland,171206
56,1,other_cropland,forest,95
56,1,other_cropland,wetlands,13853
56,1,other_cropland,other_non_crop,26445
56,1,forest,soy,1173
56,1,forest,corn,1222
56,1,forest,fallow_idle,968
56,1,forest,other_cropland,406
56,1,forest,forest,75272
56,1,forest,wetlands,16455
56,1,forest,other_non_crop,2193
56,1,wetlands,soy,5049
56,1,wetlands,corn,3900
56,1,wetlands,fallow_idle,7070
56,1,wetlands,other_cropland,3199
56,1,wetlands,forest,11769
56,1,wetlands,wetlands,294344
56,1,wetlands,other_non_crop,45058
56,1,other_non_crop,soy,42348
56,1,other_non_crop,corn,27700
56,1,other_non_crop,fallow_idle,24605
56,1,other_non_crop,other_cropland,25874
56,1,other_non_crop,forest,14725
56,1,other_non_crop,wetlands,135461
56,1,other_non_crop,other_non_crop,1062425
11,1,soy,soy,342624
11,1,soy,corn,1183053
11,1,soy,fallow_idle,183907
11,1,soy,other_cropland,40688
11,1,soy,forest,2236
11,1,soy,wetlands,12
11,1,soy,other_non_crop,31427
11,1,corn,soy,1256011
11,1,corn,corn,141044
11,1,corn,fallow_idle,83515
11,1,corn,other_cropland,1752
11,1,corn,forest,10767
11,1,corn,wetlands,84
11,1,corn,other_non_crop,16322
11,1,fallow_idle,soy,52
11,1,fallow_idle,corn,45
11,1,fallow_idle,fallow_idle,127
11,1,fallow_idle,other_cropland,15
11,1,fallow_idle,forest,11
11,1,fallow_idle,wetlands,0
11,1,fallow_idle,other_non_crop,47
11,1,other_cropland,soy,17864
11,1,other_cropland,corn,24471
11,1,other_cropland,fallow_idle,3866
11,1,other_cropland,other_cropland,34742
11,1,other_cropland,forest,642
11,1,other_cropland,wetlands,17
11,1,other_cropland,other_non_crop,7536
11,1,forest,soy,1556
11,1,forest,corn,748
11,1,forest,fallow_idle,176
11,1,forest,other_cropland,372
11,1,forest,forest,244774
11,1,forest,wetlands,8594
11,1,forest,other_non_crop,3239
11,1,wetlands,soy,82
11,1,wetlands,corn,99
11,1,wetlands,fallow_idle,39
11,1,wetlands,other_cropland,31
11,1,wetlands,forest,4984
11,1,wetlands,wetlands,5907
11,1,wetlands,other_non_crop,930
11,1,other_non_crop,soy,43105
11,1,other_non_crop,corn,24238
11,1,other_non_crop,fallow_idle,6545
11,1,other_non_crop,other_cropland,12578
11,1,other_non_crop,forest,64382
11,1,other_non_crop,wetlands,721
11,1,other_non_crop,other_non_crop,441849
59,1,soy,soy,179691
59,1,soy,corn,135646
59,1,soy,fallow_idle,4038
59,1,soy,other_cropland,175511
59,1,soy,forest,2650
59,1,soy,wetlands,1841
59,1,soy,other_non_crop,24950
59,1,corn,soy,99722
59,1,corn,corn,38471
59,1,corn,fallow_idle,2705
59,1,corn,other_cropland,113445
59,1,corn,forest,1679
59,1,corn,wetlands,1154
59,1,corn,other_non_crop,11009
59,1,fallow_idle,soy,2939
59,1,fallow_idle,corn,3964
59,1,fallow_idle,fallow_idle,18617
59,1,fallow_idle,other_cropland,2434
59,1,fallow_idle,forest,1336
59,1,fallow_idle,wetlands,819
59,1,fallow_idle,other_non_crop,2875
59,1,other_cropland,soy,156095
59,1,other_cropland,corn,118809
59,1,other_cropland,fallow_idle,2950
59,1,other_cropland,other_cropland,473728
59,1,other_cropland,forest,1175
59,1,other_cropland,wetlands,684
59,1,other_cropland,other_non_crop,19103
59,1,forest,soy,4248
59,1,forest,corn,1952
59,1,forest,fallow_idle,201
59,1,forest,other_cropland,4479
59,1,forest,forest,1036927
59,1,forest,wetlands,114349
59,1,forest,other_non_crop,83305
59,1,wetlands,soy,3908
59,1,wetlands,corn,1153
59,1,wetlands,fallow_idle,270
59,1,wetlands,other_cropland,2829
59,1,wetlands,forest,182213
59,1,wetlands,wetlands,1144843
59,1,wetlands,other_non_crop,23909
59,1,other_non_crop,soy,18879
59,1,other_non_crop,corn,11616
59,1,other_non_crop,fallow_idle,5720
59,1,other_non_crop,other_cropland,16359
59,1,other_non_crop,forest,769217
59,1,other_non_crop,wetlands,127143
59,1,other_non_crop,other_non_crop,298812
38,1,soy,soy,49305
38,1,soy,corn,1707995
38,1,soy,fallow_idle,62537
38,1,soy,other_cropland,10621
38,1,soy,forest,155
38,1,soy,wetlands,1496
38,1,soy,other_non_crop,14799
38,1,corn,soy,1596153
38,1,corn,corn,670577
38,1,corn,fallow_idle,51780
38,1,corn,other_cropland,57295
38,1,corn,forest,1005
38,1,corn,wetlands,13245
38,1,corn,other_non_crop,47925
38,1,fallow_idle,soy,1342
38,1,fallow_idle,corn,6375
38,1,fallow_idle,fallow_idle,10405
38,1,fallow_idle,other_cropland,99
38,1,fallow_idle,forest,0
38,1,fallow_idle,wetlands,97
38,1,fallow_idle,other_non_crop,298
38,1,other_cropland,soy,1801
38,1,other_cropland,corn,22037
38,1,other_cropland,fallow_idle,490
38,1,other_cropland,other_cropland,16681
38,1,other_cropland,forest,32
38,1,other_cropland,wetlands,762
38,1,other_cropland,other_non_crop,8345
38,1,forest,soy,321
38,1,forest,corn,640
38,1,forest,fallow_idle,1
38,1,forest,other_cropland,66
38,1,forest,forest,28968
38,1,forest,wetlands,7351
38,1,forest,other_non_crop,824
38,1,wetlands,soy,1777
38,1,wetlands,corn,3155
38,1,wetlands,fallow_idle,14
38,1,wetlands,other_cropland,402
38,1,wetlands,forest,4139
38,1,wetlands,wetlands,173931
38,1,wetlands,other_non_crop,27655
38,1,other_non_crop,soy,56293
38,1,other_non_crop,corn,59755
38,1,other_non_crop,fallow_idle,332
38,1,other_non_crop,other_cropland,3766
38,1,other_non_crop,forest,11174
38,1,other_non_crop,wetlands,54435
38,1,other_non_crop,other_non_crop,556929
22,1,soy,soy,29636
22,1,soy,corn,1412253
22,1,soy,fallow_idle,10203
22,1,soy,other_cropland,11423
22,1,soy,forest,223
22,1,soy,wetlands,106
22,1,soy,other_non_crop,15495
22,1,corn,soy,1263535
22,1,corn,corn,1148691
22,1,corn,fallow_idle,17793
22,1,corn,other_cropland,14426
22,1,corn,forest,1072
22,1,corn,wetlands,583
22,1,corn,other_non_crop,22941
22,1,fallow_idle,soy,4
22,1,fallow_idle,corn,14
22,1,fallow_idle,fallow_idle,12
22,1,fallow_idle,other_cropland,0
22,1,fallow_idle,forest,0
22,1,fallow_idle,wetlands,12
22,1,fallow_idle,other_non_crop,7
22,1,other_cropland,soy,1398
22,1,other_cropland,corn,5627
22,1,other_cropland,fallow_idle,101
22,1,other_cropland,other_cropland,17136
22,1,other_cropland,forest,51
22,1,other_cropland,wetlands,29
22,1,other_cropland,other_non_crop,10497
22,1,forest,soy,305
22,1,forest,corn,716
22,1,forest,fallow_idle,89
22,1,forest,other_cropland,31
22,1,forest,forest,92891
22,1,forest,wetlands,11618
22,1,forest,other_non_crop,2532
22,1,wetlands,soy,481
22,1,wetlands,corn,870
22,1,wetlands,fallow_idle,11
22,1,wetlands,other_cropland,248
22,1,wetlands,forest,7048
22,1,wetlands,wetlands,59341
22,1,wetlands,other_non_crop,10873
22,1,other_non_crop,soy,59249
22,1,other_non_crop,corn,75177
22,1,other_non_crop,fallow_idle,646
22,1,other_non_crop,other_cropland,3860
22,1,other_non_crop,forest,30077
22,1,other_non_crop,wetlands,25661
22,1,other_non_crop,other_non_crop,539674
28,1,soy,soy,26220
28,1,soy,corn,1649269
28,1,soy,fallow_idle,8079
28,1,soy,other_cropland,3247
28,1,soy,forest,700
28,1,soy,wetlands,335
28,1,soy,other_non_crop,19248
28,1,corn,soy,1572600
28,1,corn,corn,683372
28,1,corn,fallow_idle,14708
28,1,corn,other_cropland,6372
28,1,corn,forest,1700
28,1,corn,wetlands,1933
28,1,corn,other_non_crop,31579
28,1,fallow_idle,soy,73
28,1,fallow_idle,corn,23
28,1,fallow_idle,fallow_idle,271
28,1,fallow_idle,other_cropland,4
28,1,fallow_idle,forest,0
28,1,fallow_idle,wetlands,6
28,1,fallow_idle,other_non_crop,1
28,1,other_cropland,soy,933
28,1,other_cropland,corn,3644
28,1,other_cropland,fallow_idle,31
28,1,other_cropland,other_cropland,7298
28,1,other_cropland,forest,40
28,1,other_cropland,wetlands,100
28,1,other_cropland,other_non_crop,5209
28,1,forest,soy,544
28,1,forest,corn,682
28,1,forest,fallow_idle,37
28,1,forest,other_cropland,34
28,1,forest,forest,130999
28,1,forest,wetlands,8192
28,1,forest,other_non_crop,2952
28,1,wetlands,soy,801
28,1,wetlands,corn,2124
28,1,wetlands,fallow_idle,18
28,1,wetlands,other_cropland,154
28,1,wetlands,forest,10671
28,1,wetlands,wetlands,96483
28,1,wetlands,other_non_crop,14400
28,1,other_non_crop,soy,57351
28,1,other_non_crop,corn,70616
28,1,other_non_crop,fallow_idle,240
28,1,other_non_crop,other_cropland,2844
28,1,other_non_crop,forest,23874
28,1,other_non_crop,wetlands,31073
28,1,other_non_crop,other_non_crop,512657
10,1,soy,soy,113883
10,1,soy,corn,1239817
10,1,soy,fallow_idle,38765
10,1,soy,other_cropland,73456
10,1,soy,forest,1556
10,1,soy,wetlands,35
10,1,soy,other_non_crop,24141
10,1,corn,soy,1190157
10,1,corn,corn,208506
10,1,corn,fallow_idle,24713
10,1,corn,other_cropland,12972
10,1,corn,forest,7484
10,1,corn,wetlands,171
10,1,corn,other_non_crop,14335
10,1,fallow_idle,soy,58
10,1,fallow_idle,corn,76
10,1,fallow_idle,fallow_idle,119
10,1,fallow_idle,other_cropland,9
10,1,fallow_idle,forest,1
10,1,fallow_idle,wetlands,8
10,1,fallow_idle,other_non_crop,51
10,1,other_cropland,soy,33970
10,1,other_cropland,corn,35935
10,1,other_cropland,fallow_idle,1643
10,1,other_cropland,other_cropland,56248
10,1,other_cropland,forest,2276
10,1,other_cropland,wetlands,76
10,1,other_cropland,other_non_crop,9977
10,1,forest,soy,2768
10,1,forest,corn,1996
10,1,forest,fallow_idle,382
10,1,forest,other_cropland,1550
10,1,forest,forest,455919
10,1,forest,wetlands,11424
10,1,forest,other_non_crop,10562
10,1,wetlands,soy,98
10,1,wetlands,corn,24
10,1,wetlands,fallow_idle,55
10,1,wetlands,other_cropland,23
10,1,wetlands,forest,2745
10,1,wetlands,wetlands,6154
10,1,wetlands,other_non_crop,1075
10,1,other_non_crop,soy,31623
10,1,other_non_crop,corn,29132
10,1,other_non_crop,fallow_idle,2358
10,1,other_non_crop,other_cropland,22906
10,1,other_non_crop,forest,53925
10,1,other_non_crop,wetlands,1449
10,1,other_non_crop,other_non_crop,521203
57,1,soy,soy,5142
57,1,soy,corn,2764
57,1,soy,fallow_idle,4
57,1,soy,other_cropland,16035
57,1,soy,forest,60
57,1,soy,wetlands,13
57,1,soy,other_non_crop,963
57,1,corn,soy,2261
57,1,corn,corn,24957
57,1,corn,fallow_idle,0
57,1,corn,other_cropland,52482
57,1,corn,forest,563
57,1,corn,wetlands,431
57,1,corn,other_non_crop,3506
57,1,fallow_idle,soy,1
57,1,fallow_idle,corn,0
57,1,fallow_idle,fallow_idle,3
57,1,fallow_idle,other_cropland,35
57,1,fallow_idle,forest,6
57,1,fallow_idle,wetlands,20
57,1,fallow_idle,other_non_crop,24
57,1,other_cropland,soy,12647
57,1,other_cropland,corn,76646
57,1,other_cropland,fallow_idle,37
57,1,other_cropland,other_cropland,779246
57,1,other_cropland,forest,21235
57,1,other_cropland,wetlands,14610
57,1,other_cropland,other_non_crop,69462
57,1,forest,soy,194
57,1,forest,corn,4155
57,1,forest,fallow_idle,1
57,1,forest,other_cropland,16380
57,1,forest,forest,1395937
57,1,forest,wetlands,222588
57,1,forest,other_non_crop,117402
57,1,wetlands,soy,50
57,1,wetlands,corn,665
57,1,wetlands,fallow_idle,0
57,1,wetlands,other_cropland,4861
57,1,wetlands,forest,198068
57,1,wetlands,wetlands,1497410
57,1,wetlands,other_non_crop,31050
57,1,other_non_crop,soy,1296
57,1,other_non_crop,corn,5857
57,1,other_non_crop,fallow_idle,25
57,1,other_non_crop,other_cropland,63441
57,1,other_non_crop,forest,469242
57,1,other_non_crop,wetlands,55762
57,1,other_non_crop,other_non_crop,480362
36,1,soy,soy,75088
36,1,soy,corn,1525059
36,1,soy,fallow_idle,10015
36,1,soy,other_cropland,22067
36,1,soy,forest,92
36,1,soy,wetlands,79
36,1,soy,other_non_crop,23707
36,1,corn,soy,1446155
36,1,corn,corn,183475
36,1,corn,fallow_idle,4826
36,1,corn,other_cropland,7596
36,1,corn,forest,2877
36,1,corn,wetlands,162
36,1,corn,other_non_crop,17775
36,1,fallow_idle,soy,0
36,1,fallow_idle,corn,62
36,1,fallow_idle,fallow_idle,0
36,1,fallow_idle,other_cropland,0
36,1,fallow_idle,forest,0
36,1,fallow_idle,wetlands,3
36,1,fallow_idle,other_non_crop,26
36,1,other_cropland,soy,7432
36,1,other_cropland,corn,17605
36,1,other_cropland,fallow_idle,316
36,1,other_cropland,other_cropland,112401
36,1,other_cropland,forest,739
36,1,other_cropland,wetlands,77
36,1,other_cropland,other_non_crop,34521
36,1,forest,soy,7171
36,1,forest,corn,9865
36,1,forest,fallow_idle,74
36,1,forest,other_cropland,1292
36,1,forest,forest,324267
36,1,forest,wetlands,1936
36,1,forest,other_non_crop,18934
36,1,wetlands,soy,224
36,1,wetlands,corn,303
36,1,wetlands,fallow_idle,54
36,1,wetlands,other_cropland,459
36,1,wetlands,forest,10798
36,1,wetlands,wetlands,10700
36,1,wetlands,other_non_crop,3716
36,1,other_non_crop,soy,59549
36,1,other_non_crop,corn,67240
36,1,other_non_crop,fallow_idle,1190
36,1,other_non_crop,other_cropland,53613
36,1,other_non_crop,forest,45570
36,1,other_non_crop,wetlands,10363
36,1,other_non_crop,other_non_crop,1443806
30,1,soy,soy,59506
30,1,soy,corn,1278034
30,1,soy,fallow_idle,162269
30,1,soy,other_cropland,6101
30,1,soy,forest,749
30,1,soy,wetlands,198
30,1,soy,other_non_crop,19638
30,1,corn,soy,1196670
30,1,corn,corn,209977
30,1,corn,fallow_idle,156207
30,1,corn,other_cropland,5242
30,1,corn,forest,5035
30,1,corn,wetlands,1731
30,1,corn,other_non_crop,13003
30,1,fallow_idle,soy,48
30,1,fallow_idle,corn,100
30,1,fallow_idle,fallow_idle,245
30,1,fallow_idle,other_cropland,6
30,1,fallow_idle,forest,0
30,1,fallow_idle,wetlands,19
30,1,fallow_idle,other_non_crop,189
30,1,other_cropland,soy,1693
30,1,other_cropland,corn,4182
30,1,other_cropland,fallow_idle,639
30,1,other_cropland,other_cropland,25223
30,1,other_cropland,forest,68
30,1,other_cropland,wetlands,197
30,1,other_cropland,other_non_crop,11886
30,1,forest,soy,2379
30,1,forest,corn,3996
30,1,forest,fallow_idle,107
30,1,forest,other_cropland,197
30,1,forest,forest,363931
30,1,forest,wetlands,5238
30,1,forest,other_non_crop,9353
30,1,wetlands,soy,643
30,1,wetlands,corn,924
30,1,wetlands,fallow_idle,1242
30,1,wetlands,other_cropland,130
30,1,wetlands,forest,16367
30,1,wetlands,wetlands,99407
30,1,wetlands,other_non_crop,14771
30,1,other_non_crop,soy,57514
30,1,other_non_crop,corn,70156
30,1,other_non_crop,fallow_idle,7736
30,1,other_non_crop,other_cropland,7892
30,1,other_non_crop,forest,77825
30,1,other_non_crop,wetlands,21915
30,1,other_non_crop,other_non_crop,1448980
35,1,soy,soy,92077
35,1,soy,corn,88306
35,1,soy,fallow_idle,1048
35,1,soy,other_cropland,14594
35,1,soy,forest,75
35,1,soy,wetlands,25
35,1,soy,other_non_crop,11163
35,1,corn,soy,65172
35,1,corn,corn,38980
35,1,corn,fallow_idle,2018
35,1,corn,other_cropland,16592
35,1,corn,forest,32
35,1,corn,wetlands,24
35,1,corn,other_non_crop,3467
35,1,fallow_idle,soy,192
35,1,fallow_idle,corn,625
35,1,fallow_idle,fallow_idle,4258
35,1,fallow_idle,other_cropland,1245
35,1,fallow_idle,forest,1316
35,1,fallow_idle,wetlands,33
35,1,fallow_idle,other_non_crop,6667
35,1,other_cropland,soy,14014
35,1,other_cropland,corn,19404
35,1,other_cropland,fallow_idle,797
35,1,other_cropland,other_cropland,277883
35,1,other_cropland,forest,2439
35,1,other_cropland,wetlands,74
35,1,other_cropland,other_non_crop,52086
35,1,forest,soy,4340
35,1,forest,corn,3592
35,1,forest,fallow_idle,101
35,1,forest,other_cropland,5128
35,1,forest,forest,2102690
35,1,forest,wetlands,29978
35,1,forest,other_non_crop,118889
35,1,wetlands,soy,48
35,1,wetlands,corn,631
35,1,wetlands,fallow_idle,7
35,1,wetlands,other_cropland,127
35,1,wetlands,forest,7048
35,1,wetlands,wetlands,35476
35,1,wetlands,other_non_crop,4710
35,1,other_non_crop,soy,26706
35,1,other_non_crop,corn,25676
35,1,other_non_crop,fallow_idle,4925
35,1,other_non_crop,other_cropland,128600
35,1,other_non_crop,forest,419215
35,1,other_non_crop,wetlands,12373
35,1,other_non_crop,other_non_crop,1808263
31,1,soy,soy,45262
31,1,soy,corn,1669465
31,1,soy,fallow_idle,11488
31,1,soy,other_cropland,12455
31,1,soy,forest,725
31,1,soy,wetlands,1036
31,1,soy,other_non_crop,16030
31,1,corn,soy,1492050
31,1,corn,corn,844999
31,1,corn,fallow_idle,21544
31,1,corn,other_cropland,15710
31,1,corn,forest,1048
31,1,corn,wetlands,2692
31,1,corn,other_non_crop,27909
31,1,fallow_idle,soy,167
31,1,fallow_idle,corn,842
31,1,fallow_idle,fallow_idle,691
31,1,fallow_idle,other_cropland,38
31,1,fallow_idle,forest,0
31,1,fallow_idle,wetlands,77
31,1,fallow_idle,other_non_crop,115
31,1,other_cropland,soy,1841
31,1,other_cropland,corn,10127
31,1,other_cropland,fallow_idle,748
31,1,other_cropland,other_cropland,14471
31,1,other_cropland,forest,30
31,1,other_cropland,wetlands,1369
31,1,other_cropland,other_non_crop,6754
31,1,forest,soy,2075
31,1,forest,corn,2093
31,1,forest,fallow_idle,34
31,1,forest,other_cropland,120
31,1,forest,forest,102453
31,1,forest,wetlands,15645
31,1,forest,other_non_crop,3272
31,1,wetlands,soy,1694
31,1,wetlands,corn,2740
31,1,wetlands,fallow_idle,24
31,1,wetlands,other_cropland,234
31,1,wetlands,forest,18601
31,1,wetlands,wetlands,97215
31,1,wetlands,other_non_crop,14705
31,1,other_non_crop,soy,59739
31,1,other_non_crop,corn,85247
31,1,other_non_crop,fallow_idle,893
31,1,other_non_crop,other_cropland,6288
31,1,other_non_crop,forest,29350
31,1,other_non_crop,wetlands,59797
31,1,other_non_crop,other_non_crop,727913
41,1,soy,soy,72742
41,1,soy,corn,1706594
41,1,soy,fallow_idle,85235
41,1,soy,other_cropland,12001
41,1,soy,forest,45
41,1,soy,wetlands,347
41,1,soy,other_non_crop,29147
41,1,corn,soy,1614293
41,1,corn,corn,574724
41,1,corn,fallow_idle,62498
41,1,corn,other_cropland,13962
41,1,corn,forest,174
41,1,corn,wetlands,5750
41,1,corn,other_non_crop,30887
41,1,fallow_idle,soy,8868
41,1,fallow_idle,corn,10316
41,1,fallow_idle,fallow_idle,6362
41,1,fallow_idle,other_cropland,726
41,1,fallow_idle,forest,0
41,1,fallow_idle,wetlands,4
41,1,fallow_idle,other_non_crop,397
41,1,other_cropland,soy,2343
41,1,other_cropland,corn,6801
41,1,other_cropland,fallow_idle,297
41,1,other_cropland,other_cropland,14921
41,1,other_cropland,forest,209
41,1,other_cropland,wetlands,951
41,1,other_cropland,other_non_crop,3011
41,1,forest,soy,661
41,1,forest,corn,779
41,1,forest,fallow_idle,220
41,1,forest,other_cropland,612
41,1,forest,forest,45977
41,1,forest,wetlands,11199
41,1,forest,other_non_crop,1465
41,1,wetlands,soy,5395
41,1,wetlands,corn,1768
41,1,wetlands,fallow_idle,132
41,1,wetlands,other_cropland,1037
41,1,wetlands,forest,9437
41,1,wetlands,wetlands,207218
41,1,wetlands,other_non_crop,25741
41,1,other_non_crop,soy,57494
41,1,other_non_crop,corn,56640
41,1,other_non_crop,fallow_idle,3905
41,1,other_non_crop,other_cropland,4099
41,1,other_non_crop,forest,13552
41,1,other_non_crop,wetlands,47231
41,1,other_non_crop,other_non_crop,366674
13,1,soy,soy,17863
13,1,soy,corn,643987
13,1,soy,fallow_idle,24997
13,1,soy,other_cropland,7418
13,1,soy,forest,473
13,1,soy,wetlands,187
13,1,soy,other_non_crop,9403
13,1,corn,soy,617604
13,1,corn,corn,185028
13,1,corn,fallow_idle,20868
13,1,corn,other_cropland,6633
13,1,corn,forest,1453
13,1,corn,wetlands,213
13,1,corn,other_non_crop,9268
13,1,fallow_idle,soy,0
13,1,fallow_idle,corn,3
13,1,fallow_idle,fallow_idle,13
13,1,fallow_idle,other_cropland,0
13,1,fallow_idle,forest,0
13,1,fallow_idle,wetlands,47
13,1,fallow_idle,other_non_crop,30
13,1,other_cropland,soy,2239
13,1,other_cropland,corn,6429
13,1,other_cropland,fallow_idle,2040
13,1,other_cropland,other_cropland,39522
13,1,other_cropland,forest,142
13,1,other_cropland,wetlands,72
13,1,other_cropland,other_non_crop,17007
13,1,forest,soy,687
13,1,forest,corn,812
13,1,forest,fallow_idle,146
13,1,forest,other_cropland,169
13,1,forest,forest,274618
13,1,forest,wetlands,11390
13,1,forest,other_non_crop,8164
13,1,wetlands,soy,97
13,1,wetlands,corn,136
13,1,wetlands,fallow_idle,270
13,1,wetlands,other_cropland,40
13,1,wetlands,forest,3580
13,1,wetlands,wetlands,95334
13,1,wetlands,other_non_crop,5590
13,1,other_non_crop,soy,36728
13,1,other_non_crop,corn,47748
13,1,other_non_crop,fallow_idle,3810
13,1,other_non_crop,other_cropland,5269
13,1,other_non_crop,forest,55018
13,1,other_non_crop,wetlands,23914
13,1,other_non_crop,other_non_crop,734840
1,1,soy,soy,418619
1,1,soy,corn,788032
1,1,soy,fallow_idle,38226
1,1,soy,other_cropland,95078
1,1,soy,forest,2506
1,1,soy,wetlands,121
1,1,soy,other_non_crop,23865
1,1,corn,soy,826537
1,1,corn,corn,62192
1,1,corn,fallow_idle,19378
1,1,corn,other_cropland,13734
1,1,corn,forest,1793
1,1,corn,wetlands,196
1,1,corn,other_non_crop,11209
1,1,fallow_idle,soy,1
1,1,fallow_idle,corn,0
1,1,fallow_idle,fallow_idle,25
1,1,fallow_idle,other_cropland,12
1,1,fallow_idle,forest,27
1,1,fallow_idle,wetlands,0
1,1,fallow_idle,other_non_crop,51
1,1,other_cropland,soy,93343
1,1,other_cropland,corn,50497
1,1,other_cropland,fallow_idle,6317
1,1,other_cropland,other_cropland,144238
1,1,other_cropland,forest,4147
1,1,other_cropland,wetlands,155
1,1,other_cropland,other_non_crop,74495
1,1,forest,soy,4665
1,1,forest,corn,2695
1,1,forest,fallow_idle,472
1,1,forest,other_cropland,6827
1,1,forest,forest,1331954
1,1,forest,wetlands,18942
1,1,forest,other_non_crop,27643
1,1,wetlands,soy,173
1,1,wetlands,corn,66
1,1,wetlands,fallow_idle,408
1,1,wetlands,other_cropland,149
1,1,wetlands,forest,14813
1,1,wetlands,wetlands,29781
1,1,wetlands,other_non_crop,4388
1,1,other_non_crop,soy,55852
1,1,other_non_crop,corn,30542
1,1,other_non_crop,fallow_idle,4327
1,1,other_non_crop,other_cropland,92660
1,1,other_non_crop,forest,167526
1,1,other_non_crop,wetlands,5906
1,1,other_non_crop,other_non_crop,1173318
3,1,soy,soy,199507
3,1,soy,corn,817873
3,1,soy,fallow_idle,192360
3,1,soy,other_cropland,35546
3,1,soy,forest,2644
3,1,soy,wetlands,382
3,1,soy,other_non_crop,25190
3,1,corn,soy,835648
3,1,corn,corn,180719
3,1,corn,fallow_idle,178302
3,1,corn,other_cropland,8523
3,1,corn,forest,5572
3,1,corn,wetlands,1243
3,1,corn,other_non_crop,13839
3,1,fallow_idle,soy,2
3,1,fallow_idle,corn,7
3,1,fallow_idle,fallow_idle,151
3,1,fallow_idle,other_cropland,131
3,1,fallow_idle,forest,75
3,1,fallow_idle,wetlands,17
3,1,fallow_idle,other_non_crop,1272
3,1,other_cropland,soy,16565
3,1,other_cropland,corn,20140
3,1,other_cropland,fallow_idle,7478
3,1,other_cropland,other_cropland,124029
3,1,other_cropland,forest,2242
3,1,other_cropland,wetlands,127
3,1,other_cropland,other_non_crop,41669
3,1,forest,soy,11359
3,1,forest,corn,8410
3,1,forest,fallow_idle,1783
3,1,forest,other_cropland,3519
3,1,forest,forest,1259428
3,1,forest,wetlands,18516
3,1,forest,other_non_crop,15594
3,1,wetlands,soy,127
3,1,wetlands,corn,118
3,1,wetlands,fallow_idle,1689
3,1,wetlands,other_cropland,113
3,1,wetlands,forest,12388
3,1,wetlands,wetlands,141745
3,1,wetlands,other_non_crop,6249
3,1,other_non_crop,soy,58047
3,1,other_non_crop,corn,38916
3,1,other_non_crop,fallow_idle,10242
3,1,other_non_crop,other_cropland,57445
3,1,other_non_crop,forest,194742
3,1,other_non_crop,wetlands,9879
3,1,other_non_crop,other_non_crop,1086355
27,1,soy,soy,548334
27,1,soy,corn,1122388
27,1,soy,fallow_idle,214042
27,1,soy,other_cropland,135089
27,1,soy,forest,5990
27,1,soy,wetlands,56
27,1,soy,other_non_crop,41923
27,1,corn,soy,1286855
27,1,corn,corn,158600
27,1,corn,fallow_idle,107992
27,1,corn,other_cropland,20646
27,1,corn,forest,8189
27,1,corn,wetlands,56
27,1,corn,other_non_crop,22592
27,1,fallow_idle,soy,31
27,1,fallow_idle,corn,9
27,1,fallow_idle,fallow_idle,214
27,1,fallow_idle,other_cropland,23
27,1,fallow_idle,forest,2
27,1,fallow_idle,wetlands,5
27,1,fallow_idle,other_non_crop,134
27,1,other_cropland,soy,53182
27,1,other_cropland,corn,96146
27,1,other_cropland,fallow_idle,28476
27,1,other_cropland,other_cropland,114587
27,1,other_cropland,forest,1745
27,1,other_cropland,wetlands,26
27,1,other_cropland,other_non_crop,6664
27,1,forest,soy,3610
27,1,forest,corn,2367
27,1,forest,fallow_idle,1596
27,1,forest,other_cropland,401
27,1,forest,forest,499283
27,1,forest,wetlands,3015
27,1,forest,other_non_crop,5726
27,1,wetlands,soy,87
27,1,wetlands,corn,52
27,1,wetlands,fallow_idle,72
27,1,wetlands,other_cropland,52
27,1,wetlands,forest,5743
27,1,wetlands,wetlands,9381
27,1,wetlands,other_non_crop,2334
27,1,other_non_crop,soy,59269
27,1,other_non_crop,corn,33293
27,1,other_non_crop,fallow_idle,24240
27,1,other_non_crop,other_cropland,35523
27,1,other_non_crop,forest,113679
27,1,other_non_crop,wetlands,2342
27,1,other_non_crop,other_non_crop,871828
