ring_index,year,category,pixel_count,all_valid_pixels,share_pp
1,2013,soy,60502710,293305714,20.627866117875904
1,2014,soy,65771508,293305714,22.424216392865773
1,2015,soy,65877628,293305714,22.460397072250696
1,2016,soy,66880386,293306091,22.802249272075294
1,2017,soy,72309965,293306091,24.65341403360082
1,2018,soy,72311738,293306091,24.65401852155876
1,2019,soy,64582080,293306091,22.01866309008905
1,2020,soy,69121522,293306091,23.566343871119948
1,2021,soy,71552000,293306091,24.394992874525744
1,2022,soy,71221363,293306091,24.28226524624066
1,2023,soy,68719654,293306091,23.429330691942567
1,2024,soy,69659136,293305156,23.74971410321883
2,2014,soy,110994864,606087765,18.313331898392637
2,2015,soy,112071234,606087761,18.490925112081253
2,2016,soy,114302137,606091878,18.858879511333758
2,2017,soy,124616477,606091881,20.56065770001628
2,2018,soy,124596665,606091869,20.557389295714177
2,2019,soy,109795505,606091869,18.11532386685095
2,2020,soy,118196300,606091869,19.501383543556496
2,2021,soy,122988749,606091869,20.292096840520394
2,2022,soy,121765436,606091869,20.090260607010386
2,2023,soy,116576159,606091869,19.234074067408418
2,2024,soy,118474601,606093546,19.547246754546368
3,2014,soy,81778067,649354781,12.593742187292834
3,2015,soy,83510776,649354781,12.860577675488
3,2016,soy,86222151,649353505,13.278152860667165
3,2017,soy,94725737,649353505,14.587699345674588
3,2018,soy,95014542,649353505,14.632175120083474
3,2019,soy,80980526,649353505,12.47094616052007
3,2020,soy,88604499,649353505,13.645032839239082
3,2021,soy,93511463,649353505,14.400701972032937
3,2022,soy,91963319,649353505,14.16228884450235
3,2023,soy,87551519,649353505,13.482874632362229
3,2024,soy,88878949,649354822,13.68727019324421
4,2014,soy,44740907,594424191,7.526764165625957
4,2015,soy,48429114,594424200,8.147231219724903
4,2016,soy,48758796,594423304,8.202705996196945
4,2017,soy,54911275,594423304,9.237739272752334
4,2018,soy,55129367,594423300,9.274429013802116
4,2019,soy,44737959,594423300,7.526279504857902
4,2020,soy,49822977,594423300,8.381733522222294
4,2021,soy,53524333,594423300,9.004413689705636
4,2022,soy,53024504,594423300,8.92032731556788
4,2023,soy,50731099,594423300,8.534507143310163
4,2024,soy,49958598,594428518,8.404475304800231
5,2014,soy,23110954,532659059,4.338789251681534
5,2015,soy,25429217,532659042,4.774013955441312
5,2016,soy,25321646,532654436,4.75385996785353
5,2017,soy,29366085,532654436,5.513158816535229
5,2018,soy,29705097,532654418,5.576804771757286
5,2019,soy,22237443,532654418,4.174834986537181
5,2020,soy,26500406,532654418,4.975159334921728
5,2021,soy,28375714,532654418,5.327227756139629
5,2022,soy,28972392,532654418,5.439247478465484
5,2023,soy,26474676,532654418,4.970328810827586
5,2024,soy,25388363,532664347,4.766296663741229
6,2014,soy,14386171,470187316,3.0596680323890317
6,2015,soy,16057754,470187316,3.4151823015149136
6,2016,soy,15208962,470182843,3.2346909774417267
6,2017,soy,18433813,470182843,3.920562665022637
6,2018,soy,18730093,470182843,3.9835764487901573
6,2019,soy,14088741,470182843,2.9964387705231514
6,2020,soy,16307419,470182843,3.468314346808269
6,2021,soy,17872196,470182843,3.801116154295745
6,2022,soy,18557458,470182843,3.946859881486573
6,2023,soy,16330761,470182843,3.4732787984779785
6,2024,soy,15472189,470189615,3.2906275482073335
1,2013,corn,72091209,293305714,24.57886279024213
1,2014,corn,68379064,293305714,23.313239645921115
1,2015,corn,68349136,293305714,23.303035957901592
1,2016,corn,71880826,293306091,24.507103059104217
1,2017,corn,68662534,293306091,23.40985615603871
1,2018,corn,67937238,293306091,23.162573190476294
1,2019,corn,67563389,293306091,23.035112830302594
1,2020,corn,70458189,293306091,24.02206812677477
1,2021,corn,69445664,293306091,23.676857089203782
1,2022,corn,67558853,293306091,23.03356632303964
1,2023,corn,70446860,293306091,24.018205608965687
1,2024,corn,67978014,293305156,23.176549272799008
2,2014,corn,113842300,606087765,18.78313778533378
2,2015,corn,112901534,606087761,18.627918474004627
2,2016,corn,119884549,606091878,19.779929966327646
2,2017,corn,115315082,606091881,19.026006718608397
2,2018,corn,114494353,606091869,18.890593795443245
2,2019,corn,113777054,606091869,18.772245565300597
2,2020,corn,118213264,606091869,19.504182459177652
2,2021,corn,118540034,606091869,19.558096728072094
2,2022,corn,113833525,606091869,18.781562799681776
2,2023,corn,120845549,606091869,19.938487081073184
2,2024,corn,115806979,606093546,19.107113046209538
3,2014,corn,78690738,649354781,12.118296546429832
3,2015,corn,79268115,649354781,12.207212038683673
3,2016,corn,83881732,649353505,12.917729919699132
3,2017,corn,81941300,649353505,12.618904705842775
3,2018,corn,80469311,649353505,12.39221939673676
3,2019,corn,81507112,649353505,12.552040047893481
3,2020,corn,82319355,649353505,12.67712491980774
3,2021,corn,86331237,649353505,13.294952030789455
3,2022,corn,80822203,649353505,12.446564525743185
3,2023,corn,88555092,649353505,13.63742419469962
3,2024,corn,82234443,649354822,12.664022844508883
4,2014,corn,43504654,594424191,7.318789285276581
4,2015,corn,43519355,594424200,7.3212623241112995
4,2016,corn,46850447,594423304,7.8816639059628795
4,2017,corn,46333314,594423304,7.794666475592956
4,2018,corn,45253286,594423300,7.612973111922093
4,2019,corn,46911902,594423300,7.892002551044012
4,2020,corn,47228490,594423300,7.945262239888645
4,2021,corn,50312562,594423300,8.464096545340668
4,2022,corn,46731601,594423300,7.861670462783003
4,2023,corn,50620039,594423300,8.515823488076595
4,2024,corn,46158807,594428518,7.765241000769078
5,2014,corn,25819626,532659059,4.847308154013767
5,2015,corn,26309832,532659042,4.939338286873576
5,2016,corn,29011767,532654436,5.446639516956918
5,2017,corn,28945045,532654436,5.434113196796882
5,2018,corn,28100178,532654418,5.2754989070606
5,2019,corn,30432748,532654418,5.713413232216915
5,2020,corn,30580013,532654418,5.7410606139007
5,2021,corn,31635395,532654418,5.9391969597819045
5,2022,corn,30220184,532654418,5.673506682526005
5,2023,corn,32529114,532654418,6.106982858067648
5,2024,corn,28345518,532664347,5.32145959451647
6,2014,corn,19573404,470187316,4.1628949429167506
6,2015,corn,20146699,470187316,4.284824008310764
6,2016,corn,22636239,470182843,4.814348149236913
6,2017,corn,23023262,470182843,4.896661446236566
6,2018,corn,22309933,470182843,4.744948339171959
6,2019,corn,24371429,470182843,5.183393941918038
6,2020,corn,24076407,470182843,5.1206477136385
6,2021,corn,24405440,470182843,5.190627510838374
6,2022,corn,23709522,470182843,5.04261743127875
6,2023,corn,25146826,470182843,5.348307870944581
6,2024,corn,22676914,470189615,4.822929574912028
1,2013,fallow_idle,3025137,293305714,1.0313938173055845
1,2014,fallow_idle,1977420,293305714,0.6741839335595078
1,2015,fallow_idle,4629105,293305714,1.5782525805139958
1,2016,fallow_idle,2432773,293306091,0.8294314624376484
1,2017,fallow_idle,1707881,293306091,0.5822862369400982
1,2018,fallow_idle,1387769,293306091,0.4731470100973798
1,2019,fallow_idle,11692149,293306091,3.986330103182208
1,2020,fallow_idle,4001444,293306091,1.364255336927183
1,2021,fallow_idle,1211005,293306091,0.41288095854784007
1,2022,fallow_idle,2704837,293306091,0.922189167902415
1,2023,fallow_idle,1226548,293306091,0.41818020069688905
1,2024,fallow_idle,1661681,293305156,0.5665365800797583
2,2014,fallow_idle,5601463,606087765,0.9241999795194678
2,2015,fallow_idle,10686747,606087761,1.7632342521432305
2,2016,fallow_idle,6350006,606091878,1.0476969302004078
2,2017,fallow_idle,4580154,606091881,0.7556864138227913
2,2018,fallow_idle,3512708,606091869,0.5795669237067426
2,2019,fallow_idle,22670556,606091869,3.740448793250516
2,2020,fallow_idle,10341330,606091869,1.7062314360135393
2,2021,fallow_idle,3087414,606091869,0.5093970333398418
2,2022,fallow_idle,7325148,606091869,1.2085870764255378
2,2023,fallow_idle,2995379,606091869,0.49421204164017585
2,2024,fallow_idle,3800745,606093546,0.6270888421570489
3,2014,fallow_idle,7399866,649354781,1.1395721131989325
3,2015,fallow_idle,11194600,649354781,1.723957430907096
3,2016,fallow_idle,8867316,649353505,1.3655606586738913
3,2017,fallow_idle,6544514,649353505,1.007850723774872
3,2018,fallow_idle,5217405,649353505,0.8034768365499159
3,2019,fallow_idle,21605618,649353505,3.327250539750301
3,2020,fallow_idle,15145659,649353505,2.3324212287111625
3,2021,fallow_idle,4300011,649353505,0.6621987818484171
3,2022,fallow_idle,10182400,649353505,1.5680827040426923
3,2023,fallow_idle,4587450,649353505,0.7064641931824176
3,2024,fallow_idle,5402190,649354822,0.8319319141053518
4,2014,fallow_idle,9482961,594424191,1.595318821740214
4,2015,fallow_idle,11507384,594424200,1.9358875362073078
4,2016,fallow_idle,11017395,594423304,1.853459466656442
4,2017,fallow_idle,8497878,594423304,1.429600411493961
4,2018,fallow_idle,7144949,594423300,1.2019967925214237
4,2019,fallow_idle,18047391,594423300,3.036117695924773
4,2020,fallow_idle,14289984,594423300,2.404008052847188
4,2021,fallow_idle,5988963,594423300,1.0075249405600353
4,2022,fallow_idle,10621697,594423300,1.7868910925934431
4,2023,fallow_idle,6423958,594423300,1.0807042725276752
4,2024,fallow_idle,5654428,594428518,0.9512376726178537
5,2014,fallow_idle,8743406,532659059,1.6414638692927965
5,2015,fallow_idle,10848437,532659042,2.0366568751497884
5,2016,fallow_idle,10680172,532654436,2.0050845873364698
5,2017,fallow_idle,8572077,532654436,1.609312984300388
5,2018,fallow_idle,6798947,532654418,1.276427411515434
5,2019,fallow_idle,14169474,532654418,2.6601626723013494
5,2020,fallow_idle,9906530,532654418,1.8598418909575252
5,2021,fallow_idle,5867338,532654418,1.1015280830731793
5,2022,fallow_idle,7914514,532654418,1.4858628282324695
5,2023,fallow_idle,6025652,532654418,1.1312497928065623
5,2024,fallow_idle,4966506,532664347,0.9323894170825742
6,2014,fallow_idle,10590101,470187316,2.2523153304288623
6,2015,fallow_idle,11301142,470187316,2.403540379638825
6,2016,fallow_idle,11645510,470182843,2.476804539633106
6,2017,fallow_idle,9393197,470182843,1.9977753633175424
6,2018,fallow_idle,8375530,470182843,1.7813346711164448
6,2019,fallow_idle,12200196,470182843,2.594776942977479
6,2020,fallow_idle,10195949,470182843,2.168507241766795
6,2021,fallow_idle,7115728,470182843,1.513395927975194
6,2022,fallow_idle,8188140,470182843,1.7414799629343345
6,2023,fallow_idle,7042669,470182843,1.4978575047665021
6,2024,fallow_idle,5052092,470189615,1.074479707511192
1,2013,deciduous_forest,28755994,293305714,9.804102895861075
1,2014,deciduous_forest,28391410,293305714,9.679801192008144
1,2015,deciduous_forest,30047314,293305714,10.244367077008258
1,2016,deciduous_forest,29920911,293306091,10.201257975239253
1,2017,deciduous_forest,29914675,293306091,10.199131868693446
1,2018,deciduous_forest,28849084,293306091,9.835828469037828
1,2019,deciduous_forest,28372888,293306091,9.673473845451099
1,2020,deciduous_forest,27886614,293306091,9.507683220939315
1,2021,deciduous_forest,25659494,293306091,8.748367247511407
1,2022,deciduous_forest,25693714,293306091,8.76003424013448
1,2023,deciduous_forest,25609850,293306091,8.731441584689081
1,2024,deciduous_forest,26658742,293305156,9.089080588818561
2,2014,deciduous_forest,84068762,606087765,13.870724151641635
2,2015,deciduous_forest,87897142,606087761,14.50237864149842
2,2016,deciduous_forest,88069996,606091878,14.530799569632247
2,2017,deciduous_forest,87934264,606091881,14.508404873352857
2,2018,deciduous_forest,85489350,606091869,14.10501515901379
2,2019,deciduous_forest,81132601,606091869,13.386188653852408
2,2020,deciduous_forest,79850385,606091869,13.174633926659721
2,2021,deciduous_forest,74321133,606091869,12.262354405549697
2,2022,deciduous_forest,74498069,606091869,12.291547339665764
2,2023,deciduous_forest,74268473,606091869,12.253665953733492
2,2024,deciduous_forest,77080270,606093546,12.717553339530198
3,2014,deciduous_forest,119905469,649354781,18.46532473593969
3,2015,deciduous_forest,124971246,649354781,19.245449430209092
3,2016,deciduous_forest,125375488,649353505,19.307740242350736
3,2017,deciduous_forest,125723119,649353505,19.36127518092014
3,2018,deciduous_forest,122378239,649353505,18.846165926216106
3,2019,deciduous_forest,109226234,649353505,16.820766063317084
3,2020,deciduous_forest,107462679,649353505,16.54917978767205
3,2021,deciduous_forest,101426698,649353505,15.619642801496852
3,2022,deciduous_forest,101597362,649353505,15.645924941915883
3,2023,deciduous_forest,101220017,649353505,15.587814067470076
3,2024,deciduous_forest,104940376,649354822,16.160714057190756
4,2014,deciduous_forest,128741194,594424191,21.658135040469777
4,2015,deciduous_forest,134337036,594424200,22.599523370683766
4,2016,deciduous_forest,134733321,594423304,22.666224573187325
4,2017,deciduous_forest,135117838,594423304,22.730911976492767
4,2018,deciduous_forest,131675635,594423300,22.151829344509206
4,2019,deciduous_forest,116132894,594423300,19.53706962698131
4,2020,deciduous_forest,114816184,594423300,19.315559131009838
4,2021,deciduous_forest,108429622,594423300,18.24114599814644
4,2022,deciduous_forest,108392383,594423300,18.2348812706366
4,2023,deciduous_forest,108200647,594423300,18.202625469089117
4,2024,deciduous_forest,111589463,594428518,18.772562153554013
5,2014,deciduous_forest,127401147,532659059,23.91795367925959
5,2015,deciduous_forest,133005041,532659042,24.9700146834267
5,2016,deciduous_forest,133308097,532654436,25.02712602960468
5,2017,deciduous_forest,133857789,532654436,25.130324644475504
5,2018,deciduous_forest,129856137,532654418,24.379059407332278
5,2019,deciduous_forest,112948476,532654418,21.20483228583678
5,2020,deciduous_forest,111637410,532654418,20.958694085214553
5,2021,deciduous_forest,106033621,532654418,19.906644424002504
5,2022,deciduous_forest,106038040,532654418,19.907474042578954
5,2023,deciduous_forest,105710911,532654418,19.846059176026586
5,2024,deciduous_forest,109253773,532664347,20.510810159404194
6,2014,deciduous_forest,106789879,470187316,22.712199024952003
6,2015,deciduous_forest,111488373,470187316,23.711480341166837
6,2016,deciduous_forest,111763834,470182843,23.77029184793117
6,2017,deciduous_forest,111860321,470182843,23.7908130135663
6,2018,deciduous_forest,109211656,470182843,23.2274864185123
6,2019,deciduous_forest,93162214,470182843,19.81403945018045
6,2020,deciduous_forest,92107408,470182843,19.58969991595376
6,2021,deciduous_forest,88559126,470182843,18.835039882559048
6,2022,deciduous_forest,88458161,470182843,18.813566321474642
6,2023,deciduous_forest,88222401,470182843,18.763424126047916
6,2024,deciduous_forest,91203425,470189615,19.397158527203967
1,2013,evergreen_forest,8220931,293305714,2.802854021452852
1,2014,evergreen_forest,6932288,293305714,2.36350253987892
1,2015,evergreen_forest,7363502,293305714,2.5105211554112445
1,2016,evergreen_forest,7383149,293306091,2.5172163915273074
1,2017,evergreen_forest,7331929,293306091,2.4997534060757025
1,2018,evergreen_forest,7054563,293306091,2.4051880327299444
1,2019,evergreen_forest,8870887,293306091,3.0244469079232315
1,2020,evergreen_forest,8981921,293306091,3.0623029236716395
1,2021,evergreen_forest,8653502,293306091,2.950331501980298
1,2022,evergreen_forest,8655333,293306091,2.950955764502006
1,2023,evergreen_forest,8644240,293306091,2.9471737087110133
1,2024,evergreen_forest,9436183,293305156,3.217189608490892
2,2014,evergreen_forest,21962029,606087765,3.6235724045675135
2,2015,evergreen_forest,22744209,606087761,3.752626346137354
2,2016,evergreen_forest,22749754,606091878,3.7535157334677236
2,2017,evergreen_forest,22760937,606091881,3.755360814674896
2,2018,evergreen_forest,22250583,606091869,3.6711568225971365
2,2019,evergreen_forest,26768985,606091869,4.416654696946611
2,2020,evergreen_forest,26718818,606091869,4.408377568912742
2,2021,evergreen_forest,26172836,606091869,4.318295185708885
2,2022,evergreen_forest,26302310,606091869,4.339657293769107
2,2023,evergreen_forest,26297696,606091869,4.338896023038382
2,2024,evergreen_forest,28448678,606093546,4.693776759008749
3,2014,evergreen_forest,37482390,649354781,5.772251332665555
3,2015,evergreen_forest,38492835,649354781,5.9278588725752375
3,2016,evergreen_forest,38512738,649353505,5.930935569524646
3,2017,evergreen_forest,38384473,649353505,5.911182846391196
3,2018,evergreen_forest,37717749,649353505,5.80850780192524
3,2019,evergreen_forest,44502031,649353505,6.853282635318955
3,2020,evergreen_forest,44409621,649353505,6.839051557902963
3,2021,evergreen_forest,43994163,649353505,6.775071307268912
3,2022,evergreen_forest,44090262,649353505,6.789870488186554
3,2023,evergreen_forest,44035462,649353505,6.781431325299461
3,2024,evergreen_forest,47818343,649354822,7.36397750196425
4,2014,evergreen_forest,45289570,594424191,7.6190657590515185
4,2015,evergreen_forest,46460152,594424200,7.815992686704209
4,2016,evergreen_forest,46636821,594423304,7.845725543761656
4,2017,evergreen_forest,46376209,594423304,7.801882713535067
4,2018,evergreen_forest,45579453,594423300,7.667844278647893
4,2019,evergreen_forest,51775138,594423300,8.710146119776933
4,2020,evergreen_forest,51406795,594423300,8.648179672633963
4,2021,evergreen_forest,51232101,594423300,8.618790851569917
4,2022,evergreen_forest,51400927,594423300,8.64719249733313
4,2023,evergreen_forest,51330873,594423300,8.635407293085583
4,2024,evergreen_forest,56307175,594428518,9.472488835066288
5,2014,evergreen_forest,46180991,532659059,8.669896854227725
5,2015,evergreen_forest,47357982,532659042,8.890862308876379
5,2016,evergreen_forest,47551651,532654436,8.927298410784285
5,2017,evergreen_forest,47525351,532654436,8.922360875635325
5,2018,evergreen_forest,46478743,532654418,8.725872053125446
5,2019,evergreen_forest,51382672,532654418,9.646530708020899
5,2020,evergreen_forest,51031799,532654418,9.580658166999378
5,2021,evergreen_forest,50235586,532654418,9.431177946223286
5,2022,evergreen_forest,50440759,532654418,9.469696917073163
5,2023,evergreen_forest,50581006,532654418,9.496026746557465
5,2024,evergreen_forest,54878605,532664347,10.302661574606944
6,2014,evergreen_forest,34489630,470187316,7.335295705850134
6,2015,evergreen_forest,34776467,470187316,7.396300541633496
6,2016,evergreen_forest,34731018,470182843,7.386704665444375
6,2017,evergreen_forest,35101728,470182843,7.4655484611121805
6,2018,evergreen_forest,33989158,470182843,7.2289234934929345
6,2019,evergreen_forest,38797081,470182843,8.251488028030831
6,2020,evergreen_forest,38512102,470182843,8.190877777307582
6,2021,evergreen_forest,38397078,470182843,8.166414102864234
6,2022,evergreen_forest,38505355,470182843,8.189442803637137
6,2023,evergreen_forest,38645583,470182843,8.219266945901724
6,2024,evergreen_forest,42520394,470189615,9.043243968712495
1,2013,mixed_forest,899855,293305714,0.30679763708933405
1,2014,mixed_forest,857570,293305714,0.29238093874979876
1,2015,mixed_forest,762946,293305714,0.2601197193178446
1,2016,mixed_forest,855877,293306091,0.2918033502413695
1,2017,mixed_forest,802444,293306091,0.2735858628997923
1,2018,mixed_forest,927224,293306091,0.3161284502611983
1,2019,mixed_forest,3733225,293306091,1.272808548663928
1,2020,mixed_forest,3784937,293306091,1.2904392769668054
1,2021,mixed_forest,2778771,293306091,0.947396281654444
1,2022,mixed_forest,2829263,293306091,0.9646110622366857
1,2023,mixed_forest,2766521,293306091,0.9432197574103567
1,2024,mixed_forest,1715818,293305156,0.5849941485515515
2,2014,mixed_forest,1928810,606087765,0.3182393889769413
2,2015,mixed_forest,1793801,606087761,0.29596390414489826
2,2016,mixed_forest,1839392,606091878,0.30348402061906526
2,2017,mixed_forest,1758255,606091881,0.29009710493053115
2,2018,mixed_forest,2055011,606091869,0.33905932501463737
2,2019,mixed_forest,11935985,606091869,1.9693359390703193
2,2020,mixed_forest,12250532,606091869,2.0212335169934446
2,2021,mixed_forest,9488748,606091869,1.5655626622504648
2,2022,mixed_forest,9601818,606091869,1.5842182499234287
2,2023,mixed_forest,9424717,606091869,1.554998092211661
2,2024,mixed_forest,6623061,606093546,1.0927456732891856
3,2014,mixed_forest,2845080,649354781,0.4381395322320727
3,2015,mixed_forest,2931784,649354781,0.45149186327466184
3,2016,mixed_forest,2901667,649353505,0.44685475286685333
3,2017,mixed_forest,2637564,649353505,0.40618306972871426
3,2018,mixed_forest,3149979,649353505,0.4850946326993338
3,2019,mixed_forest,21097743,649353505,3.2490381337049996
3,2020,mixed_forest,21693665,649353505,3.3408097181211027
3,2021,mixed_forest,16860719,649353505,2.5965393071990888
3,2022,mixed_forest,17127738,649353505,2.6376600523623877
3,2023,mixed_forest,17078393,649353505,2.6300609557809347
3,2024,mixed_forest,12222793,649354822,1.882298026578757
4,2014,mixed_forest,4473241,594424191,0.7525334715053681
4,2015,mixed_forest,4309780,594424200,0.7250344114522929
4,2016,mixed_forest,4301362,594423304,0.7236193418150376
4,2017,mixed_forest,3950162,594423304,0.6645368668116686
4,2018,mixed_forest,4786820,594423300,0.8052880834247245
4,2019,mixed_forest,24544454,594423300,4.129120443293525
4,2020,mixed_forest,25020632,594423300,4.209228003007285
4,2021,mixed_forest,20509945,594423300,3.450393852327121
4,2022,mixed_forest,20782858,594423300,3.496306083560318
4,2023,mixed_forest,20748109,594423300,3.490460249455228
4,2024,mixed_forest,15122697,594428518,2.5440732639950494
5,2014,mixed_forest,6468871,532659059,1.2144486967225314
5,2015,mixed_forest,6295973,532659042,1.1819893221675566
5,2016,mixed_forest,6246192,532654436,1.1726537090174538
5,2017,mixed_forest,5898961,532654436,1.1074649155836562
5,2018,mixed_forest,6971172,532654418,1.308760758274608
5,2019,mixed_forest,26412150,532654418,4.958590243026952
5,2020,mixed_forest,26963926,532654418,5.062180109430726
5,2021,mixed_forest,23181968,532654418,4.352159151714761
5,2022,mixed_forest,23276437,532654418,4.369894665925779
5,2023,mixed_forest,23274344,532654418,4.369501728229353
5,2024,mixed_forest,17064703,532664347,3.2036503092631428
6,2014,mixed_forest,6999098,470187316,1.4885765229787695
6,2015,mixed_forest,6975860,470187316,1.4836342373812568
6,2016,mixed_forest,6698811,470182843,1.4247246788628567
6,2017,mixed_forest,6460995,470182843,1.3741452067403488
6,2018,mixed_forest,7680302,470182843,1.633471342977098
6,2019,mixed_forest,24231055,470182843,5.153538747903653
6,2020,mixed_forest,24957733,470182843,5.30809096324257
6,2021,mixed_forest,21596906,470182843,4.593299462439126
6,2022,mixed_forest,21650202,470182843,4.604634627214588
6,2023,mixed_forest,21647631,470182843,4.604087818661643
6,2024,mixed_forest,17195765,470189615,3.6571979583173055
1,2013,all_forest,37876780,293305714,12.91375455440326
1,2014,all_forest,36181268,293305714,12.335684670636864
1,2015,all_forest,38173762,293305714,13.015007951737347
1,2016,all_forest,38159937,293306091,13.010277717007929
1,2017,all_forest,38049048,293306091,12.972471137668942
1,2018,all_forest,36830871,293306091,12.55714495202897
1,2019,all_forest,40977000,293306091,13.970729302038258
1,2020,all_forest,40653472,293306091,13.86042542157776
1,2021,all_forest,37091767,293306091,12.646095031146148
1,2022,all_forest,37178310,293306091,12.675601066873174
1,2023,all_forest,37020611,293306091,12.621835050810452
1,2024,all_forest,37810743,293305156,12.891264345861005
2,2014,all_forest,107959601,606087765,17.81253594518609
2,2015,all_forest,112435152,606087761,18.550968891780673
2,2016,all_forest,112659142,606091878,18.587799323719036
2,2017,all_forest,112453456,606091881,18.553862792958284
2,2018,all_forest,109794944,606091869,18.115231306625564
2,2019,all_forest,119837571,606091869,19.77217928986934
2,2020,all_forest,118819735,606091869,19.604245012565908
2,2021,all_forest,109982717,606091869,18.146212253509045
2,2022,all_forest,110402197,606091869,18.215422883358297
2,2023,all_forest,109990886,606091869,18.147560068983534
2,2024,all_forest,112152009,606093546,18.504075771828134
3,2014,all_forest,160232939,649354781,24.675715600837318
3,2015,all_forest,166395865,649354781,25.624800166058993
3,2016,all_forest,166789893,649353505,25.685530564742237
3,2017,all_forest,166745156,649353505,25.678641097040046
3,2018,all_forest,163245967,649353505,25.13976836084068
3,2019,all_forest,174826008,649353505,26.92308683234104
3,2020,all_forest,173565965,649353505,26.729041063696116
3,2021,all_forest,162281580,649353505,24.991253415964852
3,2022,all_forest,162815362,649353505,25.073455482464826
3,2023,all_forest,162333872,649353505,24.999306348550473
3,2024,all_forest,164981512,649354822,25.40698958573376
4,2014,all_forest,178504005,594424191,30.029734271026665
4,2015,all_forest,185106968,594424200,31.140550468840267
4,2016,all_forest,185671504,594423304,31.23556945876402
4,2017,all_forest,185444209,594423304,31.1973315568395
4,2018,all_forest,182041908,594423300,30.624961706581825
4,2019,all_forest,192452486,594423300,32.37633619005177
4,2020,all_forest,191243611,594423300,32.17296680665108
4,2021,all_forest,180171668,594423300,30.310330702043476
4,2022,all_forest,180576168,594423300,30.378379851530045
4,2023,all_forest,180279629,594423300,30.328493011629927
4,2024,all_forest,183019335,594428518,30.78912425261535
5,2014,all_forest,180051009,532659059,33.80229923020985
5,2015,all_forest,186658996,532659042,35.042866314470636
5,2016,all_forest,187105940,532654436,35.12707814940642
5,2017,all_forest,187282101,532654436,35.16015043569448
5,2018,all_forest,183306052,532654418,34.413692218732336
5,2019,all_forest,190743298,532654418,35.80995323688463
5,2020,all_forest,189633135,532654418,35.60153236164466
5,2021,all_forest,179451175,532654418,33.68998152194055
5,2022,all_forest,179755236,532654418,33.747065625577896
5,2023,all_forest,179566261,532654418,33.7115876508134
5,2024,all_forest,181197081,532664347,34.01712204327428
6,2014,all_forest,148278607,470187316,31.536071253780907
6,2015,all_forest,153240700,470187316,32.591415120181594
6,2016,all_forest,153193663,470182843,32.5817211922384
6,2017,all_forest,153423044,470182843,32.63050668141883
6,2018,all_forest,150881116,470182843,32.08988125498233
6,2019,all_forest,156190350,470182843,33.21906622611493
6,2020,all_forest,155577243,470182843,33.08866865650391
6,2021,all_forest,148553110,470182843,31.59475344786241
6,2022,all_forest,148613718,470182843,31.607643752326368
6,2023,all_forest,148515615,470182843,31.586778890611285
6,2024,all_forest,150919584,470189615,32.09760045423376
