hub_id,ring_index,2018,2019,valid_pixel_change_2018_2019
1,1,5646896.0,5646896.0,0.0
1,2,13394477.0,13394477.0,0.0
1,3,18048051.0,18048051.0,0.0
1,4,15219000.0,15219000.0,0.0
1,5,7198601.0,7198601.0,0.0
1,6,2005413.0,2005413.0,0.0
3,1,5646896.0,5646896.0,0.0
3,2,13392935.0,13392935.0,0.0
3,3,16350274.0,16350274.0,0.0
3,4,3678863.0,3678863.0,0.0
5,1,5475136.0,5475136.0,0.0
5,2,11814129.0,11814129.0,0.0
5,3,13887968.0,13887968.0,0.0
5,4,5228426.0,5228426.0,0.0
5,5,612632.0,612632.0,0.0
6,1,5646896.0,5646896.0,0.0
6,2,16803956.0,16803956.0,0.0
6,3,22032782.0,22032782.0,0.0
6,4,26619348.0,26619348.0,0.0
6,5,17557930.0,17557930.0,0.0
6,6,4186165.0,4186165.0,0.0
7,1,5474482.0,5474482.0,0.0
7,2,11673555.0,11673555.0,0.0
7,3,10923663.0,10923663.0,0.0
7,4,3596813.0,3596813.0,0.0
7,5,72434.0,72434.0,0.0
8,1,5475136.0,5475136.0,0.0
8,2,11813153.0,11813153.0,0.0
8,3,13838416.0,13838416.0,0.0
8,4,9801971.0,9801971.0,0.0
8,5,5743624.0,5743624.0,0.0
8,6,1511037.0,1511037.0,0.0
9,1,5474482.0,5474482.0,0.0
9,2,11810667.0,11810667.0,0.0
9,3,17278866.0,17278866.0,0.0
9,4,16529820.0,16529820.0,0.0
9,5,13494100.0,13494100.0,0.0
9,6,9535881.0,9535881.0,0.0
10,1,4247082.0,4247082.0,0.0
10,2,9287609.0,9287609.0,0.0
10,3,6994161.0,6994161.0,0.0
10,4,2237096.0,2237096.0,0.0
10,5,305437.0,305437.0,0.0
11,1,4247082.0,4247082.0,0.0
11,2,5121696.0,5121696.0,0.0
11,3,1635259.0,1635259.0,0.0
11,4,657268.0,657268.0,0.0
12,1,5552111.0,5552111.0,0.0
12,2,11595780.0,11595780.0,0.0
12,3,7128577.0,7128577.0,0.0
12,4,793366.0,793366.0,0.0
13,1,2921669.0,2921669.0,0.0
13,2,8356683.0,8356683.0,0.0
13,3,8351341.0,8351341.0,0.0
13,4,1940420.0,1940420.0,0.0
14,1,5646896.0,5646896.0,0.0
14,2,16341021.0,16341021.0,0.0
14,3,16656252.0,16656252.0,0.0
14,4,18539486.0,18539486.0,0.0
14,5,18886518.0,18886518.0,0.0
14,6,19306196.0,19306196.0,0.0
15,1,2921669.0,2921669.0,0.0
15,2,8302474.0,8302474.0,0.0
15,3,10300080.0,10300080.0,0.0
15,4,11291781.0,11291781.0,0.0
15,5,9264443.0,9264443.0,0.0
15,6,7026334.0,7026334.0,0.0
16,1,5646896.0,5646896.0,0.0
16,2,13101763.0,13101763.0,0.0
16,3,11511680.0,11511680.0,0.0
16,4,7686705.0,7686705.0,0.0
16,5,4881063.0,4881063.0,0.0
16,6,3636513.0,3636513.0,0.0
17,1,5552111.0,5552111.0,0.0
17,2,11951009.0,11951009.0,0.0
17,3,7660799.0,7660799.0,0.0
17,4,1089610.0,1089610.0,0.0
18,1,5646896.0,5646896.0,0.0
18,2,9293668.0,9293668.0,0.0
18,3,3977934.0,3977934.0,0.0
18,4,977563.0,977563.0,0.0
19,1,5646896.0,5646896.0,0.0
19,2,10252979.0,10252979.0,0.0
19,3,4129639.0,4129639.0,0.0
19,4,1600296.0,1600296.0,0.0
20,1,5646896.0,5646896.0,0.0
20,2,10284849.0,10284849.0,0.0
20,3,6155618.0,6155618.0,0.0
20,4,531826.0,531826.0,0.0
20,5,246154.0,246154.0,0.0
21,1,5646896.0,5646896.0,0.0
21,2,16942104.0,16942104.0,0.0
21,3,28238842.0,28238842.0,0.0
21,4,39546065.0,39546065.0,0.0
21,5,47401338.0,47401338.0,0.0
21,6,43866639.0,43866639.0,0.0
22,1,4904009.0,4904009.0,0.0
22,2,5118847.0,5118847.0,0.0
22,3,249306.0,249306.0,0.0
23,1,5646896.0,5646896.0,0.0
23,2,8016929.0,8016929.0,0.0
23,3,2220265.0,2220265.0,0.0
23,4,463803.0,463803.0,0.0
24,1,5646896.0,5646896.0,0.0
24,2,16773199.0,16773199.0,0.0
24,3,17547459.0,17547459.0,0.0
24,4,18108827.0,18108827.0,0.0
24,5,18322092.0,18322092.0,0.0
24,6,19694163.0,19694163.0,0.0
25,1,5451973.0,5451973.0,0.0
25,2,11757831.0,11757831.0,0.0
25,3,17232925.0,17232925.0,0.0
25,4,22857243.0,22857243.0,0.0
25,5,20679243.0,20679243.0,0.0
25,6,10745430.0,10745430.0,0.0
27,1,5646896.0,5646896.0,0.0
27,2,11128009.0,11128009.0,0.0
27,3,8711019.0,8711019.0,0.0
27,4,9118561.0,9118561.0,0.0
27,5,9496994.0,9496994.0,0.0
27,6,9966865.0,9966865.0,0.0
28,1,5002695.0,5002695.0,0.0
28,2,2942907.0,2942907.0,0.0
29,1,5646896.0,5646896.0,0.0
29,2,8289741.0,8289741.0,0.0
30,1,5368974.0,5368974.0,0.0
30,2,6091680.0,6091680.0,0.0
30,3,788957.0,788957.0,0.0
31,1,5428659.0,5428659.0,0.0
31,2,8182657.0,8182657.0,0.0
31,3,4573312.0,4573312.0,0.0
31,4,1435424.0,1435424.0,0.0
31,5,12274.0,12274.0,0.0
34,1,4463813.0,4463813.0,0.0
34,2,11152052.0,11152052.0,0.0
34,3,15236809.0,15236809.0,0.0
34,4,15835189.0,15835189.0,0.0
34,5,23643738.0,23643738.0,0.0
34,6,23524765.0,23524765.0,0.0
35,1,5451973.0,5451973.0,0.0
35,2,11756448.0,11756448.0,0.0
35,3,16754412.0,16754412.0,0.0
35,4,14941459.0,14941459.0,0.0
35,5,14005596.0,14005596.0,0.0
35,6,13200730.0,13200730.0,0.0
36,1,5562783.0,5562783.0,0.0
36,2,10303580.0,10303580.0,0.0
36,3,12918553.0,12918553.0,0.0
36,4,12680595.0,12680595.0,0.0
36,5,11956974.0,11956974.0,0.0
36,6,10576665.0,10576665.0,0.0
37,1,5284841.0,5284841.0,0.0
37,2,5196539.0,5196539.0,0.0
37,3,3392973.0,3392973.0,0.0
37,4,3077507.0,3077507.0,0.0
37,5,2807938.0,2807938.0,0.0
37,6,2554639.0,2554639.0,0.0
38,1,5344534.0,5344534.0,0.0
38,2,3697099.0,3697099.0,0.0
39,1,5023783.0,5023783.0,0.0
39,2,8273771.0,8273771.0,0.0
39,3,5097000.0,5097000.0,0.0
39,4,3245822.0,3245822.0,0.0
39,5,353638.0,353638.0,0.0
40,1,3908328.0,3908328.0,0.0
40,2,4866750.0,4866750.0,0.0
40,3,2254837.0,2254837.0,0.0
40,4,1954726.0,1954726.0,0.0
40,5,1690106.0,1690106.0,0.0
40,6,1437140.0,1437140.0,0.0
41,1,5124691.0,5124691.0,0.0
41,2,4920670.0,4920670.0,0.0
41,3,967256.0,967256.0,0.0
42,1,3908328.0,3908328.0,0.0
42,2,5312420.0,5312420.0,0.0
42,3,4853948.0,4853948.0,0.0
42,4,4507603.0,4507603.0,0.0
42,5,3875454.0,3875454.0,0.0
42,6,3418179.0,3418179.0,0.0
43,1,5646896.0,5646896.0,0.0
43,2,15484086.0,15484086.0,0.0
43,3,17859365.0,17859365.0,0.0
43,4,21101688.0,21101688.0,0.0
43,5,24106885.0,24106885.0,0.0
43,6,25551808.0,25551808.0,0.0
44,1,2777327.0,2777327.0,0.0
44,2,2937543.0,2937543.0,0.0
44,3,594925.0,594925.0,0.0
45,1,3023726.0,3023726.0,0.0
45,2,7077052.0,7077052.0,0.0
45,3,4333123.0,4333123.0,0.0
45,4,2061145.0,2061145.0,0.0
45,5,405310.0,405310.0,0.0
46,1,5646896.0,5646896.0,0.0
46,2,9094302.0,9094302.0,0.0
46,3,1559267.0,1559267.0,0.0
47,1,4024286.0,4024286.0,0.0
47,2,5892394.0,5892394.0,0.0
47,3,9562824.0,9562824.0,0.0
47,4,14539289.0,14539289.0,0.0
47,5,18011049.0,18011049.0,0.0
47,6,18553805.0,18553805.0,0.0
48,1,5646896.0,5646896.0,0.0
48,2,16942104.0,16942104.0,0.0
48,3,27757576.0,27757576.0,0.0
48,4,30402523.0,30402523.0,0.0
48,5,26028405.0,26028405.0,0.0
48,6,15518058.0,15518058.0,0.0
49,1,5646896.0,5646896.0,0.0
49,2,13496280.0,13496280.0,0.0
49,3,12702826.0,12702826.0,0.0
49,4,12645719.0,12645719.0,0.0
49,5,11524457.0,11524457.0,0.0
49,6,11160481.0,11160481.0,0.0
50,1,5646896.0,5646896.0,0.0
50,2,13647918.0,13647918.0,0.0
50,3,13496382.0,13496382.0,0.0
50,4,5410879.0,5410879.0,0.0
50,5,3063361.0,3063361.0,0.0
50,6,749446.0,749446.0,0.0
51,1,5646896.0,5646896.0,0.0
51,2,15149844.0,15149844.0,0.0
51,3,18118516.0,18118516.0,0.0
51,4,19345908.0,19345908.0,0.0
51,5,24814825.0,24814825.0,0.0
51,6,29960615.0,29960615.0,0.0
52,1,5646896.0,5646896.0,0.0
52,2,16942104.0,16942104.0,0.0
52,3,23413402.0,23413402.0,0.0
52,4,26633284.0,26633284.0,0.0
52,5,22978205.0,22978205.0,0.0
52,6,16811109.0,16811109.0,0.0
53,1,5646896.0,5646896.0,0.0
53,2,16942104.0,16942104.0,0.0
53,3,28238842.0,28238842.0,0.0
53,4,39546065.0,39546065.0,0.0
53,5,50840493.0,50840493.0,0.0
53,6,60363225.0,60363225.0,0.0
55,1,5240304.0,5240304.0,0.0
55,2,11317201.0,11317201.0,0.0
55,3,14520513.0,14520513.0,0.0
55,4,9301197.0,9301197.0,0.0
55,5,7891222.0,7891222.0,0.0
55,6,7042138.0,7042138.0,0.0
56,1,5240304.0,5240304.0,0.0
56,2,11318528.0,11318528.0,0.0
56,3,16233989.0,16233989.0,0.0
56,4,14975887.0,14975887.0,0.0
56,5,7877052.0,7877052.0,0.0
56,6,5617476.0,5617476.0,0.0
57,1,5646896.0,5646896.0,0.0
57,2,16942104.0,16942104.0,0.0
57,3,27543694.0,27543694.0,0.0
57,4,34718183.0,34718183.0,0.0
57,5,38708320.0,38708320.0,0.0
57,6,30308763.0,30308763.0,0.0
58,1,5646896.0,5646896.0,0.0
58,2,16942104.0,16942104.0,0.0
58,3,22923032.0,22923032.0,0.0
58,4,16026634.0,16026634.0,0.0
58,5,7276639.0,7276639.0,0.0
58,6,5769929.0,5769929.0,0.0
59,1,5449458.0,5449458.0,0.0
59,2,11210363.0,11210363.0,0.0
59,3,16034775.0,16034775.0,0.0
59,4,10588986.0,10588986.0,0.0
59,5,8020456.0,8020456.0,0.0
59,6,6265380.0,6265380.0,0.0
60,1,3877081.0,3877081.0,0.0
60,2,4607727.0,4607727.0,0.0
60,3,4533159.0,4533159.0,0.0
60,4,3340495.0,3340495.0,0.0
60,5,2223900.0,2223900.0,0.0
60,6,1276044.0,1276044.0,0.0
61,1,5380190.0,5380190.0,0.0
61,2,11613986.0,11613986.0,0.0
61,3,15085505.0,15085505.0,0.0
61,4,13256928.0,13256928.0,0.0
61,5,5363097.0,5363097.0,0.0
61,6,4274611.0,4274611.0,0.0
62,1,5197567.0,5197567.0,0.0
62,2,6276385.0,6276385.0,0.0
62,3,9756921.0,9756921.0,0.0
62,4,15671177.0,15671177.0,0.0
62,5,19495698.0,19495698.0,0.0
62,6,22132139.0,22132139.0,0.0
63,1,5646896.0,5646896.0,0.0
63,2,16942104.0,16942104.0,0.0
63,3,27185636.0,27185636.0,0.0
63,4,29064831.0,29064831.0,0.0
63,5,21516723.0,21516723.0,0.0
63,6,22635062.0,22635062.0,0.0
