hub_id,ring_index,valid_2018,valid_2019,common_valid
49,1,5647888,5647888,5647888
42,1,3909338,3909338,3909338
44,1,2777446,2777446,2777446
19,1,5647892,5647892,5647892
40,1,3909338,3909338,3909338
60,1,3877983,3877983,3877983
52,1,5647886,5647886,5647886
25,1,5453133,5453133,5453133
20,1,5647891,5647891,5647891
53,1,5647891,5647891,5647891
55,1,5240566,5240566,5240566
48,1,5647892,5647892,5647892
6,1,5647920,5647920,5647920
17,1,5552141,5552141,5552141
15,1,2921286,2921286,2921286
29,1,5647892,5647892,5647892
63,1,5647892,5647892,5647892
45,1,3023088,3023088,3023088
9,1,5474734,5474734,5474734
51,1,5647894,5647894,5647894
14,1,5647912,5647912,5647912
46,1,5647902,5647902,5647902
37,1,5284944,5284944,5284944
26,1,0,0,0
50,1,5647896,5647896,5647896
47,1,4026568,4026568,4026568
61,1,5382194,5382194,5382194
24,1,5647895,5647895,5647895
23,1,5647903,5647903,5647903
5,1,5475512,5475512,5475512
34,1,4465002,4465002,4465002
8,1,5475510,5475510,5475510
16,1,5647890,5647890,5647890
12,1,5552126,5552126,5552126
7,1,5474737,5474737,5474737
43,1,5647884,5647884,5647884
62,1,5197084,5197084,5197084
21,1,5647893,5647893,5647893
18,1,5647911,5647911,5647911
39,1,5025187,5025187,5025187
58,1,5647923,5647923,5647923
56,1,5240560,5240560,5240560
11,1,4247826,4247826,4247826
59,1,5450372,5450372,5450372
38,1,5345580,5345580,5345580
22,1,4904666,4904666,4904666
28,1,5003741,5003741,5003741
10,1,4247809,4247809,4247809
57,1,5647899,5647899,5647899
36,1,5563279,5563279,5563279
30,1,5369558,5369558,5369558
35,1,5453129,5453129,5453129
31,1,5429815,5429815,5429815
41,1,5124841,5124841,5124841
13,1,2921299,2921299,2921299
1,1,5647901,5647901,5647901
3,1,5647917,5647917,5647917
27,1,5647889,5647889,5647889
