ring_index,year,141,142,143
1,2014,9.679801192008144,2.36350253987892,0.2923809387497988
1,2015,10.244367077008258,2.510521155411244,0.2601197193178446
1,2016,10.201257975239253,2.5172163915273074,0.29180335024136955
1,2017,10.199131868693447,2.4997534060757025,0.2735858628997923
1,2018,9.835828469037828,2.4051880327299444,0.3161284502611983
1,2019,9.673473845451099,3.0244469079232315,1.272808548663928
1,2020,9.507683220939315,3.0623029236716395,1.2904392769668054
1,2021,8.748367247511405,2.950331501980298,0.947396281654444
1,2022,8.760034240134482,2.950955764502006,0.9646110622366857
1,2023,8.731441584689081,2.9471737087110133,0.9432197574103567
1,2024,9.089080588818561,3.2171896084908918,0.5849941485515516
2,2014,13.870724151641637,3.6235724045675135,0.3182393889769413
2,2015,14.502378641498423,3.752626346137354,0.2959639041448982
2,2016,14.530799569632247,3.7535157334677236,0.30348402061906526
2,2017,14.508404873352857,3.7553608146748956,0.29009710493053115
2,2018,14.105015159013789,3.6711568225971365,0.33905932501463737
2,2019,13.386188653852408,4.416654696946611,1.9693359390703193
2,2020,13.174633926659723,4.4083775689127425,2.021233516993444
2,2021,12.262354405549697,4.318295185708885,1.5655626622504648
2,2022,12.291547339665764,4.339657293769107,1.5842182499234285
2,2023,12.253665953733492,4.338896023038382,1.554998092211661
2,2024,12.7175533395302,4.693776759008749,1.0927456732891856
3,2014,18.46532473593969,5.772251332665555,0.4381395322320727
3,2015,19.245449430209092,5.927858872575237,0.45149186327466184
3,2016,19.307740242350736,5.930935569524646,0.44685475286685333
3,2017,19.36127518092014,5.911182846391196,0.40618306972871426
3,2018,18.84616592621611,5.80850780192524,0.4850946326993338
3,2019,16.820766063317084,6.853282635318955,3.249038133704999
3,2020,16.549179787672045,6.839051557902964,3.3408097181211023
3,2021,15.619642801496852,6.775071307268912,2.5965393071990888
3,2022,15.645924941915885,6.789870488186554,2.6376600523623877
3,2023,15.587814067470077,6.781431325299462,2.6300609557809347
3,2024,16.160714057190752,7.36397750196425,1.8822980265787568
4,2014,21.658135040469777,7.6190657590515185,0.7525334715053681
4,2015,22.599523370683762,7.8159926867042095,0.7250344114522929
4,2016,22.66622457318733,7.845725543761656,0.7236193418150375
4,2017,22.730911976492767,7.8018827135350675,0.6645368668116686
4,2018,22.151829344509206,7.667844278647892,0.8052880834247245
4,2019,19.53706962698131,8.710146119776933,4.129120443293525
4,2020,19.315559131009838,8.648179672633963,4.209228003007285
4,2021,18.24114599814644,8.618790851569917,3.450393852327121
4,2022,18.2348812706366,8.64719249733313,3.496306083560318
4,2023,18.202625469089114,8.635407293085585,3.490460249455228
4,2024,18.772562153554013,9.472488835066288,2.5440732639950494
5,2014,23.917953679259586,8.669896854227725,1.2144486967225314
5,2015,24.9700146834267,8.890862308876379,1.1819893221675564
5,2016,25.02712602960468,8.927298410784285,1.1726537090174538
5,2017,25.130324644475504,8.922360875635324,1.1074649155836562
5,2018,24.379059407332278,8.725872053125446,1.308760758274608
5,2019,21.20483228583678,9.646530708020899,4.958590243026953
5,2020,20.958694085214553,9.580658166999378,5.062180109430726
5,2021,19.906644424002508,9.431177946223286,4.352159151714761
5,2022,19.907474042578954,9.469696917073163,4.369894665925778
5,2023,19.846059176026586,9.496026746557465,4.369501728229352
5,2024,20.51081015940419,10.302661574606944,3.203650309263143
6,2014,22.712199024952003,7.335295705850134,1.4885765229787695
6,2015,23.711480341166837,7.396300541633496,1.4836342373812568
6,2016,23.77029184793117,7.386704665444375,1.4247246788628567
6,2017,23.790813013566297,7.46554846111218,1.3741452067403488
6,2018,23.227486418512296,7.228923493492935,1.633471342977098
6,2019,19.81403945018045,8.251488028030831,5.153538747903654
6,2020,19.58969991595376,8.190877777307582,5.30809096324257
6,2021,18.835039882559048,8.166414102864234,4.593299462439126
6,2022,18.813566321474646,8.189442803637137,4.604634627214588
6,2023,18.763424126047916,8.219266945901724,4.604087818661644
6,2024,19.397158527203967,9.043243968712494,3.6571979583173055
