scenario,year,planting_aligned_dose_mgy,new_eligibility_mgy,existing_eligible_capacity_change_mgy,annual_dose_change_mgy
exclude_both_disputed_sites,2014,0.0,0.0,0.0,0.0
exclude_both_disputed_sites,2015,0.0,0.0,0.0,0.0
exclude_both_disputed_sites,2016,0.0,0.0,0.0,0.0
exclude_both_disputed_sites,2017,290.0,290.0,0.0,290.0
exclude_both_disputed_sites,2018,380.0,90.0,0.0,90.0
exclude_both_disputed_sites,2019,380.0,0.0,0.0,0.0
exclude_both_disputed_sites,2020,380.0,0.0,0.0,0.0
exclude_both_disputed_sites,2021,437.0,0.0,57.0,57.0
exclude_both_disputed_sites,2022,1394.0,312.0,645.0,957.0
exclude_both_disputed_sites,2023,1480.0,25.0,61.0,86.0
exclude_both_disputed_sites,2024,3668.0,2189.0,-1.0,2188.0
exclude_unverified_83388,2014,0.0,0.0,0.0,0.0
exclude_unverified_83388,2015,0.0,0.0,0.0,0.0
exclude_unverified_83388,2016,0.0,0.0,0.0,0.0
exclude_unverified_83388,2017,290.0,290.0,0.0,290.0
exclude_unverified_83388,2018,380.0,90.0,0.0,90.0
exclude_unverified_83388,2019,380.0,0.0,0.0,0.0
exclude_unverified_83388,2020,533.0,153.0,0.0,153.0
exclude_unverified_83388,2021,590.0,0.0,57.0,57.0
exclude_unverified_83388,2022,1547.0,312.0,645.0,957.0
exclude_unverified_83388,2023,1633.0,25.0,61.0,86.0
exclude_unverified_83388,2024,3942.0,2310.0,-1.0,2309.0
physical_onset_farmdoc_targeted_capacity,2014,0.0,0.0,0.0,0.0
physical_onset_farmdoc_targeted_capacity,2015,0.0,0.0,0.0,0.0
physical_onset_farmdoc_targeted_capacity,2016,0.0,0.0,0.0,0.0
physical_onset_farmdoc_targeted_capacity,2017,290.0,290.0,0.0,290.0
physical_onset_farmdoc_targeted_capacity,2018,380.0,90.0,0.0,90.0
physical_onset_farmdoc_targeted_capacity,2019,380.0,0.0,0.0,0.0
physical_onset_farmdoc_targeted_capacity,2020,533.0,153.0,0.0,153.0
physical_onset_farmdoc_targeted_capacity,2021,554.0,0.0,21.0,21.0
physical_onset_farmdoc_targeted_capacity,2022,1511.0,312.0,645.0,957.0
physical_onset_farmdoc_targeted_capacity,2023,1597.0,25.0,61.0,86.0
physical_onset_farmdoc_targeted_capacity,2024,3906.0,2310.0,-1.0,2309.0
physical_onset_snapshot_capacity,2014,0.0,0.0,0.0,0.0
physical_onset_snapshot_capacity,2015,0.0,0.0,0.0,0.0
physical_onset_snapshot_capacity,2016,0.0,0.0,0.0,0.0
physical_onset_snapshot_capacity,2017,290.0,290.0,0.0,290.0
physical_onset_snapshot_capacity,2018,380.0,90.0,0.0,90.0
physical_onset_snapshot_capacity,2019,380.0,0.0,0.0,0.0
physical_onset_snapshot_capacity,2020,533.0,153.0,0.0,153.0
physical_onset_snapshot_capacity,2021,590.0,0.0,57.0,57.0
physical_onset_snapshot_capacity,2022,1547.0,312.0,645.0,957.0
physical_onset_snapshot_capacity,2023,1633.0,25.0,61.0,86.0
physical_onset_snapshot_capacity,2024,3942.0,2310.0,-1.0,2309.0
