scenario,year,capacity_mgy,calendar_dose_mgy,planting_cutoff_dose_mgy,next_year_dose_mgy
exclude_both_disputed_sites,2013,380,0,0,0
exclude_both_disputed_sites,2014,380,0,0,0
exclude_both_disputed_sites,2015,425,0,0,0
exclude_both_disputed_sites,2016,425,0,0,0
exclude_both_disputed_sites,2017,425,380,290,0
exclude_both_disputed_sites,2018,425,380,380,380
exclude_both_disputed_sites,2019,425,380,380,380
exclude_both_disputed_sites,2020,666,437,437,437
exclude_both_disputed_sites,2021,1562,1394,1082,1082
exclude_both_disputed_sites,2022,3266,1455,1455,1455
exclude_both_disputed_sites,2023,3928,3164,1479,1454
exclude_both_disputed_sites,2024,4834,4834,4574,4024
exclude_unverified_83388,2013,380,0,0,0
exclude_unverified_83388,2014,380,0,0,0
exclude_unverified_83388,2015,425,0,0,0
exclude_unverified_83388,2016,425,0,0,0
exclude_unverified_83388,2017,425,380,290,0
exclude_unverified_83388,2018,578,380,380,380
exclude_unverified_83388,2019,578,533,380,380
exclude_unverified_83388,2020,819,590,590,590
exclude_unverified_83388,2021,1715,1547,1235,1235
exclude_unverified_83388,2022,3540,1608,1608,1608
exclude_unverified_83388,2023,4202,3438,1632,1607
exclude_unverified_83388,2024,5108,5108,4848,4298
physical_onset_farmdoc_targeted_capacity,2013,380,0,0,0
physical_onset_farmdoc_targeted_capacity,2014,380,0,0,0
physical_onset_farmdoc_targeted_capacity,2015,425,0,0,0
physical_onset_farmdoc_targeted_capacity,2016,425,0,0,0
physical_onset_farmdoc_targeted_capacity,2017,425,380,290,0
physical_onset_farmdoc_targeted_capacity,2018,578,380,380,380
physical_onset_farmdoc_targeted_capacity,2019,578,533,380,380
physical_onset_farmdoc_targeted_capacity,2020,783,554,554,554
physical_onset_farmdoc_targeted_capacity,2021,1679,1511,1199,1199
physical_onset_farmdoc_targeted_capacity,2022,3504,1572,1572,1572
physical_onset_farmdoc_targeted_capacity,2023,4166,3402,1596,1571
physical_onset_farmdoc_targeted_capacity,2024,5072,5072,4812,4262
physical_onset_snapshot_capacity,2013,380,0,0,0
physical_onset_snapshot_capacity,2014,380,0,0,0
physical_onset_snapshot_capacity,2015,425,0,0,0
physical_onset_snapshot_capacity,2016,425,0,0,0
physical_onset_snapshot_capacity,2017,425,380,290,0
physical_onset_snapshot_capacity,2018,578,380,380,380
physical_onset_snapshot_capacity,2019,578,533,380,380
physical_onset_snapshot_capacity,2020,819,590,590,590
physical_onset_snapshot_capacity,2021,1715,1547,1235,1235
physical_onset_snapshot_capacity,2022,3540,1608,1608,1608
physical_onset_snapshot_capacity,2023,4202,3438,1632,1607
physical_onset_snapshot_capacity,2024,5108,5108,4848,4298
