key,first_soy_approval,pathway_rows,retired_rows,Standardized Name,Location,2013,2014,2015,2016,2017,2018,2019,2020,2021,2022,2023,2024
"AltAir Paramount, LLC (83180)",2024-06-26,1,0,Altair Paramount LLC,"Paramount, CA",0,0,45,45,45,45,45,45,45,45,45,45
"CVR RENEWABLES WYN, LLC (83001)",2024-06-19,1,0,CVR Renewables Wynnewood LLC,"Wynnewood, OK",0,0,0,0,0,0,0,0,0,121,121,121
Chevron El Segundo (01013),2023-06-30,2,1,Chevron USA Inc,"El Segundo, CA",0,0,0,0,0,0,0,0,31,123,184,184
Cheyenne Renewable Diesel Company LLC (F00494),2023-09-28,2,0,Cheyenne Renewable Diesel Company LLC,"Cheyenne, WY",0,0,0,0,0,0,0,0,92,92,92,92
DIAMOND GREEN DIESEL - PORT ARTHUR (82621),2023-12-06,2,1,Diamond Green Diesel LLC-PA,"Port Arthur, TX",0,0,0,0,0,0,0,0,0,470,537,537
Diamond Green Diesel LLC (81496),2017-03-21,5,4,Diamond Green Diesel LLC-Norco,"Norco, LA",290,290,290,290,290,290,290,337,982,982,982,982
"Jaxon Energy, LLC (83608)",2023-03-30,3,2,"Jaxon Energy, LLC","Jackson, MS",0,0,0,0,0,0,0,0,0,25,25,25
MARTINEZ REFINERY (90001),2023-12-26,2,1,Martinez Renewables LLC,"Martinez, CA",0,0,0,0,0,0,0,0,0,731,731,731
MRL Great Falls (F00548),2024-03-07,1,0,Montana Renewables LLC,"Great Falls, MT",0,0,0,0,0,0,0,0,0,184,184,230
Marathon Dickinson Refinery (F00313),2021-06-25,4,3,Dakota Prairie Refining LLC,"Dickinson, ND",0,0,0,0,0,0,0,184,192,192,192,192
Phillips 66 Rodeo (82191),2021-12-28,7,4,Phillips 66 Co,"Rodeo, CA",0,0,0,0,0,0,0,0,120,180,180,800
"REG Geismar, LLC (80180)",2017-09-11,3,2,REG-Geismar LLC,"Geismar, LA",90,90,90,90,90,90,90,100,100,101,100,340
RENEWABLE DIESEL UNIT (RDU) / PRE-TREATMENT UNIT (PTU) (82381),2023-12-20,3,1,HF Sinclair Renewables Holding Co LLC,"Artesia, NM",0,0,0,0,0,0,0,0,0,141,141,141
Sinclair Wyoming Refining Company (83388),2019-12-27,1,1,Wyoming Renewable Diesel Co,"Sinclair, WY",0,0,0,0,0,153,153,153,153,153,153,153
St Bernard Renewables LLC (82901),2024-03-29,2,1,St Bernard Renewables,"Chalmette, LA",0,0,0,0,0,0,0,0,0,0,320,320
Vertex Renewables Mobile Site (83101),2024-06-28,1,0,Vertex Renewables LLC,"Mobile, AL",0,0,0,0,0,0,0,0,0,0,215,215
WYNNEWOOD REFINING COMPANY (82420),2023-06-28,1,0,CVR Renewables Wynnewood LLC,"Wynnewood, OK",0,0,0,0,0,0,0,0,0,121,121,121
Wyoming Renewable Diesel Company LLC (82441),2019-12-27,3,1,Wyoming Renewable Diesel Co,"Sinclair, WY",0,0,0,0,0,153,153,153,153,153,153,153
