"","REG Geismar, LLC (80180)","AltAir Paramount, LLC (83180)","Chevron El Segundo (01013)","Cheyenne Renewable Diesel Company LLC (F00494)","CVR RENEWABLES WYN, LLC (83001)","DIAMOND GREEN DIESEL - PORT ARTHUR (82621)","Diamond Green Diesel LLC (81496)","Jaxon Energy, LLC (83608)","Marathon Dickinson Refinery (F00313)","MARTINEZ REFINERY (90001)","MRL Great Falls (F00548)","Phillips 66 Rodeo (82191)","RENEWABLE DIESEL UNIT (RDU) / PRE-TREATMENT UNIT (PTU) (82381)","Sinclair Wyoming Refining Company (83388)","St Bernard Renewables LLC (82901)","Vertex Renewables Mobile Site (83101)","WYNNEWOOD REFINING COMPANY (82420)","Wyoming Renewable Diesel Company LLC (82441)"
"1",1252.053,2871.069,2896.378,1245.509,853.958,1301.314,1231.659,956.942,1658.213,3094.098,2217.016,3092.409,1574.208,1471.791,1265.936,1204.945,853.953,1245.498
"3",1275.844,2971.768,2997.078,1271.874,975.191,1431.385,1255.451,980.733,1544.597,3120.464,2224.71,3118.774,1695.44,1498.157,1289.727,1228.737,975.186,1271.863
"5",1241.182,3142.736,3168.045,1476.502,1101.921,1435.331,1220.788,946.071,1680.5,3325.091,2391.822,3323.402,1822.17,1702.784,1255.065,1144.724,1101.916,1476.49
"6",896.016,3020.924,3046.234,1644.183,980.11,1126.76,875.623,600.905,2056.887,3492.772,2615.69,3491.084,1700.359,1870.466,909.9,793.484,980.104,1644.172
"7",1084.145,3199.376,3224.685,1679.191,1158.561,1314.888,1063.751,789.034,1977.302,3527.78,2650.698,3526.091,1878.81,1905.473,1098.028,990.87,1158.555,1679.179
"8",1308.194,3201.96,3227.269,1498.87,1163.113,1496.523,1287.801,1013.083,1602.485,3347.46,2313.806,3345.77,1883.362,1725.152,1322.078,1211.737,1163.108,1498.859
"9",1088.758,3276.3,3301.61,1756.116,1235.486,1383.15,1096.914,793.647,2059.259,3604.705,2727.622,3603.016,1955.735,1982.398,1062.818,931.256,1235.48,1756.104
"10",1422.36,3382.42,3407.729,1717.622,1341.605,1653.104,1401.967,1127.249,1710.136,3566.211,2421.457,3564.522,2061.854,1943.904,1415.641,1284.078,1341.599,1717.61
"11",1445.756,3405.816,3431.125,1748.277,1365.001,1676.5,1425.363,1150.646,1740.791,3596.866,2452.112,3595.177,2085.25,1974.559,1396.271,1264.708,1364.996,1748.265
"12",1270.823,2612.472,2637.78,1022.142,672.248,1194.524,1333.36,1087.629,1434.846,2870.731,1993.649,2869.042,1392.247,1248.424,1373.118,1337.518,672.242,1022.131
"13",1513.971,2916.98,2942.289,1213.89,1180.266,1669.511,1493.577,1218.86,1296.701,3062.48,1976.034,3060.791,1900.266,1440.173,1527.854,1466.863,1180.261,1213.879
"14",1140.577,2479.218,2504.528,1179.668,552.197,1052.607,1203.114,957.382,1592.372,3028.257,2151.174,3026.568,1272.446,1405.95,1242.872,1267.107,552.192,1179.656
"15",1516.203,2919.212,2944.521,1216.122,1182.498,1671.743,1495.809,1221.092,1294.338,3064.712,1973.67,3063.023,1902.498,1442.405,1530.086,1469.095,1182.493,1216.111
"16",1415.106,3375.165,3400.474,1817.761,1334.35,1645.85,1359.638,1119.995,1847.606,3666.35,2558.927,3664.661,2054.599,2044.043,1325.542,1193.979,1334.345,1817.75
"17",1354.798,2622.319,2647.628,942.852,689.867,1271.857,1417.335,1171.604,1355.556,2791.441,1914.358,2789.752,1409.867,1169.134,1457.093,1421.493,689.862,942.84
"18",1581.251,2720.68,2745.99,1017.591,984.416,1517.352,1599.207,1324.49,1237.862,2866.18,1872.388,2864.491,1704.416,1243.873,1633.484,1572.493,984.41,1017.579
"19",1545.166,2639.079,2664.388,935.989,872.153,1481.268,1607.704,1361.972,1291.76,2784.578,1850.563,2782.89,1592.152,1162.272,1647.461,1600.002,872.147,935.978
"20",1554.773,3435.003,3460.312,1731.913,1474.018,1785.517,1508.264,1259.662,1718.928,3580.502,2430.249,3578.813,2194.267,1958.195,1474.168,1342.605,1474.012,1731.902
"21",572.048,2784.636,2809.945,1800.415,692.229,671.084,635.926,357.499,2217.962,3246.158,2776.765,3262.851,1357.748,1996.076,670.202,667.224,692.234,1800.404
"22",1686.007,2845.506,2870.815,1142.416,1108.792,1641.728,1665.614,1390.896,1143.813,2991.005,1817.392,2989.316,1828.792,1368.698,1699.89,1638.9,1108.786,1142.404
"23",1570.888,3530.947,3556.256,1815.444,1490.132,1801.631,1537.798,1275.776,1802.46,3664.034,2513.781,3662.345,2210.381,2041.727,1503.702,1372.139,1490.126,1815.433
"24",1300.285,2364.843,2390.152,1024.831,493.592,1196.124,1362.822,1140.198,1504.841,2842.799,2105.021,2841.11,1213.592,1220.492,1402.58,1449.923,493.586,1024.819
"25",772.975,3197.654,3222.963,2076.4,1105.247,1071.3,707.717,515.398,2425.813,3659.176,3047.906,3675.87,1806.905,2302.682,673.621,542.058,1105.253,2076.388
"26",772.975,3197.654,3222.963,2076.4,1105.247,1071.3,707.717,515.398,2425.813,3659.176,3047.906,3675.87,1806.905,2302.682,673.621,542.058,1105.253,2076.388
"27",1531.027,3559.04,3584.35,1993.667,1518.226,1736.34,1465.769,1242.249,1937.265,3842.256,2648.586,3840.567,2238.475,2219.949,1431.674,1300.111,1518.22,1993.655
"28",1692.957,2803.302,2828.611,1100.212,1096.122,1629.058,1736.845,1462.127,1158.584,2948.801,1750.433,2947.112,1816.122,1326.494,1771.122,1710.131,1096.116,1100.2
"29",1625.416,2629.944,2655.254,926.855,953.164,1534.928,1687.953,1442.222,1151.526,2775.444,1710.329,2773.755,1573.706,1153.137,1727.711,1718.549,953.158,926.843
"30",1544.691,2507.777,2533.086,804.687,823.854,1405.619,1607.228,1361.497,1160.866,2653.277,1719.669,2651.588,1451.539,1030.97,1646.986,1611.386,823.848,804.676
"31",1737.445,2903.494,2928.803,1200.404,1166.78,1699.716,1717.051,1442.334,1073.604,3048.994,1762.877,3047.305,1886.78,1426.687,1751.328,1690.337,1166.775,1200.393
"32",448.277,3003.078,3028.388,2018.858,822.29,665.139,427.884,143.359,2436.405,3464.6,2995.208,3481.294,1464.237,2214.52,462.16,452.739,822.285,2018.846
"34",1680.835,3477.124,3502.432,1774.034,1587.472,1911.578,1660.442,1385.724,1762.514,3622.623,2473.836,3620.934,2307.721,2000.316,1694.718,1556.985,1587.466,1774.022
"35",782.552,3288.424,3313.733,2157.748,1196.017,1080.876,717.294,524.975,2480.984,3749.946,3129.254,3766.639,1897.674,2384.03,683.198,548.074,1196.022,2157.736
"36",1578.391,2416.633,2441.942,713.543,803.065,1505.598,1640.928,1395.196,1196.997,2562.132,1797.671,2560.443,1360.394,939.825,1680.686,1645.086,803.06,713.532
"37",1620.331,2493.484,2518.792,790.394,879.916,1582.448,1682.868,1437.137,1111.146,2638.983,1669.948,2637.294,1437.245,1016.676,1722.626,1687.026,879.91,790.382
"38",1797.813,2789.261,2814.57,1086.171,1122.154,1733.914,1849.111,1574.394,1071.08,2934.76,1629.624,2933.071,1733.022,1312.453,1883.388,1822.397,1122.149,1086.16
"39",1661.47,3664.588,3689.898,1961.499,1618.801,1930.301,1596.212,1372.692,1948.514,3810.088,2659.835,3808.399,2339.05,2187.781,1562.116,1430.553,1618.796,1961.487
"40",1695.523,2635.3,2660.608,932.21,974.686,1556.451,1758.06,1512.329,1016.17,2780.799,1574.973,2779.11,1579.061,1158.492,1797.818,1762.218,974.681,932.198
"41",1914.402,2865.168,2890.478,1125.16,1241.045,1850.503,1888.253,1613.536,1037.071,2940.102,1595.615,2938.414,1812.976,1337.44,1922.53,1861.539,1241.039,1125.149
"42",1717.313,2588.886,2614.195,885.796,996.476,1578.24,1779.85,1534.118,996.459,2734.386,1555.262,2732.697,1565.352,1112.079,1819.608,1784.008,996.47,885.785
"43",1857.813,3112.604,3137.914,1344.092,1375.891,1908.827,1837.42,1562.702,941.506,3159.034,1652.827,3157.346,2095.89,1556.372,1871.696,1810.706,1375.885,1344.08
"44",1911.267,2922.986,2948.295,1182.978,1314.432,1847.368,1885.119,1610.401,930.184,2997.92,1653.433,2996.231,1870.178,1395.258,1919.395,1858.405,1314.426,1182.966
"45",1914.639,2927.537,2952.846,1187.528,1317.804,1850.74,1888.491,1613.773,929.364,3002.471,1657.984,3000.782,1874.728,1399.808,1922.768,1861.777,1317.799,1187.517
"46",1808.806,2680.38,2705.69,977.291,1087.969,1669.734,1871.343,1625.612,974.157,2825.88,1532.701,2824.191,1659.9,1203.573,1911.101,1875.501,1087.964,977.279
"47",1718.924,3684.777,3710.086,1981.687,1676.255,1987.754,1653.666,1430.146,1968.702,3830.276,2680.024,3828.588,2396.504,2207.97,1619.57,1488.007,1676.25,1981.676
"48",935.43,3594.166,3619.475,2324.685,1501.759,1234.34,870.172,709.836,2647.921,4055.688,3296.192,4072.382,2121.914,2550.968,836.076,614.49,1501.764,2324.674
"49",1945.932,2768.378,2793.687,1028.369,1225.095,1806.86,2008.469,1762.737,781.384,2843.312,1492.705,2841.623,1761.102,1240.649,2048.226,2012.626,1225.089,1028.358
"50",2054.393,2876.839,2902.148,1136.831,1333.556,1915.321,2116.93,1871.199,732.784,2951.774,1444.105,2950.084,1869.563,1349.111,2156.688,2079.711,1333.551,1136.819
"51",82.465,3026.619,3051.928,2198.96,1020.921,412.718,11.766,291.238,2776.278,3563.931,3279.151,3580.624,1568.592,2394.622,47.492,266.018,1020.915,2198.949
"52",1265.735,3930.169,3955.478,2636.99,1837.763,1564.645,1200.477,1045.839,2775.468,4391.691,3486.79,4408.385,2457.918,2863.272,1166.381,944.795,1837.768,2636.978
"53",1780.613,1955.028,1980.337,463.578,879.908,1582.441,1843.15,1643.159,1066.483,2281.547,1543.769,2279.858,940.5,659.24,1882.908,1952.884,879.903,463.567
"55",2235.162,2863.407,2888.716,1317.599,1514.325,2096.09,2297.699,2051.968,470.642,2813.16,1181.963,2811.472,2050.332,1335.679,2337.456,2301.856,1514.319,1317.588
"56",2261.284,2843.096,2868.406,1159.718,1540.447,2122.212,2323.821,2078.089,450.332,2792.85,1161.652,2791.161,2076.454,1315.368,2363.578,2327.978,1540.441,1159.706
"57",848.624,3761.435,3786.744,2686.634,1643.702,1147.534,783.366,779.295,3009.87,4231.287,3658.141,4247.981,2191.373,2912.916,749.271,524.464,1643.696,2686.622
"58",1447.735,4112.169,4137.478,2769.746,2019.763,1746.645,1382.477,1227.839,2817.426,4573.691,3528.746,4590.385,2639.918,2996.028,1348.381,1126.796,2019.768,2769.734
"59",1705.206,4283.576,4308.885,2912.837,2191.169,2004.116,1639.948,1453.7,2947.155,4745.098,3658.476,4759.738,2865.778,3139.12,1605.853,1384.267,2191.174,2912.826
"60",1766.279,4373.42,4398.73,2900.768,2281.014,2065.189,1701.021,1540.685,2909.584,4749.357,3620.905,4747.668,2982.672,3127.05,1666.925,1445.339,2281.02,2900.756
"61",2462.294,3078.777,3104.086,1544.731,1741.456,2323.221,2524.83,2279.099,686.012,3028.53,1257.157,3026.841,2277.464,1551.048,2564.588,2528.988,1741.451,1544.72
"62",2031.063,4427.503,4452.812,2818.074,2402.313,2329.388,1965.805,1773.487,2805.089,4666.663,3516.41,4664.974,3103.97,3044.356,1931.71,1661.5,2402.318,2818.062
"63",2612.63,2682.782,2708.091,1113.169,1755.428,2457.96,2675.167,2429.436,290.017,2568.415,907.766,2566.726,2048.096,1155.053,2714.925,2679.325,1755.422,1113.158
